{
	"$schema": "http://schema.management.azure.com/schemas/2015-01-01/deploymentTemplate.json#",
	"contentVersion": "1.0.0.0",
	"parameters": {
		"factoryName": {
			"type": "string",
			"metadata": "Data Factory name",
			"defaultValue": "PlanetFitnessDF"
		}
	},
	"variables": {
		"factoryId": "[concat('Microsoft.DataFactory/factories/', parameters('factoryName'))]"
	},
	"resources": [
		{
			"name": "[concat(parameters('factoryName'), '/AzureSynapseAnalyticsTable10')]",
			"type": "Microsoft.DataFactory/factories/datasets",
			"apiVersion": "2018-06-01",
			"properties": {
				"linkedServiceName": {
					"referenceName": "AzureSynapseAnalytics1",
					"type": "LinkedServiceReference"
				},
				"annotations": [],
				"type": "AzureSqlDWTable",
				"schema": [
					{
						"name": "VPD_ID",
						"type": "decimal",
						"precision": 6,
						"scale": 0
					},
					{
						"name": "ATL_ID",
						"type": "nvarchar"
					},
					{
						"name": "ATL_CREATED",
						"type": "datetime2",
						"scale": 6
					},
					{
						"name": "ATL_MODIFIED",
						"type": "datetime2",
						"scale": 6
					},
					{
						"name": "ATL_DEAD_COLUMN_2",
						"type": "nvarchar"
					},
					{
						"name": "ATL_ABC_ID",
						"type": "nvarchar"
					},
					{
						"name": "ATL_NAME",
						"type": "nvarchar"
					},
					{
						"name": "ATL_DESCRIPTION",
						"type": "nvarchar"
					},
					{
						"name": "ATL_DEAD_COLUMN_1",
						"type": "nvarchar"
					},
					{
						"name": "ATL_REQUIRED",
						"type": "nvarchar"
					},
					{
						"name": "SDT_ID",
						"type": "nvarchar"
					},
					{
						"name": "ATL_ALLOW_REMOTE_CHECK_IN",
						"type": "nvarchar"
					},
					{
						"name": "ATL_ACCESS_RESTRICTION",
						"type": "nvarchar"
					},
					{
						"name": "ATL_ACCESS_SCHEME",
						"type": "nvarchar"
					},
					{
						"name": "ATL_ACCESS_SCHEME_ONLY",
						"type": "nvarchar"
					},
					{
						"name": "ATL_MODIFIED_DW",
						"type": "datetime2",
						"scale": 6
					},
					{
						"name": "ATL_DEFAULT_CLUB_CREDIT_LIMIT",
						"type": "decimal",
						"precision": 8,
						"scale": 2
					}
				],
				"typeProperties": {
					"schema": "StgDatatrak",
					"table": "STG_AGREEMENTTYPELOOKUP_INCR"
				}
			},
			"dependsOn": []
		},
		{
			"name": "[concat(parameters('factoryName'), '/AzureSynapseAnalyticsTable11')]",
			"type": "Microsoft.DataFactory/factories/datasets",
			"apiVersion": "2018-06-01",
			"properties": {
				"linkedServiceName": {
					"referenceName": "AzureSynapseAnalytics1",
					"type": "LinkedServiceReference"
				},
				"annotations": [],
				"type": "AzureSqlDWTable",
				"schema": [
					{
						"name": "VPD_ID",
						"type": "decimal",
						"precision": 6,
						"scale": 0
					},
					{
						"name": "AEQR_ID",
						"type": "nvarchar"
					},
					{
						"name": "AEQR_QUEUE_DATE",
						"type": "datetime2",
						"scale": 6
					},
					{
						"name": "AEQ_ID",
						"type": "nvarchar"
					},
					{
						"name": "AET_ID",
						"type": "nvarchar"
					},
					{
						"name": "APP_ID",
						"type": "nvarchar"
					},
					{
						"name": "A_ID",
						"type": "nvarchar"
					},
					{
						"name": "E_ID",
						"type": "nvarchar"
					},
					{
						"name": "AEEF_ID",
						"type": "nvarchar"
					},
					{
						"name": "DOC_ID",
						"type": "nvarchar"
					},
					{
						"name": "AET_ID_ORIGINAL",
						"type": "nvarchar"
					},
					{
						"name": "AEQR_USE_2010_EAE",
						"type": "nvarchar"
					},
					{
						"name": "AEQR_ALT_PAY_ELIGIBLE",
						"type": "nvarchar"
					},
					{
						"name": "AEQR_EXPIRE_DATE",
						"type": "datetime2",
						"scale": 6
					}
				],
				"typeProperties": {
					"schema": "StgDatatrak",
					"table": "STG_AGREEMENTENTRYQUEUEREF_INCR"
				}
			},
			"dependsOn": []
		},
		{
			"name": "[concat(parameters('factoryName'), '/AzureSynapseAnalyticsTable12')]",
			"type": "Microsoft.DataFactory/factories/datasets",
			"apiVersion": "2018-06-01",
			"properties": {
				"linkedServiceName": {
					"referenceName": "AzureSynapseAnalytics1",
					"type": "LinkedServiceReference"
				},
				"annotations": [],
				"type": "AzureSqlDWTable",
				"schema": [
					{
						"name": "VPD_ID",
						"type": "decimal",
						"precision": 6,
						"scale": 0
					},
					{
						"name": "AEQ_ID",
						"type": "nvarchar"
					},
					{
						"name": "AEQ_CREATED",
						"type": "datetime2",
						"scale": 6
					},
					{
						"name": "AEQ_MODIFIED",
						"type": "datetime2",
						"scale": 6
					},
					{
						"name": "AEQ_ACTIVE",
						"type": "nvarchar"
					},
					{
						"name": "AEQ_NAME",
						"type": "nvarchar"
					},
					{
						"name": "AEQ_ABC_CODE",
						"type": "nvarchar"
					},
					{
						"name": "AEQ_MEMBER_ACTIVE",
						"type": "nvarchar"
					},
					{
						"name": "AEQ_SHOW_IN_ALL",
						"type": "nvarchar"
					},
					{
						"name": "AEQ_ALLOW_CHANGE_CLUB",
						"type": "nvarchar"
					}
				],
				"typeProperties": {
					"schema": "StgDatatrak",
					"table": "STG_AGREEMENTENTRYQUEUES_INCR"
				}
			},
			"dependsOn": []
		},
		{
			"name": "[concat(parameters('factoryName'), '/AzureSynapseAnalyticsTable13')]",
			"type": "Microsoft.DataFactory/factories/datasets",
			"apiVersion": "2018-06-01",
			"properties": {
				"linkedServiceName": {
					"referenceName": "AzureSynapseAnalytics1",
					"type": "LinkedServiceReference"
				},
				"annotations": [],
				"type": "AzureSqlDWTable",
				"schema": [
					{
						"name": "VPD_ID",
						"type": "decimal",
						"precision": 6,
						"scale": 0
					},
					{
						"name": "AH_ID",
						"type": "nvarchar"
					},
					{
						"name": "AH_CREATED",
						"type": "datetime2",
						"scale": 6
					},
					{
						"name": "AH_LEVEL",
						"type": "decimal",
						"precision": 6,
						"scale": 0
					},
					{
						"name": "AH_MESSAGE",
						"type": "nvarchar"
					},
					{
						"name": "AH_COLOR_HEX",
						"type": "nvarchar"
					},
					{
						"name": "AH_NOTE",
						"type": "nvarchar"
					},
					{
						"name": "AH_DISPLAY_ORDER",
						"type": "decimal",
						"precision": 6,
						"scale": 0
					},
					{
						"name": "AA_ID",
						"type": "nvarchar"
					},
					{
						"name": "CIL_ID",
						"type": "nvarchar"
					},
					{
						"name": "MAL_ID",
						"type": "nvarchar"
					},
					{
						"name": "AH_RECORD_ALERT",
						"type": "nvarchar"
					},
					{
						"name": "A_ID",
						"type": "nvarchar"
					}
				],
				"typeProperties": {
					"schema": "StgDatatrak",
					"table": "STG_ALERTHISTORY_INCR"
				}
			},
			"dependsOn": []
		},
		{
			"name": "[concat(parameters('factoryName'), '/AzureSynapseAnalyticsTable14')]",
			"type": "Microsoft.DataFactory/factories/datasets",
			"apiVersion": "2018-06-01",
			"properties": {
				"linkedServiceName": {
					"referenceName": "AzureSynapseAnalytics1",
					"type": "LinkedServiceReference"
				},
				"annotations": [],
				"type": "AzureSqlDWTable",
				"schema": [
					{
						"name": "VPD_ID",
						"type": "decimal",
						"precision": 6,
						"scale": 0
					},
					{
						"name": "APS_ID",
						"type": "nvarchar"
					},
					{
						"name": "APS_CREATED",
						"type": "datetime2",
						"scale": 6
					},
					{
						"name": "APS_MODIFIED",
						"type": "datetime2",
						"scale": 6
					},
					{
						"name": "APS_SCHEDULE_TYPE",
						"type": "decimal",
						"precision": 6,
						"scale": 0
					},
					{
						"name": "APS_RECURRING",
						"type": "nvarchar"
					},
					{
						"name": "APS_NUMBER_OF_PAYMENTS",
						"type": "decimal",
						"precision": 6,
						"scale": 0
					},
					{
						"name": "APS_AMOUNT",
						"type": "decimal",
						"precision": 8,
						"scale": 2
					},
					{
						"name": "APS_DEFAULT_AMOUNT",
						"type": "decimal",
						"precision": 8,
						"scale": 2
					},
					{
						"name": "APS_MIN_AMOUNT",
						"type": "decimal",
						"precision": 8,
						"scale": 2
					},
					{
						"name": "APS_MAX_AMOUNT",
						"type": "decimal",
						"precision": 8,
						"scale": 2
					},
					{
						"name": "APS_FIRST_DUE_DATE",
						"type": "datetime2",
						"scale": 6
					},
					{
						"name": "APS_SORT_ORDER",
						"type": "decimal",
						"precision": 6,
						"scale": 0
					},
					{
						"name": "A_ID",
						"type": "nvarchar"
					},
					{
						"name": "HPC_ID",
						"type": "nvarchar"
					},
					{
						"name": "APS_ACTIVE",
						"type": "nvarchar"
					}
				],
				"typeProperties": {
					"schema": "StgDatatrak",
					"table": "STG_AGREEMENTPAYMENTSCHEDULES_INCR"
				}
			},
			"dependsOn": []
		},
		{
			"name": "[concat(parameters('factoryName'), '/AzureSynapseAnalyticsTable15')]",
			"type": "Microsoft.DataFactory/factories/datasets",
			"apiVersion": "2018-06-01",
			"properties": {
				"linkedServiceName": {
					"referenceName": "AzureSynapseAnalytics1",
					"type": "LinkedServiceReference"
				},
				"annotations": [],
				"type": "AzureSqlDWTable",
				"schema": [
					{
						"name": "VPD_ID",
						"type": "decimal",
						"precision": 6,
						"scale": 0
					},
					{
						"name": "CIC_ID",
						"type": "nvarchar"
					},
					{
						"name": "CIC_CREATED",
						"type": "datetime2",
						"scale": 6
					},
					{
						"name": "CIC_MODIFIED",
						"type": "datetime2",
						"scale": 6
					},
					{
						"name": "CIC_ACTIVE",
						"type": "nvarchar"
					},
					{
						"name": "CIC_ABC_CODE",
						"type": "nvarchar"
					},
					{
						"name": "CIC_NAME",
						"type": "nvarchar"
					},
					{
						"name": "CIC_DESCRIPTION",
						"type": "nvarchar"
					},
					{
						"name": "CIC_BUTTON_TEXT",
						"type": "nvarchar"
					},
					{
						"name": "CIC_GL_CODE",
						"type": "nvarchar"
					},
					{
						"name": "CIC_DISPLAY_IN_POS",
						"type": "nvarchar"
					},
					{
						"name": "CIC_POS_ONLY",
						"type": "nvarchar"
					},
					{
						"name": "CIC_SORT_ORDER",
						"type": "decimal",
						"precision": 6,
						"scale": 0
					},
					{
						"name": "SOURCE_SYSTEM",
						"type": "nvarchar"
					},
					{
						"name": "DW_CHANGE_DATE",
						"type": "datetime",
						"precision": 23,
						"scale": 3
					}
				],
				"typeProperties": {
					"schema": "StgDatatrak",
					"table": "STG_CATALOGITEMCATEGORIES_INCR"
				}
			},
			"dependsOn": []
		},
		{
			"name": "[concat(parameters('factoryName'), '/AzureSynapseAnalyticsTable16')]",
			"type": "Microsoft.DataFactory/factories/datasets",
			"apiVersion": "2018-06-01",
			"properties": {
				"linkedServiceName": {
					"referenceName": "AzureSynapseAnalytics1",
					"type": "LinkedServiceReference"
				},
				"annotations": [],
				"type": "AzureSqlDWTable",
				"schema": [
					{
						"name": "VPD_ID",
						"type": "decimal",
						"precision": 6,
						"scale": 0
					},
					{
						"name": "CG_ID",
						"type": "nvarchar"
					},
					{
						"name": "CG_CREATED",
						"type": "datetime2",
						"scale": 6
					},
					{
						"name": "CG_MODIFIED",
						"type": "datetime2",
						"scale": 6
					},
					{
						"name": "CG_ACTIVE",
						"type": "nvarchar"
					},
					{
						"name": "CG_REQUIRED",
						"type": "nvarchar"
					},
					{
						"name": "CG_NAME",
						"type": "nvarchar"
					},
					{
						"name": "CG_NOTE",
						"type": "nvarchar"
					},
					{
						"name": "CG_VISIBLE",
						"type": "nvarchar"
					},
					{
						"name": "CG_ABC_CODE",
						"type": "nvarchar"
					}
				],
				"typeProperties": {
					"schema": "StgDatatrak",
					"table": "STG_CATALOGS_INCR"
				}
			},
			"dependsOn": []
		},
		{
			"name": "[concat(parameters('factoryName'), '/AzureSynapseAnalyticsTable17')]",
			"type": "Microsoft.DataFactory/factories/datasets",
			"apiVersion": "2018-06-01",
			"properties": {
				"linkedServiceName": {
					"referenceName": "AzureSynapseAnalytics1",
					"type": "LinkedServiceReference"
				},
				"annotations": [],
				"type": "AzureSqlDWTable",
				"schema": [
					{
						"name": "VPD_ID",
						"type": "decimal",
						"precision": 6,
						"scale": 0
					},
					{
						"name": "CGI_ID",
						"type": "nvarchar"
					},
					{
						"name": "CGI_CREATED",
						"type": "datetime2",
						"scale": 6
					},
					{
						"name": "CGI_CREATED_LOCAL",
						"type": "datetime2",
						"scale": 6
					},
					{
						"name": "CGI_MODIFIED",
						"type": "datetime2",
						"scale": 6
					},
					{
						"name": "CGI_ACTIVE",
						"type": "nvarchar"
					},
					{
						"name": "CGI_SERVICE",
						"type": "nvarchar"
					},
					{
						"name": "CGI_REQUIRED",
						"type": "nvarchar"
					},
					{
						"name": "CGI_ABC_CODE",
						"type": "nvarchar"
					},
					{
						"name": "CGI_NAME",
						"type": "nvarchar"
					},
					{
						"name": "CGI_DESCRIPTION",
						"type": "nvarchar"
					},
					{
						"name": "CGI_DISCOUNT_TYPE_FIXED",
						"type": "nvarchar"
					},
					{
						"name": "CGI_SALE_PRICE",
						"type": "decimal",
						"precision": 8,
						"scale": 2
					},
					{
						"name": "CGI_SALE_PRICE_FIXED",
						"type": "nvarchar"
					},
					{
						"name": "CGI_DEFAULT_QUANTITY",
						"type": "decimal",
						"precision": 6,
						"scale": 0
					},
					{
						"name": "CGI_DEFAULT_QUANTITY_FIXED",
						"type": "nvarchar"
					},
					{
						"name": "CGI_BUTTON_TEXT",
						"type": "nvarchar"
					},
					{
						"name": "CGI_PROMPT_FOR_PRICE",
						"type": "nvarchar"
					},
					{
						"name": "CGI_PROMPT_FOR_PRICE_FIXED",
						"type": "nvarchar"
					},
					{
						"name": "CGI_L1_PERCENTAGE",
						"type": "decimal",
						"precision": 8,
						"scale": 2
					},
					{
						"name": "CGI_L1_FIXED_AMOUNT",
						"type": "decimal",
						"precision": 8,
						"scale": 2
					},
					{
						"name": "CGI_L2_PERCENTAGE",
						"type": "decimal",
						"precision": 8,
						"scale": 2
					},
					{
						"name": "CGI_L2_FIXED_AMOUNT",
						"type": "decimal",
						"precision": 8,
						"scale": 2
					},
					{
						"name": "CGI_L3_PERCENTAGE",
						"type": "decimal",
						"precision": 8,
						"scale": 2
					},
					{
						"name": "CGI_L3_FIXED_AMOUNT",
						"type": "decimal",
						"precision": 8,
						"scale": 2
					},
					{
						"name": "CGI_L_FIXED",
						"type": "nvarchar"
					},
					{
						"name": "CGI_UPC",
						"type": "nvarchar"
					},
					{
						"name": "CGI_ASSET",
						"type": "nvarchar"
					},
					{
						"name": "CGI_MEMBER_REQUIRED",
						"type": "decimal",
						"precision": 1,
						"scale": 0
					},
					{
						"name": "CGI_HOLD",
						"type": "nvarchar"
					},
					{
						"name": "CGI_HOLD_FIXED",
						"type": "nvarchar"
					},
					{
						"name": "CGI_ALLOW_DISCOUNT",
						"type": "nvarchar"
					},
					{
						"name": "CGI_ALLOW_DISCOUNT_FIXED",
						"type": "nvarchar"
					},
					{
						"name": "CGI_ALLOW_USER_DISCOUNT",
						"type": "nvarchar"
					},
					{
						"name": "CGI_ALLOW_USER_DISCOUNT_FIXED",
						"type": "nvarchar"
					},
					{
						"name": "CGI_SIZE",
						"type": "nvarchar"
					},
					{
						"name": "CGI_COLOR",
						"type": "nvarchar"
					},
					{
						"name": "CGI_CASE_QUANTITY",
						"type": "decimal",
						"precision": 6,
						"scale": 0
					},
					{
						"name": "CGI_STOCKABLE",
						"type": "nvarchar"
					},
					{
						"name": "CGI_PRINT_RECEIPT",
						"type": "nvarchar"
					},
					{
						"name": "CGI_PRINT_RECEIPT_FIXED",
						"type": "nvarchar"
					},
					{
						"name": "CGI_EMPLOYEE_REQUIRED",
						"type": "nvarchar"
					},
					{
						"name": "CGI_ONE_PER_TRANSACTION",
						"type": "nvarchar"
					},
					{
						"name": "CGI_PROMPT_FOR_NAME",
						"type": "nvarchar"
					},
					{
						"name": "CGI_ALLOW_FREE",
						"type": "nvarchar"
					},
					{
						"name": "CGI_ALLOW_CLUB_ACCOUNT",
						"type": "nvarchar"
					},
					{
						"name": "CG_ID",
						"type": "nvarchar"
					},
					{
						"name": "CIC_ID",
						"type": "nvarchar"
					},
					{
						"name": "CPIV_ID_ALTERNATE",
						"type": "nvarchar"
					},
					{
						"name": "CPIV_ID_PREFERRED",
						"type": "nvarchar"
					},
					{
						"name": "D_ID",
						"type": "nvarchar"
					},
					{
						"name": "PC_ID",
						"type": "nvarchar"
					},
					{
						"name": "SDT_ID",
						"type": "nvarchar"
					},
					{
						"name": "SEM_ID",
						"type": "nvarchar"
					},
					{
						"name": "TZL_ID_CREATED_LOCAL",
						"type": "nvarchar"
					},
					{
						"name": "CGI_ALLOW_INCREMENTAL_SERVICE",
						"type": "nvarchar"
					},
					{
						"name": "CIG_ID",
						"type": "nvarchar"
					},
					{
						"name": "CGI_ALLOW_DEDUCT",
						"type": "nvarchar"
					},
					{
						"name": "CGI_COMMISSION_REQUIRED",
						"type": "nvarchar"
					},
					{
						"name": "CGI_SERVICE_EMPLOYEE_REQUIRED",
						"type": "nvarchar"
					},
					{
						"name": "CGI_VERIFY_PIN",
						"type": "nvarchar"
					},
					{
						"name": "CGI_SERVICE_COLOR_BUTTON",
						"type": "nvarchar"
					},
					{
						"name": "CGI_SERVICE_COLOR_TEXT",
						"type": "nvarchar"
					},
					{
						"name": "CGI_SERVICES_COLOR_BUTTON",
						"type": "nvarchar"
					},
					{
						"name": "CGI_SERVICES_COLOR_TEXT",
						"type": "nvarchar"
					},
					{
						"name": "CGI_MIN_QUANTITY",
						"type": "decimal",
						"precision": 3,
						"scale": 0
					},
					{
						"name": "CGI_MAX_QUANTITY",
						"type": "decimal",
						"precision": 3,
						"scale": 0
					},
					{
						"name": "CGI_MODIFIED_DW",
						"type": "datetime2",
						"scale": 6
					},
					{
						"name": "CMG_ID",
						"type": "nvarchar"
					},
					{
						"name": "CGI_ONLINE",
						"type": "nvarchar"
					},
					{
						"name": "CGI_ONLINE_FIXED",
						"type": "nvarchar"
					},
					{
						"name": "CGI_ABC_PC_ID",
						"type": "nvarchar"
					},
					{
						"name": "CGI_ABC_PC_CLIENT_LEVEL",
						"type": "nvarchar"
					},
					{
						"name": "CGI_RECURRING_SERVICE_SEARCH",
						"type": "nvarchar"
					},
					{
						"name": "COSR_ID",
						"type": "nvarchar"
					},
					{
						"name": "CGI_ALLOW_CLUB_CREDIT",
						"type": "nvarchar"
					},
					{
						"name": "CGIPTR_ABC_CODE",
						"type": "nvarchar"
					},
					{
						"name": "CGI_ALLOW_CROSS_CLUB",
						"type": "nvarchar"
					}
				],
				"typeProperties": {
					"schema": "StgDatatrak",
					"table": "STG_CATALOGITEMS_INCR"
				}
			},
			"dependsOn": []
		},
		{
			"name": "[concat(parameters('factoryName'), '/AzureSynapseAnalyticsTable18')]",
			"type": "Microsoft.DataFactory/factories/datasets",
			"apiVersion": "2018-06-01",
			"properties": {
				"linkedServiceName": {
					"referenceName": "AzureSynapseAnalytics1",
					"type": "LinkedServiceReference"
				},
				"annotations": [],
				"type": "AzureSqlDWTable",
				"schema": [
					{
						"name": "VPD_ID",
						"type": "decimal",
						"precision": 6,
						"scale": 0
					},
					{
						"name": "CRO_ID",
						"type": "nvarchar"
					},
					{
						"name": "CRO_CREATED",
						"type": "datetime2",
						"scale": 6
					},
					{
						"name": "CRO_MODIFIED",
						"type": "datetime2",
						"scale": 6
					},
					{
						"name": "CRO_ACTIVE",
						"type": "nvarchar"
					},
					{
						"name": "CRO_NAME",
						"type": "nvarchar"
					},
					{
						"name": "CRO_ABC_CODE",
						"type": "nvarchar"
					}
				],
				"typeProperties": {
					"schema": "StgDatatrak",
					"table": "STG_CANCELREASONCODES_INCR"
				}
			},
			"dependsOn": []
		},
		{
			"name": "[concat(parameters('factoryName'), '/AzureSynapseAnalyticsTable19')]",
			"type": "Microsoft.DataFactory/factories/datasets",
			"apiVersion": "2018-06-01",
			"properties": {
				"linkedServiceName": {
					"referenceName": "AzureSynapseAnalytics1",
					"type": "LinkedServiceReference"
				},
				"annotations": [],
				"type": "AzureSqlDWTable",
				"schema": [
					{
						"name": "VPD_ID",
						"type": "decimal",
						"precision": 6,
						"scale": 0
					},
					{
						"name": "ECT_ID",
						"type": "nvarchar"
					},
					{
						"name": "ECT_CREATED",
						"type": "datetime2",
						"scale": 6
					},
					{
						"name": "ECT_MODIFIED",
						"type": "datetime2",
						"scale": 6
					},
					{
						"name": "ECT_ACTIVE",
						"type": "nvarchar"
					},
					{
						"name": "ECT_NAME",
						"type": "nvarchar"
					},
					{
						"name": "ECT_ABC_CODE",
						"type": "nvarchar"
					}
				],
				"typeProperties": {
					"schema": "StgDatatrak",
					"table": "STG_EVENTCATEGORIES_INCR"
				}
			},
			"dependsOn": []
		},
		{
			"name": "[concat(parameters('factoryName'), '/AzureSynapseAnalyticsTable2')]",
			"type": "Microsoft.DataFactory/factories/datasets",
			"apiVersion": "2018-06-01",
			"properties": {
				"linkedServiceName": {
					"referenceName": "AzureSynapseAnalytics1",
					"type": "LinkedServiceReference"
				},
				"annotations": [],
				"type": "AzureSqlDWTable",
				"schema": [
					{
						"name": "VPD_ID",
						"type": "decimal",
						"precision": 6,
						"scale": 0
					},
					{
						"name": "SPL_ID",
						"type": "nvarchar"
					},
					{
						"name": "SPL_CREATED",
						"type": "datetime2",
						"scale": 6
					},
					{
						"name": "SPL_MODIFIED",
						"type": "datetime2",
						"scale": 6
					},
					{
						"name": "SPL_ACTIVE",
						"type": "nvarchar"
					},
					{
						"name": "SPL_NAME",
						"type": "nvarchar"
					},
					{
						"name": "SPL_TRANSACTION_PREFIX",
						"type": "nvarchar"
					},
					{
						"name": "SPL_ABC_ID",
						"type": "nvarchar"
					},
					{
						"name": "SPL_RECEIPT_HEADER",
						"type": "nvarchar"
					},
					{
						"name": "SPL_RECEIPT_FOOTER",
						"type": "nvarchar"
					},
					{
						"name": "SPL_RECEIPT_HEADER_PRODUCT",
						"type": "nvarchar"
					},
					{
						"name": "SPL_RECEIPT_FOOTER_PRODUCT",
						"type": "nvarchar"
					},
					{
						"name": "SPL_RECEIPT_HEADER_SERVICE",
						"type": "nvarchar"
					},
					{
						"name": "SPL_RECEIPT_FOOTER_SERVICE",
						"type": "nvarchar"
					},
					{
						"name": "SPL_PICTURE_TIMEOUT",
						"type": "decimal",
						"precision": 6,
						"scale": 0
					},
					{
						"name": "SPL_SHOW_ELECTRONIC_AGREE",
						"type": "nvarchar"
					},
					{
						"name": "SPL_DEFAULT_CONTRACT_LENGTH",
						"type": "decimal",
						"precision": 6,
						"scale": 0
					},
					{
						"name": "SPL_DEFAULT_TERM_LENGTH",
						"type": "decimal",
						"precision": 6,
						"scale": 0
					},
					{
						"name": "SPL_DEFAULT_AUTO_LENGTH",
						"type": "decimal",
						"precision": 6,
						"scale": 0
					},
					{
						"name": "SPL_DEF_PROSPECT_CONTRACT",
						"type": "decimal",
						"precision": 6,
						"scale": 0
					},
					{
						"name": "SPL_DEF_PROSPECT_VISITS",
						"type": "decimal",
						"precision": 6,
						"scale": 0
					},
					{
						"name": "SPL_ALLOW_SECONDARY",
						"type": "nvarchar"
					},
					{
						"name": "SPL_AUTO_RENEW_OPEN",
						"type": "nvarchar"
					},
					{
						"name": "SPL_AUTO_RENEW_TERM",
						"type": "nvarchar"
					},
					{
						"name": "SPL_MANUAL_RENEWAL",
						"type": "nvarchar"
					},
					{
						"name": "SPL_NO_RENEWAL",
						"type": "nvarchar"
					},
					{
						"name": "SPL_RENEWAL_OPTION",
						"type": "nvarchar"
					},
					{
						"name": "SPL_RENEW_CASH_PRICE",
						"type": "decimal",
						"precision": 8,
						"scale": 2
					},
					{
						"name": "SPL_RENEW_COUPON_PRICE",
						"type": "decimal",
						"precision": 8,
						"scale": 2
					},
					{
						"name": "SPL_RENEW_DRAFT_PRICE",
						"type": "decimal",
						"precision": 8,
						"scale": 2
					},
					{
						"name": "SPL_RENEWAL_DURATION",
						"type": "decimal",
						"precision": 6,
						"scale": 0
					},
					{
						"name": "SPL_CA_NUM_MONTHS",
						"type": "decimal",
						"precision": 6,
						"scale": 0
					},
					{
						"name": "SPL_CA_PROCESS_DAY",
						"type": "decimal",
						"precision": 6,
						"scale": 0
					},
					{
						"name": "SPL_CA_BILL_VIA_ABC",
						"type": "nvarchar"
					},
					{
						"name": "SPL_CONFIRM_FIRST_SERVICE_USE",
						"type": "nvarchar"
					},
					{
						"name": "ATL_ID",
						"type": "nvarchar"
					},
					{
						"name": "SPL_MANAGE_MEMBERSHIP_TYPES",
						"type": "nvarchar"
					},
					{
						"name": "SPL_MANAGE_BARCODES",
						"type": "nvarchar"
					},
					{
						"name": "SPL_DEFAULT_ABC_MANAGED",
						"type": "nvarchar"
					},
					{
						"name": "SPL_DEFAULT_GENDER",
						"type": "decimal",
						"precision": 6,
						"scale": 0
					},
					{
						"name": "SPL_LOCK_SCHEDULE",
						"type": "nvarchar"
					},
					{
						"name": "SPL_SHORT_NAME",
						"type": "nvarchar"
					},
					{
						"name": "SPL_COUPON_DIFF",
						"type": "decimal",
						"precision": 8,
						"scale": 2
					},
					{
						"name": "SPL_COUPON_DIFF_PRIMARY_ONLY",
						"type": "nvarchar"
					},
					{
						"name": "SPL_ALLOW_CLUB_MANAGE",
						"type": "nvarchar"
					},
					{
						"name": "SPL_ALLOW_FAST_ADD",
						"type": "nvarchar"
					},
					{
						"name": "SPL_PROSPECT_TO_FAST_ADD",
						"type": "nvarchar"
					},
					{
						"name": "SPL_SEND_UPDATES_TO_HOST",
						"type": "nvarchar"
					},
					{
						"name": "SPL_MEDALLIA_EXPORT",
						"type": "nvarchar"
					},
					{
						"name": "SPL_PHYSICAL_LOCATION",
						"type": "nvarchar"
					},
					{
						"name": "SPL_CALENDAR_START_DAY",
						"type": "decimal",
						"precision": 6,
						"scale": 0
					},
					{
						"name": "SPL_OVERRIDE_PRICE_REASON",
						"type": "decimal",
						"precision": 1,
						"scale": 0
					},
					{
						"name": "SPL_WAIVE_SALES_TAX_REASON",
						"type": "decimal",
						"precision": 1,
						"scale": 0
					},
					{
						"name": "SPL_VOID_REASON",
						"type": "decimal",
						"precision": 1,
						"scale": 0
					},
					{
						"name": "SPL_DRAWER_POP_REASON",
						"type": "decimal",
						"precision": 1,
						"scale": 0
					},
					{
						"name": "SPL_RETURN_REASON",
						"type": "decimal",
						"precision": 1,
						"scale": 0
					},
					{
						"name": "SPL_SERVICE_USAGE_SIGNATURE",
						"type": "nvarchar"
					},
					{
						"name": "SPL_VOID_SIGNATURE",
						"type": "nvarchar"
					},
					{
						"name": "SPL_DEAD_COLUMN_1",
						"type": "nvarchar"
					},
					{
						"name": "SPL_RETURNS_SIGNATURE",
						"type": "nvarchar"
					},
					{
						"name": "SPL_ENABLE_HOLD_QUEUE",
						"type": "nvarchar"
					},
					{
						"name": "SPL_EMAIL",
						"type": "nvarchar"
					},
					{
						"name": "SPL_EMAIL_ALTERNATE",
						"type": "nvarchar"
					},
					{
						"name": "SPL_URL",
						"type": "nvarchar"
					},
					{
						"name": "SPL_ADDRESS_1",
						"type": "nvarchar"
					},
					{
						"name": "SPL_ADDRESS_2",
						"type": "nvarchar"
					},
					{
						"name": "SPL_CITY",
						"type": "nvarchar"
					},
					{
						"name": "SPL_ZIP",
						"type": "nvarchar"
					},
					{
						"name": "SPL_PHONE",
						"type": "nvarchar"
					},
					{
						"name": "SPL_PHONE_EXT",
						"type": "nvarchar"
					},
					{
						"name": "SPL_FAX",
						"type": "nvarchar"
					},
					{
						"name": "APP_ID",
						"type": "nvarchar"
					},
					{
						"name": "B_ID",
						"type": "nvarchar"
					},
					{
						"name": "CCPT_ID",
						"type": "nvarchar"
					},
					{
						"name": "SAI_ID",
						"type": "nvarchar"
					},
					{
						"name": "SP_ID",
						"type": "nvarchar"
					},
					{
						"name": "STL_ID",
						"type": "nvarchar"
					},
					{
						"name": "TZL_ID",
						"type": "nvarchar"
					},
					{
						"name": "SPL_CA_COPY_ABC_BILLING",
						"type": "nvarchar"
					},
					{
						"name": "SPL_DROP_ADD_REASON",
						"type": "decimal",
						"precision": 1,
						"scale": 0
					},
					{
						"name": "PDOG_ID",
						"type": "nvarchar"
					},
					{
						"name": "SPL_MAX_BABYSITTING",
						"type": "decimal",
						"precision": 6,
						"scale": 0
					},
					{
						"name": "SPL_MAIL_SERVER",
						"type": "nvarchar"
					},
					{
						"name": "SPL_MAIL_USER_NAME",
						"type": "nvarchar"
					},
					{
						"name": "SPL_MAIL_USER_PASSWORD",
						"type": "nvarchar"
					},
					{
						"name": "SPL_MAIL_ADDRESS",
						"type": "nvarchar"
					},
					{
						"name": "SPL_MAIL_PORT_NUMBER",
						"type": "decimal",
						"precision": 5,
						"scale": 0
					},
					{
						"name": "SPL_MAIL_USES_SSL",
						"type": "nvarchar"
					},
					{
						"name": "SPL_CHECK_IN_RECENT_LIST",
						"type": "nvarchar"
					},
					{
						"name": "SPL_FIXED_MONTHLY_TO_POS",
						"type": "nvarchar"
					},
					{
						"name": "SPL_AUTO_DELETE_UNFUNDED",
						"type": "nvarchar"
					},
					{
						"name": "SPL_ALLOW_COUPON_BOOK",
						"type": "nvarchar"
					},
					{
						"name": "SPL_POS_MEMBER_REQUIRED",
						"type": "nvarchar"
					},
					{
						"name": "SPL_FAST_ADD_DEFAULT_PROSPECT",
						"type": "nvarchar"
					},
					{
						"name": "SPL_RECORD_STATISTICS",
						"type": "nvarchar"
					},
					{
						"name": "SPL_ENABLE_APPROVAL_QUEUE",
						"type": "nvarchar"
					},
					{
						"name": "SPL_ENABLE_POS_QUEUE",
						"type": "nvarchar"
					},
					{
						"name": "SPL_CARRY_COMMISSIONS",
						"type": "decimal",
						"precision": 1,
						"scale": 0
					},
					{
						"name": "MFG_ID",
						"type": "nvarchar"
					},
					{
						"name": "SPL_DEFAULT_EAE_ALLOW_CA",
						"type": "decimal",
						"precision": 1,
						"scale": 0
					},
					{
						"name": "SPL_DEFAULT_EAE_CA_LIMIT",
						"type": "decimal",
						"precision": 8,
						"scale": 2
					},
					{
						"name": "SPL_EAE_ABC_ID_START",
						"type": "nvarchar"
					},
					{
						"name": "SPL_PREFILL_BARCODE",
						"type": "nvarchar"
					},
					{
						"name": "SPL_MISC_1",
						"type": "nvarchar"
					},
					{
						"name": "SPL_MISC_2",
						"type": "nvarchar"
					},
					{
						"name": "SPL_MISC_3",
						"type": "nvarchar"
					},
					{
						"name": "SPL_MISC_4",
						"type": "nvarchar"
					},
					{
						"name": "SPL_MISC_5",
						"type": "nvarchar"
					},
					{
						"name": "SPL_AUTO_PIN_CALENDAR",
						"type": "nvarchar"
					},
					{
						"name": "SPL_ALLOW_FIXED_MONTHLY",
						"type": "nvarchar"
					},
					{
						"name": "SPL_ALLOW_OPEN_MONTHLY",
						"type": "nvarchar"
					},
					{
						"name": "SPL_ALLOW_OPEN_PACKAGE",
						"type": "nvarchar"
					},
					{
						"name": "SPL_EAE_COPY_CA",
						"type": "nvarchar"
					},
					{
						"name": "CAPM_ID",
						"type": "nvarchar"
					},
					{
						"name": "SPL_SEND_EMAIL",
						"type": "nvarchar"
					},
					{
						"name": "SPL_AUTO_CA_RUN",
						"type": "nvarchar"
					},
					{
						"name": "SPL_AUTO_CA_MINIMUM",
						"type": "decimal",
						"precision": 8,
						"scale": 2
					},
					{
						"name": "SPL_AUTO_CA_LAST_RUN_DATE",
						"type": "datetime2",
						"scale": 6
					},
					{
						"name": "SPL_FIXED_MONTHLY_EVENTS",
						"type": "nvarchar"
					},
					{
						"name": "SPL_OPEN_PACKAGE_TO_POS",
						"type": "nvarchar"
					},
					{
						"name": "SPL_OPEN_MONTHLY_TO_POS",
						"type": "nvarchar"
					},
					{
						"name": "SPL_SEND_SMS",
						"type": "nvarchar"
					},
					{
						"name": "SPL_RENEW_REWRITE_OTHER",
						"type": "nvarchar"
					},
					{
						"name": "SPL_MANAGE_SALESPERSON",
						"type": "nvarchar"
					},
					{
						"name": "SPL_ONLINE_APPOINTMENT",
						"type": "nvarchar"
					},
					{
						"name": "SPL_ONLINE_CLASS",
						"type": "nvarchar"
					},
					{
						"name": "SPL_QUICK_ENROLL_EVENT_TYPE",
						"type": "decimal",
						"precision": 1,
						"scale": 0
					},
					{
						"name": "PDOG_ID_INCREMENTAL",
						"type": "nvarchar"
					},
					{
						"name": "SPL_ZIP_SWIPE_REQUIRED",
						"type": "nvarchar"
					},
					{
						"name": "SPL_ZIP_SWIPE_PREFILLED",
						"type": "nvarchar"
					},
					{
						"name": "SPL_ZIP_MANUAL_REQUIRED",
						"type": "nvarchar"
					},
					{
						"name": "SPL_ZIP_MANUAL_PREFILLED",
						"type": "nvarchar"
					},
					{
						"name": "SPL_ZIP_ONFILE_REQUIRED",
						"type": "nvarchar"
					},
					{
						"name": "SPL_ZIP_ONFILE_PREFILLED",
						"type": "nvarchar"
					},
					{
						"name": "SPL_NON_NUMERIC_ABC_ID",
						"type": "nvarchar"
					},
					{
						"name": "SPL_MEMBER_FACE_HOURS_BACK",
						"type": "decimal",
						"precision": 1,
						"scale": 0
					},
					{
						"name": "SPL_MEMBER_FACE_HOURS_FORWARD",
						"type": "decimal",
						"precision": 1,
						"scale": 0
					},
					{
						"name": "SPL_MEMBER_OVERBOOK",
						"type": "decimal",
						"precision": 1,
						"scale": 0
					},
					{
						"name": "SPL_OPP_LOW_VALUE",
						"type": "decimal",
						"precision": 3,
						"scale": 0
					},
					{
						"name": "SPL_OPP_MEDIUM_VALUE",
						"type": "decimal",
						"precision": 3,
						"scale": 0
					},
					{
						"name": "SPL_OPP_HIGH_VALUE",
						"type": "decimal",
						"precision": 3,
						"scale": 0
					},
					{
						"name": "SPL_OPP_LOW_TYPE",
						"type": "decimal",
						"precision": 1,
						"scale": 0
					},
					{
						"name": "SPL_OPP_MEDIUM_TYPE",
						"type": "decimal",
						"precision": 1,
						"scale": 0
					},
					{
						"name": "SPL_OPP_HIGH_TYPE",
						"type": "decimal",
						"precision": 1,
						"scale": 0
					},
					{
						"name": "SPL_QB_URL",
						"type": "nvarchar"
					},
					{
						"name": "SPL_QB_USERNAME",
						"type": "nvarchar"
					},
					{
						"name": "SPL_QB_PASSWORD",
						"type": "nvarchar"
					},
					{
						"name": "SPL_QB_CUSTOMERS",
						"type": "nvarchar"
					},
					{
						"name": "SPL_QB_SUMMARY",
						"type": "nvarchar"
					},
					{
						"name": "SPL_QB_LAST_RUN_DATE",
						"type": "datetime2",
						"scale": 6
					},
					{
						"name": "QBET_ID",
						"type": "nvarchar"
					},
					{
						"name": "SPL_QB_CONFIRMED",
						"type": "nvarchar"
					},
					{
						"name": "SPL_QB_CONFIRMED_DATE",
						"type": "datetime2",
						"scale": 6
					},
					{
						"name": "SPL_FIXED_MONTHLY_SERVICE_HOLD",
						"type": "nvarchar"
					},
					{
						"name": "SPL_MANAGE_MASTER_AGREEMENT",
						"type": "nvarchar"
					},
					{
						"name": "SPL_FIXED_MONTHLY_AUTO_DISABLE",
						"type": "nvarchar"
					},
					{
						"name": "SPL_EMP_ACCESS_CODE_SERVICE",
						"type": "nvarchar"
					},
					{
						"name": "SPL_MEM_ACCESS_CODE_SERVICE",
						"type": "nvarchar"
					},
					{
						"name": "SPL_MAX_MEM_CODE_FAILURES",
						"type": "decimal",
						"precision": 2,
						"scale": 0
					},
					{
						"name": "AT_ID_FAST_ADD",
						"type": "nvarchar"
					},
					{
						"name": "SPL_WARNING_ON_MINOR",
						"type": "nvarchar"
					},
					{
						"name": "SPL_QB_TRACK_EXPENSES",
						"type": "nvarchar"
					},
					{
						"name": "SPL_QB_ACCOUNTS_CONFIRMED",
						"type": "nvarchar"
					},
					{
						"name": "SPL_CA_ACTIVE_MEMBER_REQUIRED",
						"type": "nvarchar"
					},
					{
						"name": "SPL_CHECK_IN_ABC_STATUS_REASON",
						"type": "nvarchar"
					},
					{
						"name": "APP_ID_WEB",
						"type": "nvarchar"
					},
					{
						"name": "SPL_ONLINE_CREATE_AGREEMENT",
						"type": "nvarchar"
					},
					{
						"name": "RSP_ID",
						"type": "nvarchar"
					},
					{
						"name": "SPL_RSP_REQUIRED",
						"type": "nvarchar"
					},
					{
						"name": "SPL_MEMBER_ACCESS_CODE_EVENT",
						"type": "nvarchar"
					},
					{
						"name": "SPL_EMPLOYEE_ACCESS_CODE_EVENT",
						"type": "nvarchar"
					},
					{
						"name": "CRTP_ID_REPEAT_EMPLOYEE",
						"type": "nvarchar"
					},
					{
						"name": "CRTP_ID_REPEAT_LOCATION",
						"type": "nvarchar"
					},
					{
						"name": "SPL_COPY_CA_ABC_BILLING_EAE",
						"type": "nvarchar"
					},
					{
						"name": "SPL_DASHBOARD",
						"type": "nvarchar"
					},
					{
						"name": "SPL_LOCK_SCHEDULE_TIME",
						"type": "datetime2",
						"scale": 6
					},
					{
						"name": "SPL_ONLINE_PROSPECT",
						"type": "nvarchar"
					},
					{
						"name": "SPL_MICO_ALERT",
						"type": "nvarchar"
					},
					{
						"name": "SPL_MICO_ALERT_TEXT",
						"type": "nvarchar"
					},
					{
						"name": "SPL_ENABLE_PREAPPROVAL_QUEUE",
						"type": "nvarchar"
					},
					{
						"name": "APM_ID",
						"type": "nvarchar"
					},
					{
						"name": "SPL_EAE_SKIP_MONTHS",
						"type": "nvarchar"
					},
					{
						"name": "SPL_PRESALE",
						"type": "nvarchar"
					},
					{
						"name": "SPL_SPECIAL_HANDLE_MINORS",
						"type": "nvarchar"
					},
					{
						"name": "SPL_ALLOW_MINOR_SIGNUP",
						"type": "nvarchar"
					},
					{
						"name": "SPL_MINOR_AGE",
						"type": "decimal",
						"precision": 2,
						"scale": 0
					},
					{
						"name": "SPL_MINOR_DISCLAIMER",
						"type": "nvarchar"
					},
					{
						"name": "SPL_COMPARE_CC_NAME",
						"type": "nvarchar"
					},
					{
						"name": "SPL_COMPARE_CC_DISCLAIMER",
						"type": "nvarchar"
					},
					{
						"name": "SPL_ONLINE_CASH",
						"type": "nvarchar"
					},
					{
						"name": "AEQ_ID_POS",
						"type": "nvarchar"
					},
					{
						"name": "AEQ_ID_MINOR",
						"type": "nvarchar"
					},
					{
						"name": "AEQ_ID_CC_NAME",
						"type": "nvarchar"
					},
					{
						"name": "SPL_RS_BILLING_DEFAULT",
						"type": "decimal",
						"precision": 2,
						"scale": 0
					},
					{
						"name": "SPL_LOCKER",
						"type": "nvarchar"
					},
					{
						"name": "SPL_LOCKER_EXPIRATION_REQUIRED",
						"type": "nvarchar"
					},
					{
						"name": "SPL_AGREEMENT_QUEUE_SORT_ASC",
						"type": "nvarchar"
					},
					{
						"name": "SPL_USE_2010_EAE",
						"type": "nvarchar"
					},
					{
						"name": "HPC_ID_SINGLE_PAY",
						"type": "nvarchar"
					},
					{
						"name": "SPL_EAE_PAYMENTS_VISIBLE",
						"type": "nvarchar"
					},
					{
						"name": "SPL_EAE_FEES_VISIBLE",
						"type": "nvarchar"
					},
					{
						"name": "SPL_EAE_ALLOW_MINOR",
						"type": "nvarchar"
					},
					{
						"name": "SPL_MODIFIED_DW",
						"type": "datetime2",
						"scale": 6
					},
					{
						"name": "CTL_ID_BILLING",
						"type": "nvarchar"
					},
					{
						"name": "SPL_DEAD_COLUMN_2",
						"type": "nvarchar"
					},
					{
						"name": "SPL_COMM_DAYS_LAG",
						"type": "decimal",
						"precision": 2,
						"scale": 0
					},
					{
						"name": "CFRQ_ID",
						"type": "nvarchar"
					},
					{
						"name": "SPL_EMAIL_AGREEMENT",
						"type": "nvarchar"
					},
					{
						"name": "SPL_EMAIL_RECURRING_SERVICE",
						"type": "nvarchar"
					},
					{
						"name": "SPL_COMM_START_DATE",
						"type": "datetime2",
						"scale": 6
					},
					{
						"name": "D_ID_EAE_SCH",
						"type": "nvarchar"
					},
					{
						"name": "ET_ID_EAE_SCH",
						"type": "nvarchar"
					},
					{
						"name": "ETL_ID_EAE_SCH",
						"type": "nvarchar"
					},
					{
						"name": "C_ID_EAE_COMPLETE",
						"type": "nvarchar"
					},
					{
						"name": "SPL_WEEK_EAE_SCH",
						"type": "nvarchar"
					},
					{
						"name": "SPL_HOLD_FREE_RECURRING",
						"type": "nvarchar"
					},
					{
						"name": "SPL_EAE_FIRST_DUE_DATE_NXT_MTH",
						"type": "nvarchar"
					},
					{
						"name": "SPL_FORCE_OPPORTUNITY",
						"type": "nvarchar"
					},
					{
						"name": "SPL_GIFT_CARD",
						"type": "nvarchar"
					},
					{
						"name": "PF_ID_MULTI_PAY",
						"type": "nvarchar"
					},
					{
						"name": "SPL_MULTI_PAY_AMOUNT",
						"type": "decimal",
						"precision": 8,
						"scale": 2
					},
					{
						"name": "SPL_2010_EAE_SKIP_APPROVAL",
						"type": "nvarchar"
					},
					{
						"name": "SPL_SWITCH_BILLING_DAYS",
						"type": "decimal",
						"precision": 2,
						"scale": 0
					},
					{
						"name": "SECTOR_ID",
						"type": "nvarchar"
					},
					{
						"name": "SPL_MICO_VERSION",
						"type": "decimal",
						"precision": 2,
						"scale": 0
					},
					{
						"name": "SPL_ADP_CODE",
						"type": "nvarchar"
					},
					{
						"name": "SPL_RECUR_PAID_IN_FULL",
						"type": "nvarchar"
					},
					{
						"name": "SPL_RECUR_DEFERRED",
						"type": "nvarchar"
					},
					{
						"name": "SPL_RECUR_CUSTOM_INTERVAL",
						"type": "nvarchar"
					},
					{
						"name": "SPL_RECUR_PAID_IN_FULL_POS",
						"type": "nvarchar"
					},
					{
						"name": "SPL_RECUR_DEFERRED_POS",
						"type": "nvarchar"
					},
					{
						"name": "SPL_RECUR_CUSTOM_INTERVAL_POS",
						"type": "nvarchar"
					},
					{
						"name": "SPL_RECEIPT_EMPLOYEE_FULL_NAME",
						"type": "nvarchar"
					},
					{
						"name": "SPL_EVENT_WAITLIST",
						"type": "nvarchar"
					},
					{
						"name": "SPL_EVENT_COMM_POST_DISCOUNT",
						"type": "nvarchar"
					},
					{
						"name": "SPL_EMPLOYEE_PORTAL",
						"type": "nvarchar"
					},
					{
						"name": "SPL_ONLINE_SIGNUP_DRAFT_METHOD",
						"type": "nvarchar"
					},
					{
						"name": "SPL_SHOW_FEES_ONLINE",
						"type": "nvarchar"
					},
					{
						"name": "SPL_CANCEL_BY_DAYS_ACTIVE",
						"type": "decimal",
						"precision": 2,
						"scale": 0
					},
					{
						"name": "SPL_CANCEL_BY_DAYS_PRESALE",
						"type": "decimal",
						"precision": 2,
						"scale": 0
					},
					{
						"name": "SPL_POS_SIGN_LIMIT",
						"type": "decimal",
						"precision": 8,
						"scale": 2
					},
					{
						"name": "SPL_LATITUDE",
						"type": "decimal",
						"precision": 9,
						"scale": 6
					},
					{
						"name": "SPL_LONGITUDE",
						"type": "decimal",
						"precision": 9,
						"scale": 6
					},
					{
						"name": "SPL_FACEBOOK",
						"type": "nvarchar"
					},
					{
						"name": "SPL_TWITTER",
						"type": "nvarchar"
					},
					{
						"name": "SPL_SHOW_RS_UNFUNDED",
						"type": "nvarchar"
					},
					{
						"name": "SPL_ONLINE_SIGNATURE",
						"type": "nvarchar"
					},
					{
						"name": "SPL_ONLINE_LOCATION_LIST",
						"type": "nvarchar"
					},
					{
						"name": "SPL_PROSPECT_TERMS",
						"type": "nvarchar"
					},
					{
						"name": "SPL_AUTO_CANCEL_PEND_POS_DEF",
						"type": "nvarchar"
					},
					{
						"name": "SPL_ID_MICO_DEFAULT",
						"type": "nvarchar"
					},
					{
						"name": "SPL_ALTERNATE_BILLING_DEFAULT",
						"type": "nvarchar"
					},
					{
						"name": "SPL_VERIFY_EMP_CLOCK_IN",
						"type": "nvarchar"
					},
					{
						"name": "SPL_VERIFY_EMP_CLOCK_OUT",
						"type": "nvarchar"
					},
					{
						"name": "SPL_HIDE_TIME_MFCE",
						"type": "nvarchar"
					},
					{
						"name": "SPL_DEFAULT_SET_BILL_ON_ADD_CC",
						"type": "nvarchar"
					},
					{
						"name": "SPL_ENCRYPT_END_TO_END",
						"type": "nvarchar"
					},
					{
						"name": "SPL_QUICK_CASH_RECEIPT_EMAIL",
						"type": "nvarchar"
					},
					{
						"name": "SPL_QUICK_CASH_RECEIPT_PRINT",
						"type": "nvarchar"
					},
					{
						"name": "SPL_TOTAL_RECEIPT_EMAIL_DEFAUL",
						"type": "nvarchar"
					},
					{
						"name": "SPL_TOTAL_RECEIPT_PRINT_DEFAUL",
						"type": "nvarchar"
					},
					{
						"name": "REG_ID",
						"type": "nvarchar"
					},
					{
						"name": "SPL_VER_EMP_CLOCK_IN_BRK",
						"type": "nvarchar"
					},
					{
						"name": "SPL_VER_EMP_CLOCK_OUT_BRK",
						"type": "nvarchar"
					},
					{
						"name": "SPL_ADD_ON_SIGNATURE",
						"type": "nvarchar"
					},
					{
						"name": "SPL_VERIFY_POS_COF",
						"type": "nvarchar"
					},
					{
						"name": "SPL_VERIFY_POS_CA",
						"type": "nvarchar"
					},
					{
						"name": "SPL_VERIFY_POS_PREPAY",
						"type": "nvarchar"
					},
					{
						"name": "SPL_DEFAULT_COF_ON_ADD_CC",
						"type": "nvarchar"
					},
					{
						"name": "SPL_DEFAULT_CA_ON_ADD_CC",
						"type": "nvarchar"
					},
					{
						"name": "SPL_ADD_ON_PAYMENT_PLANS",
						"type": "nvarchar"
					},
					{
						"name": "SPL_BILLING_MESSAGE",
						"type": "nvarchar"
					},
					{
						"name": "SPL_COF_MESSAGE",
						"type": "nvarchar"
					},
					{
						"name": "SPL_CA_MESSAGE",
						"type": "nvarchar"
					},
					{
						"name": "SPL_WARN_EAE_BANK_TO_CC",
						"type": "nvarchar"
					},
					{
						"name": "SPL_ALT_PAY",
						"type": "nvarchar"
					},
					{
						"name": "SPL_ALT_PAY_DAYS_LATE",
						"type": "decimal",
						"precision": 2,
						"scale": 0
					},
					{
						"name": "SPL_ALT_PAY_TYPE",
						"type": "nvarchar"
					},
					{
						"name": "SPL_MICO_PAY_TYPE",
						"type": "nvarchar"
					},
					{
						"name": "SPL_ALT_MESSAGE",
						"type": "nvarchar"
					},
					{
						"name": "SPL_ALLOW_MEMBER_TRANSFER",
						"type": "nvarchar"
					},
					{
						"name": "SPL_TRANSFER_MESSAGE",
						"type": "nvarchar"
					},
					{
						"name": "SPL_VERIFY_MEM_RS_CREATE",
						"type": "nvarchar"
					},
					{
						"name": "SPL_REQ_COMMENT_CANCEL_NC",
						"type": "nvarchar"
					},
					{
						"name": "SPL_CA_MICO_HISTORY",
						"type": "nvarchar"
					},
					{
						"name": "SPL_EAE_DUP_MEM_CHK_REQ",
						"type": "nvarchar"
					},
					{
						"name": "SPL_STORE_DECLINED_CHECK_INS",
						"type": "nvarchar"
					},
					{
						"name": "SPL_EMV",
						"type": "nvarchar"
					},
					{
						"name": "CTL_ID",
						"type": "nvarchar"
					},
					{
						"name": "NAST_ID",
						"type": "nvarchar"
					},
					{
						"name": "CGI_ID_DONATION_API",
						"type": "nvarchar"
					},
					{
						"name": "CGI_ID_DONATION_VFN",
						"type": "nvarchar"
					}
				],
				"typeProperties": {
					"schema": "StgDatatrak",
					"table": "STG_SERVICEPROVIDERLOCATIONS_INCR"
				}
			},
			"dependsOn": []
		},
		{
			"name": "[concat(parameters('factoryName'), '/AzureSynapseAnalyticsTable20')]",
			"type": "Microsoft.DataFactory/factories/datasets",
			"apiVersion": "2018-06-01",
			"properties": {
				"linkedServiceName": {
					"referenceName": "AzureSynapseAnalytics1",
					"type": "LinkedServiceReference"
				},
				"annotations": [],
				"type": "AzureSqlDWTable",
				"schema": [
					{
						"name": "VPD_ID",
						"type": "decimal",
						"precision": 6,
						"scale": 0
					},
					{
						"name": "CTT_ID",
						"type": "nvarchar"
					},
					{
						"name": "CTT_CREATED",
						"type": "datetime2",
						"scale": 6
					},
					{
						"name": "CTT_MODIFIED",
						"type": "datetime2",
						"scale": 6
					},
					{
						"name": "CTT_ACTIVE",
						"type": "nvarchar"
					},
					{
						"name": "CTT_CLOCK_IN",
						"type": "datetime2",
						"scale": 6
					},
					{
						"name": "CTT_CLOCK_IN_ALTERED",
						"type": "datetime2",
						"scale": 6
					},
					{
						"name": "CTT_CLOCK_OUT",
						"type": "datetime2",
						"scale": 6
					},
					{
						"name": "CTT_CLOCK_OUT_ALTERED",
						"type": "datetime2",
						"scale": 6
					},
					{
						"name": "CTT_CHILD_CLOCK_IN_VERIFIED",
						"type": "nvarchar"
					},
					{
						"name": "CTT_CHILD_CLOCK_OUT_VERIFIED",
						"type": "nvarchar"
					},
					{
						"name": "CTT_MEMBER_CLOCK_IN_VERIFIED",
						"type": "nvarchar"
					},
					{
						"name": "CTT_MEMBER_CLOCK_OUT_VERIFIED",
						"type": "nvarchar"
					},
					{
						"name": "CTT_COMMENT",
						"type": "nvarchar"
					},
					{
						"name": "MCD_ID",
						"type": "nvarchar"
					},
					{
						"name": "SS_ID",
						"type": "nvarchar"
					},
					{
						"name": "TZL_ID_CLOCK_IN",
						"type": "nvarchar"
					},
					{
						"name": "TZL_ID_CLOCK_OUT",
						"type": "nvarchar"
					},
					{
						"name": "TZL_ID_CLOCK_IN_MODIFIED",
						"type": "nvarchar"
					},
					{
						"name": "TZL_ID_CLOCK_OUT_MODIFIED",
						"type": "nvarchar"
					},
					{
						"name": "E_ID_CLOCK_IN",
						"type": "nvarchar"
					},
					{
						"name": "E_ID_CLOCK_OUT",
						"type": "nvarchar"
					},
					{
						"name": "M_ID_CLOCK_IN",
						"type": "nvarchar"
					},
					{
						"name": "M_ID_CLOCK_OUT",
						"type": "nvarchar"
					}
				],
				"typeProperties": {
					"schema": "StgDatatrak",
					"table": "STG_CHILDTIMETRACKING_INCR"
				}
			},
			"dependsOn": []
		},
		{
			"name": "[concat(parameters('factoryName'), '/AzureSynapseAnalyticsTable21')]",
			"type": "Microsoft.DataFactory/factories/datasets",
			"apiVersion": "2018-06-01",
			"properties": {
				"linkedServiceName": {
					"referenceName": "AzureSynapseAnalytics1",
					"type": "LinkedServiceReference"
				},
				"annotations": [],
				"type": "AzureSqlDWTable",
				"schema": [
					{
						"name": "VPD_ID",
						"type": "decimal",
						"precision": 6,
						"scale": 0
					},
					{
						"name": "CTT_ID",
						"type": "nvarchar"
					},
					{
						"name": "CTT_CREATED",
						"type": "datetime2",
						"scale": 6
					},
					{
						"name": "CTT_MODIFIED",
						"type": "datetime2",
						"scale": 6
					},
					{
						"name": "CTT_ACTIVE",
						"type": "nvarchar"
					},
					{
						"name": "CTT_CLOCK_IN",
						"type": "datetime2",
						"scale": 6
					},
					{
						"name": "CTT_CLOCK_IN_ALTERED",
						"type": "datetime2",
						"scale": 6
					},
					{
						"name": "CTT_CLOCK_OUT",
						"type": "datetime2",
						"scale": 6
					},
					{
						"name": "CTT_CLOCK_OUT_ALTERED",
						"type": "datetime2",
						"scale": 6
					},
					{
						"name": "CTT_CHILD_CLOCK_IN_VERIFIED",
						"type": "nvarchar"
					},
					{
						"name": "CTT_CHILD_CLOCK_OUT_VERIFIED",
						"type": "nvarchar"
					},
					{
						"name": "CTT_MEMBER_CLOCK_IN_VERIFIED",
						"type": "nvarchar"
					},
					{
						"name": "CTT_MEMBER_CLOCK_OUT_VERIFIED",
						"type": "nvarchar"
					},
					{
						"name": "CTT_COMMENT",
						"type": "nvarchar"
					},
					{
						"name": "MCD_ID",
						"type": "nvarchar"
					},
					{
						"name": "SS_ID",
						"type": "nvarchar"
					},
					{
						"name": "TZL_ID_CLOCK_IN",
						"type": "nvarchar"
					},
					{
						"name": "TZL_ID_CLOCK_OUT",
						"type": "nvarchar"
					},
					{
						"name": "TZL_ID_CLOCK_IN_MODIFIED",
						"type": "nvarchar"
					},
					{
						"name": "TZL_ID_CLOCK_OUT_MODIFIED",
						"type": "nvarchar"
					},
					{
						"name": "E_ID_CLOCK_IN",
						"type": "nvarchar"
					},
					{
						"name": "E_ID_CLOCK_OUT",
						"type": "nvarchar"
					},
					{
						"name": "M_ID_CLOCK_IN",
						"type": "nvarchar"
					},
					{
						"name": "M_ID_CLOCK_OUT",
						"type": "nvarchar"
					},
					{
						"name": "SOURCE_SYSTEM",
						"type": "nvarchar"
					},
					{
						"name": "DW_CHANGE_DATE",
						"type": "datetime",
						"precision": 23,
						"scale": 3
					}
				],
				"typeProperties": {
					"schema": "StgDatatrak",
					"table": "STG_CHILDTIMETRACKING_INCR"
				}
			},
			"dependsOn": []
		},
		{
			"name": "[concat(parameters('factoryName'), '/AzureSynapseAnalyticsTable22')]",
			"type": "Microsoft.DataFactory/factories/datasets",
			"apiVersion": "2018-06-01",
			"properties": {
				"linkedServiceName": {
					"referenceName": "AzureSynapseAnalytics1",
					"type": "LinkedServiceReference"
				},
				"annotations": [],
				"type": "AzureSqlDWTable",
				"schema": [
					{
						"name": "VPD_ID",
						"type": "decimal",
						"precision": 6,
						"scale": 0
					},
					{
						"name": "CIL_ID",
						"type": "nvarchar"
					},
					{
						"name": "CIL_CHECKIN_DATE",
						"type": "datetime2",
						"scale": 6
					},
					{
						"name": "CIL_CHECKIN_DATE_LOCAL",
						"type": "datetime2",
						"scale": 6
					},
					{
						"name": "CIL_CHECKIN_DATE_ONLY",
						"type": "decimal",
						"precision": 8,
						"scale": 0
					},
					{
						"name": "CIL_AGREEMENT_NUM",
						"type": "nvarchar"
					},
					{
						"name": "CIL_AGREEMENT_TYPE",
						"type": "nvarchar"
					},
					{
						"name": "CIL_RENEWAL_TYPE",
						"type": "nvarchar"
					},
					{
						"name": "CIL_HAS_ALERTS",
						"type": "nvarchar"
					},
					{
						"name": "CIL_HAS_NOTES",
						"type": "nvarchar"
					},
					{
						"name": "CIL_OVERRIDE_STATE",
						"type": "nvarchar"
					},
					{
						"name": "CIL_ACKNOWLEDGED",
						"type": "nvarchar"
					},
					{
						"name": "CIL_STATION_ID",
						"type": "nvarchar"
					},
					{
						"name": "SPL_ID",
						"type": "nvarchar"
					},
					{
						"name": "TZL_ID_CHECKIN_DATE_LOCAL",
						"type": "nvarchar"
					},
					{
						"name": "M_ID",
						"type": "nvarchar"
					},
					{
						"name": "CIL_LAST_CHECKIN_DATE",
						"type": "datetime2",
						"scale": 6
					},
					{
						"name": "AH_ID",
						"type": "nvarchar"
					},
					{
						"name": "BES_ID",
						"type": "nvarchar"
					}
				],
				"typeProperties": {
					"schema": "StgDatatrak",
					"table": "STG_CHECKINLOGS_INCR"
				}
			},
			"dependsOn": []
		},
		{
			"name": "[concat(parameters('factoryName'), '/AzureSynapseAnalyticsTable23')]",
			"type": "Microsoft.DataFactory/factories/datasets",
			"apiVersion": "2018-06-01",
			"properties": {
				"linkedServiceName": {
					"referenceName": "AzureSynapseAnalytics1",
					"type": "LinkedServiceReference"
				},
				"annotations": [],
				"type": "AzureSqlDWTable",
				"schema": [
					{
						"name": "VPD_ID",
						"type": "decimal",
						"precision": 6,
						"scale": 0
					},
					{
						"name": "CN_ID",
						"type": "nvarchar"
					},
					{
						"name": "CN_CREATED",
						"type": "datetime2",
						"scale": 6
					},
					{
						"name": "CN_CREATED_LOCAL",
						"type": "datetime2",
						"scale": 6
					},
					{
						"name": "CN_MODIFIED",
						"type": "datetime2",
						"scale": 6
					},
					{
						"name": "CN_ACTIVE",
						"type": "nvarchar"
					},
					{
						"name": "CN_NOTE",
						"type": "nvarchar"
					},
					{
						"name": "E_ID",
						"type": "nvarchar"
					},
					{
						"name": "MCD_ID",
						"type": "nvarchar"
					},
					{
						"name": "TZL_ID_CREATED",
						"type": "nvarchar"
					}
				],
				"typeProperties": {
					"schema": "StgDatatrak",
					"table": "STG_CHILDNOTES_INCR"
				}
			},
			"dependsOn": []
		},
		{
			"name": "[concat(parameters('factoryName'), '/AzureSynapseAnalyticsTable24')]",
			"type": "Microsoft.DataFactory/factories/datasets",
			"apiVersion": "2018-06-01",
			"properties": {
				"linkedServiceName": {
					"referenceName": "AzureSynapseAnalytics1",
					"type": "LinkedServiceReference"
				},
				"annotations": [],
				"type": "AzureSqlDWTable",
				"schema": [
					{
						"name": "VPD_ID",
						"type": "decimal",
						"precision": 6,
						"scale": 0
					},
					{
						"name": "D_ID",
						"type": "nvarchar"
					},
					{
						"name": "D_CREATED",
						"type": "datetime2",
						"scale": 6
					},
					{
						"name": "D_MODIFIED",
						"type": "datetime2",
						"scale": 6
					},
					{
						"name": "D_ACTIVE",
						"type": "nvarchar"
					},
					{
						"name": "D_NAME",
						"type": "nvarchar"
					},
					{
						"name": "D_SHOW_IN_CALENDAR",
						"type": "nvarchar"
					},
					{
						"name": "D_SHOW_ONLINE",
						"type": "nvarchar"
					},
					{
						"name": "D_SALESPERSON_ONLINE",
						"type": "nvarchar"
					},
					{
						"name": "D_ADP_CODE",
						"type": "nvarchar"
					}
				],
				"typeProperties": {
					"schema": "StgDatatrak",
					"table": "STG_DEPARTMENTS_INCR"
				}
			},
			"dependsOn": []
		},
		{
			"name": "[concat(parameters('factoryName'), '/AzureSynapseAnalyticsTable25')]",
			"type": "Microsoft.DataFactory/factories/datasets",
			"apiVersion": "2018-06-01",
			"properties": {
				"linkedServiceName": {
					"referenceName": "AzureSynapseAnalytics1",
					"type": "LinkedServiceReference"
				},
				"annotations": [],
				"type": "AzureSqlDWTable",
				"schema": [
					{
						"name": "VPD_ID",
						"type": "decimal",
						"precision": 6,
						"scale": 0
					},
					{
						"name": "E_ID",
						"type": "nvarchar"
					},
					{
						"name": "E_CREATED",
						"type": "datetime2",
						"scale": 6
					},
					{
						"name": "E_MODIFIED",
						"type": "datetime2",
						"scale": 6
					},
					{
						"name": "E_ACTIVE",
						"type": "nvarchar"
					},
					{
						"name": "E_NAME_LAST",
						"type": "nvarchar"
					},
					{
						"name": "E_NAME_FIRST",
						"type": "nvarchar"
					},
					{
						"name": "E_NAME_MI",
						"type": "nvarchar"
					},
					{
						"name": "E_NAME_FIRST_LAST",
						"type": "nvarchar"
					},
					{
						"name": "E_NAME_LAST_FIRST",
						"type": "nvarchar"
					},
					{
						"name": "E_ADDRESS",
						"type": "nvarchar"
					},
					{
						"name": "E_CITY",
						"type": "nvarchar"
					},
					{
						"name": "E_ZIP",
						"type": "nvarchar"
					},
					{
						"name": "E_EMAIL",
						"type": "nvarchar"
					},
					{
						"name": "E_PHONE_CELL",
						"type": "nvarchar"
					},
					{
						"name": "E_PHONE_OFFICE",
						"type": "nvarchar"
					},
					{
						"name": "E_PHONE_OFFICE_EXT",
						"type": "nvarchar"
					},
					{
						"name": "E_PHONE_FAX",
						"type": "nvarchar"
					},
					{
						"name": "E_PHONE_EMERGENCY",
						"type": "nvarchar"
					},
					{
						"name": "E_PHONE_EMERGENCY_EXT",
						"type": "nvarchar"
					},
					{
						"name": "E_PHONE_HOME",
						"type": "nvarchar"
					},
					{
						"name": "E_BIRTHDATE",
						"type": "datetime2",
						"scale": 6
					},
					{
						"name": "E_SSN",
						"type": "nvarchar"
					},
					{
						"name": "E_START_DATE",
						"type": "datetime2",
						"scale": 6
					},
					{
						"name": "E_TERMINATION_DATE",
						"type": "datetime2",
						"scale": 6
					},
					{
						"name": "E_WAGE",
						"type": "decimal",
						"precision": 8,
						"scale": 2
					},
					{
						"name": "E_COMMISSION_LEVEL",
						"type": "decimal",
						"precision": 1,
						"scale": 0
					},
					{
						"name": "E_POS_ACCESS_CODE",
						"type": "nvarchar"
					},
					{
						"name": "E_BARCODE",
						"type": "nvarchar"
					},
					{
						"name": "E_SELL_AGREEMENT",
						"type": "nvarchar"
					},
					{
						"name": "E_TRACK_AVAILABILITY",
						"type": "nvarchar"
					},
					{
						"name": "E_ABC_CODE",
						"type": "nvarchar"
					},
					{
						"name": "E_EMAIL_UPDATES",
						"type": "nvarchar"
					},
					{
						"name": "E_FINGERPRINT",
						"type": "varbinary"
					},
					{
						"name": "ETL_ID",
						"type": "nvarchar"
					},
					{
						"name": "STL_ID",
						"type": "nvarchar"
					},
					{
						"name": "E_SSN_LAST_FOUR",
						"type": "nvarchar"
					},
					{
						"name": "E_ALLOW_MULTI_CLOCK_IN",
						"type": "nvarchar"
					},
					{
						"name": "MP_ID",
						"type": "nvarchar"
					},
					{
						"name": "E_PROFILE",
						"type": "nvarchar"
					},
					{
						"name": "E_SMS_UPDATES",
						"type": "nvarchar"
					},
					{
						"name": "E_SSN_ENC_KEY",
						"type": "nvarchar"
					},
					{
						"name": "E_SSN_ENC_DATA",
						"type": "nvarchar"
					},
					{
						"name": "ETLE_ID",
						"type": "nvarchar"
					},
					{
						"name": "E_MODIFIED_DW",
						"type": "datetime2",
						"scale": 6
					},
					{
						"name": "E_ADP_CODE",
						"type": "nvarchar"
					},
					{
						"name": "CTL_ID",
						"type": "nvarchar"
					}
				],
				"typeProperties": {
					"schema": "StgDatatrak",
					"table": "STG_EMPLOYEES_INCR"
				}
			},
			"dependsOn": []
		},
		{
			"name": "[concat(parameters('factoryName'), '/AzureSynapseAnalyticsTable26')]",
			"type": "Microsoft.DataFactory/factories/datasets",
			"apiVersion": "2018-06-01",
			"properties": {
				"linkedServiceName": {
					"referenceName": "AzureSynapseAnalytics1",
					"type": "LinkedServiceReference"
				},
				"annotations": [],
				"type": "AzureSqlDWTable",
				"schema": [
					{
						"name": "VPD_ID",
						"type": "decimal",
						"precision": 6,
						"scale": 0
					},
					{
						"name": "ED_ID",
						"type": "nvarchar"
					},
					{
						"name": "ED_CREATED",
						"type": "datetime2",
						"scale": 6
					},
					{
						"name": "ED_MODIFIED",
						"type": "datetime2",
						"scale": 6
					},
					{
						"name": "ED_ACTIVE",
						"type": "nvarchar"
					},
					{
						"name": "ED_VALUE",
						"type": "decimal",
						"precision": 6,
						"scale": 0
					}
				],
				"typeProperties": {
					"schema": "StgDatatrak",
					"table": "STG_EVENTDURATIONS_INCR"
				}
			},
			"dependsOn": []
		},
		{
			"name": "[concat(parameters('factoryName'), '/AzureSynapseAnalyticsTable27')]",
			"type": "Microsoft.DataFactory/factories/datasets",
			"apiVersion": "2018-06-01",
			"properties": {
				"linkedServiceName": {
					"referenceName": "AzureSynapseAnalytics1",
					"type": "LinkedServiceReference"
				},
				"annotations": [],
				"type": "AzureSqlDWTable",
				"schema": [
					{
						"name": "VPD_ID",
						"type": "decimal",
						"precision": 6,
						"scale": 0
					},
					{
						"name": "EVI_ID",
						"type": "nvarchar"
					},
					{
						"name": "EVI_CREATED",
						"type": "datetime2",
						"scale": 6
					},
					{
						"name": "EVI_MODIFIED",
						"type": "datetime2",
						"scale": 6
					},
					{
						"name": "EVI_ACTIVE",
						"type": "nvarchar"
					},
					{
						"name": "EVI_START_TIME",
						"type": "datetime2",
						"scale": 6
					},
					{
						"name": "EVI_END_TIME",
						"type": "datetime2",
						"scale": 6
					},
					{
						"name": "EVI_MAX_ATTENDEES",
						"type": "decimal",
						"precision": 6,
						"scale": 0
					},
					{
						"name": "EVI_FREE",
						"type": "nvarchar"
					},
					{
						"name": "EVI_COMMENT",
						"type": "nvarchar"
					},
					{
						"name": "EL_ID",
						"type": "nvarchar"
					},
					{
						"name": "ED_ID",
						"type": "nvarchar"
					},
					{
						"name": "ESS_ID",
						"type": "nvarchar"
					},
					{
						"name": "ESRC_ID",
						"type": "nvarchar"
					},
					{
						"name": "STAFF_E_ID",
						"type": "nvarchar"
					},
					{
						"name": "ELT_ID",
						"type": "nvarchar"
					},
					{
						"name": "ET_ID",
						"type": "nvarchar"
					},
					{
						"name": "ETL_ID",
						"type": "nvarchar"
					},
					{
						"name": "SPL_ID",
						"type": "nvarchar"
					},
					{
						"name": "RE_ID",
						"type": "nvarchar"
					},
					{
						"name": "EVI_PAYMENT_MODE",
						"type": "decimal",
						"precision": 1,
						"scale": 0
					},
					{
						"name": "E_ID_PRIMARY",
						"type": "nvarchar"
					},
					{
						"name": "EVI_REFRESH_EMPLOYEE",
						"type": "nvarchar"
					},
					{
						"name": "EIG_ID",
						"type": "nvarchar"
					},
					{
						"name": "EVI_COMMISSION",
						"type": "decimal",
						"precision": 8,
						"scale": 2
					},
					{
						"name": "EVI_VERIFIED",
						"type": "datetime2",
						"scale": 6
					},
					{
						"name": "EVI_COMPLETED",
						"type": "datetime2",
						"scale": 6
					},
					{
						"name": "E_ID_COMPLETED",
						"type": "nvarchar"
					},
					{
						"name": "EVI_REMINDERS_CREATED",
						"type": "nvarchar"
					},
					{
						"name": "EVI_SMS_REMINDERS_CREATED",
						"type": "nvarchar"
					}
				],
				"typeProperties": {
					"schema": "StgDatatrak",
					"table": "STG_EVENTITEMS_INCR"
				}
			},
			"dependsOn": []
		},
		{
			"name": "[concat(parameters('factoryName'), '/AzureSynapseAnalyticsTable28')]",
			"type": "Microsoft.DataFactory/factories/datasets",
			"apiVersion": "2018-06-01",
			"properties": {
				"linkedServiceName": {
					"referenceName": "AzureSynapseAnalytics1",
					"type": "LinkedServiceReference"
				},
				"annotations": [],
				"type": "AzureSqlDWTable",
				"schema": [
					{
						"name": "VPD_ID",
						"type": "decimal",
						"precision": 6,
						"scale": 0
					},
					{
						"name": "EL_ID",
						"type": "nvarchar"
					},
					{
						"name": "EL_CREATED",
						"type": "datetime2",
						"scale": 6
					},
					{
						"name": "EL_MODIFIED",
						"type": "datetime2",
						"scale": 6
					},
					{
						"name": "EL_ACTIVE",
						"type": "nvarchar"
					},
					{
						"name": "EL_NAME",
						"type": "nvarchar"
					},
					{
						"name": "EL_ABC_CODE",
						"type": "nvarchar"
					},
					{
						"name": "ELT_ID",
						"type": "nvarchar"
					},
					{
						"name": "SPL_ID",
						"type": "nvarchar"
					},
					{
						"name": "EL_DETAILS",
						"type": "nvarchar"
					}
				],
				"typeProperties": {
					"schema": "StgDatatrak",
					"table": "STG_EVENTLOCATIONS_INCR"
				}
			},
			"dependsOn": []
		}
	]
}