{
	"$schema": "http://schema.management.azure.com/schemas/2015-01-01/deploymentTemplate.json#",
	"contentVersion": "1.0.0.0",
	"parameters": {
		"factoryName": {
			"type": "string",
			"metadata": "Data Factory name",
			"defaultValue": "PlanetFitnessDF"
		}
	},
	"variables": {
		"factoryId": "[concat('Microsoft.DataFactory/factories/', parameters('factoryName'))]"
	},
	"resources": [
		{
			"name": "[concat(parameters('factoryName'), '/SNK_SYN_RCM_ABCBILLING_Adjustment_INCR')]",
			"type": "Microsoft.DataFactory/factories/datasets",
			"apiVersion": "2018-06-01",
			"properties": {
				"linkedServiceName": {
					"referenceName": "AzureSynapseAnalytics1",
					"type": "LinkedServiceReference"
				},
				"annotations": [],
				"type": "AzureSqlDWTable",
				"schema": [
					{
						"name": "ctl_id",
						"type": "nvarchar"
					},
					{
						"name": "ctl_created",
						"type": "datetime2",
						"scale": 0
					},
					{
						"name": "ctl_modified",
						"type": "datetime2",
						"scale": 0
					},
					{
						"name": "ctl_abbreviation",
						"type": "nvarchar"
					},
					{
						"name": "ctl_code",
						"type": "int",
						"precision": 10
					}
				],
				"typeProperties": {
					"schema": "StgRCM",
					"table": "ABCBILLING_ADJUSTMENT_INCR"
				}
			},
			"dependsOn": []
		},
		{
			"name": "[concat(parameters('factoryName'), '/SNK_SYN_RCM_ABCBILLING_Adjustment__Code_INCR')]",
			"type": "Microsoft.DataFactory/factories/datasets",
			"apiVersion": "2018-06-01",
			"properties": {
				"linkedServiceName": {
					"referenceName": "AzureSynapseAnalytics1",
					"type": "LinkedServiceReference"
				},
				"annotations": [],
				"type": "AzureSqlDWTable",
				"schema": [
					{
						"name": "ctl_id",
						"type": "nvarchar"
					},
					{
						"name": "ctl_created",
						"type": "datetime2",
						"scale": 0
					},
					{
						"name": "ctl_modified",
						"type": "datetime2",
						"scale": 0
					},
					{
						"name": "ctl_abbreviation",
						"type": "nvarchar"
					},
					{
						"name": "ctl_code",
						"type": "int",
						"precision": 10
					}
				],
				"typeProperties": {
					"schema": "StgRCM",
					"table": "ABCBILLING_ADJUSTMENT_CODE_INCR"
				}
			},
			"dependsOn": []
		},
		{
			"name": "[concat(parameters('factoryName'), '/SNK_SYN_RCM_ABCBILLING_Agreement_Group_Assignment_INCR')]",
			"type": "Microsoft.DataFactory/factories/datasets",
			"apiVersion": "2018-06-01",
			"properties": {
				"linkedServiceName": {
					"referenceName": "AzureSynapseAnalytics1",
					"type": "LinkedServiceReference"
				},
				"annotations": [],
				"type": "AzureSqlDWTable",
				"schema": [
					{
						"name": "ctl_id",
						"type": "nvarchar"
					},
					{
						"name": "ctl_created",
						"type": "datetime2",
						"scale": 0
					},
					{
						"name": "ctl_modified",
						"type": "datetime2",
						"scale": 0
					},
					{
						"name": "ctl_abbreviation",
						"type": "nvarchar"
					},
					{
						"name": "ctl_code",
						"type": "int",
						"precision": 10
					}
				],
				"typeProperties": {
					"schema": "StgRCM",
					"table": "ABCBILLING_AGREEMENT_GROUP_ASSIGNMENT_INCR"
				}
			},
			"dependsOn": []
		},
		{
			"name": "[concat(parameters('factoryName'), '/SNK_SYN_RCM_ABCBILLING_Agreement_Group_INCR')]",
			"type": "Microsoft.DataFactory/factories/datasets",
			"apiVersion": "2018-06-01",
			"properties": {
				"linkedServiceName": {
					"referenceName": "AzureSynapseAnalytics1",
					"type": "LinkedServiceReference"
				},
				"annotations": [],
				"type": "AzureSqlDWTable",
				"schema": [
					{
						"name": "ctl_id",
						"type": "nvarchar"
					},
					{
						"name": "ctl_created",
						"type": "datetime2",
						"scale": 0
					},
					{
						"name": "ctl_modified",
						"type": "datetime2",
						"scale": 0
					},
					{
						"name": "ctl_abbreviation",
						"type": "nvarchar"
					},
					{
						"name": "ctl_code",
						"type": "int",
						"precision": 10
					}
				],
				"typeProperties": {
					"schema": "StgRCM",
					"table": "ABCBILLING_AGREEMENT_GROUP_INCR"
				}
			},
			"dependsOn": []
		},
		{
			"name": "[concat(parameters('factoryName'), '/SNK_SYN_RCM_ABCBILLING_Agreement_INCR')]",
			"type": "Microsoft.DataFactory/factories/datasets",
			"apiVersion": "2018-06-01",
			"properties": {
				"linkedServiceName": {
					"referenceName": "AzureSynapseAnalytics1",
					"type": "LinkedServiceReference"
				},
				"annotations": [],
				"type": "AzureSqlDWTable",
				"schema": [
					{
						"name": "ctl_id",
						"type": "nvarchar"
					},
					{
						"name": "ctl_created",
						"type": "datetime2",
						"scale": 0
					},
					{
						"name": "ctl_modified",
						"type": "datetime2",
						"scale": 0
					},
					{
						"name": "ctl_abbreviation",
						"type": "nvarchar"
					},
					{
						"name": "ctl_code",
						"type": "int",
						"precision": 10
					}
				],
				"typeProperties": {
					"schema": "StgRCM",
					"table": "ABCBILLING_AGREEMENT_INCR"
				}
			},
			"dependsOn": []
		},
		{
			"name": "[concat(parameters('factoryName'), '/SNK_SYN_RCM_ABCBILLING_Agreement_Member_INCR')]",
			"type": "Microsoft.DataFactory/factories/datasets",
			"apiVersion": "2018-06-01",
			"properties": {
				"linkedServiceName": {
					"referenceName": "AzureSynapseAnalytics1",
					"type": "LinkedServiceReference"
				},
				"annotations": [],
				"type": "AzureSqlDWTable",
				"schema": [
					{
						"name": "ctl_id",
						"type": "nvarchar"
					},
					{
						"name": "ctl_created",
						"type": "datetime2",
						"scale": 0
					},
					{
						"name": "ctl_modified",
						"type": "datetime2",
						"scale": 0
					},
					{
						"name": "ctl_abbreviation",
						"type": "nvarchar"
					},
					{
						"name": "ctl_code",
						"type": "int",
						"precision": 10
					}
				],
				"typeProperties": {
					"schema": "StgRCM",
					"table": "ABCBILLING_AGREEMENT_MEMBER_INCR"
				}
			},
			"dependsOn": []
		},
		{
			"name": "[concat(parameters('factoryName'), '/SNK_SYN_RCM_ABCBILLING_Agreement_Payor_Profile_INCR')]",
			"type": "Microsoft.DataFactory/factories/datasets",
			"apiVersion": "2018-06-01",
			"properties": {
				"linkedServiceName": {
					"referenceName": "AzureSynapseAnalytics1",
					"type": "LinkedServiceReference"
				},
				"annotations": [],
				"type": "AzureSqlDWTable",
				"schema": [],
				"typeProperties": {
					"schema": "StgRCM",
					"table": "ABCBILLING_Agreement_Payor_Profile_INCR"
				}
			},
			"dependsOn": []
		},
		{
			"name": "[concat(parameters('factoryName'), '/SNK_SYN_RCM_ABCBILLING_BILLING_ACCOUNT_ENTRY_INCR')]",
			"type": "Microsoft.DataFactory/factories/datasets",
			"apiVersion": "2018-06-01",
			"properties": {
				"linkedServiceName": {
					"referenceName": "AzureSynapseAnalytics1",
					"type": "LinkedServiceReference"
				},
				"annotations": [],
				"type": "AzureSqlDWTable",
				"schema": [
					{
						"name": "ctl_id",
						"type": "nvarchar"
					},
					{
						"name": "ctl_created",
						"type": "datetime2",
						"scale": 0
					},
					{
						"name": "ctl_modified",
						"type": "datetime2",
						"scale": 0
					},
					{
						"name": "ctl_abbreviation",
						"type": "nvarchar"
					},
					{
						"name": "ctl_code",
						"type": "int",
						"precision": 10
					}
				],
				"typeProperties": {
					"schema": "StgRCM",
					"table": "ABCBILLING_BILLING_ACCOUNT_ENTRY_INCR"
				}
			},
			"dependsOn": []
		},
		{
			"name": "[concat(parameters('factoryName'), '/SNK_SYN_RCM_ABCBILLING_BILLING_ACCOUNT_INCR')]",
			"type": "Microsoft.DataFactory/factories/datasets",
			"apiVersion": "2018-06-01",
			"properties": {
				"linkedServiceName": {
					"referenceName": "AzureSynapseAnalytics1",
					"type": "LinkedServiceReference"
				},
				"annotations": [],
				"type": "AzureSqlDWTable",
				"schema": [
					{
						"name": "agrm_id",
						"type": "nvarchar"
					},
					{
						"name": "ba_status",
						"type": "nvarchar"
					},
					{
						"name": "ba_past_due_date",
						"type": "datetime2",
						"scale": 0
					},
					{
						"name": "ba_past_due_amount",
						"type": "decimal",
						"precision": 19,
						"scale": 4
					},
					{
						"name": "ba_is_past_due",
						"type": "bit"
					},
					{
						"name": "ba_returned_for_collection_date",
						"type": "datetime2",
						"scale": 0
					},
					{
						"name": "ba_reinstate_status",
						"type": "nvarchar"
					},
					{
						"name": "ba_overdue_evaluation_date",
						"type": "datetime2",
						"scale": 0
					},
					{
						"name": "org_id",
						"type": "nvarchar"
					},
					{
						"name": "loc_id",
						"type": "nvarchar"
					},
					{
						"name": "ba_created",
						"type": "datetime2",
						"scale": 0
					},
					{
						"name": "ba_modified",
						"type": "datetime2",
						"scale": 0
					},
					{
						"name": "ba_is_send_collection_event",
						"type": "bit"
					},
					{
						"name": "ba_is_location_payment_processed",
						"type": "bit"
					}
				],
				"typeProperties": {
					"schema": "StgRCM",
					"table": "ABCBILLING_BILLING_ACCOUNT_INCR"
				}
			},
			"dependsOn": []
		},
		{
			"name": "[concat(parameters('factoryName'), '/SNK_SYN_RCM_ABCBILLING_BILLING_ACCOUNT_PAYMENT_METHOD_INCR')]",
			"type": "Microsoft.DataFactory/factories/datasets",
			"apiVersion": "2018-06-01",
			"properties": {
				"linkedServiceName": {
					"referenceName": "AzureSynapseAnalytics1",
					"type": "LinkedServiceReference"
				},
				"annotations": [],
				"type": "AzureSqlDWTable",
				"schema": [
					{
						"name": "ctl_id",
						"type": "nvarchar"
					},
					{
						"name": "ctl_created",
						"type": "datetime2",
						"scale": 0
					},
					{
						"name": "ctl_modified",
						"type": "datetime2",
						"scale": 0
					},
					{
						"name": "ctl_abbreviation",
						"type": "nvarchar"
					},
					{
						"name": "ctl_code",
						"type": "int",
						"precision": 10
					}
				],
				"typeProperties": {
					"schema": "StgRCM",
					"table": "ABCBILLING_BILLING_ACCOUNT_PAYMENT_METHOD_INCR"
				}
			},
			"dependsOn": []
		},
		{
			"name": "[concat(parameters('factoryName'), '/SNK_SYN_RCM_ABCBILLING_BUNDLED_ACH_RETURN_INCR')]",
			"type": "Microsoft.DataFactory/factories/datasets",
			"apiVersion": "2018-06-01",
			"properties": {
				"linkedServiceName": {
					"referenceName": "AzureSynapseAnalytics1",
					"type": "LinkedServiceReference"
				},
				"annotations": [],
				"type": "AzureSqlDWTable",
				"schema": [
					{
						"name": "ctl_id",
						"type": "nvarchar"
					},
					{
						"name": "ctl_created",
						"type": "datetime2",
						"scale": 0
					},
					{
						"name": "ctl_modified",
						"type": "datetime2",
						"scale": 0
					},
					{
						"name": "ctl_abbreviation",
						"type": "nvarchar"
					},
					{
						"name": "ctl_code",
						"type": "int",
						"precision": 10
					}
				],
				"typeProperties": {
					"schema": "StgRCM",
					"table": "ABCBILLING_BUNDLED_ACH_RETURN_INCR"
				}
			},
			"dependsOn": []
		},
		{
			"name": "[concat(parameters('factoryName'), '/SNK_SYN_RCM_ABCBILLING_BUNDLED_CHARGEBACK_INCR')]",
			"type": "Microsoft.DataFactory/factories/datasets",
			"apiVersion": "2018-06-01",
			"properties": {
				"linkedServiceName": {
					"referenceName": "AzureSynapseAnalytics1",
					"type": "LinkedServiceReference"
				},
				"annotations": [],
				"type": "AzureSqlDWTable",
				"schema": [
					{
						"name": "ctl_id",
						"type": "nvarchar"
					},
					{
						"name": "ctl_created",
						"type": "datetime2",
						"scale": 0
					},
					{
						"name": "ctl_modified",
						"type": "datetime2",
						"scale": 0
					},
					{
						"name": "ctl_abbreviation",
						"type": "nvarchar"
					},
					{
						"name": "ctl_code",
						"type": "int",
						"precision": 10
					}
				],
				"typeProperties": {
					"schema": "StgRCM",
					"table": "ABCBILLING_BUNDLED_CHARGEBACK_INCR"
				}
			},
			"dependsOn": []
		},
		{
			"name": "[concat(parameters('factoryName'), '/SNK_SYN_RCM_ABCBILLING_BUNDLED_DEPOSIT_INCR')]",
			"type": "Microsoft.DataFactory/factories/datasets",
			"apiVersion": "2018-06-01",
			"properties": {
				"linkedServiceName": {
					"referenceName": "AzureSynapseAnalytics1",
					"type": "LinkedServiceReference"
				},
				"annotations": [],
				"type": "AzureSqlDWTable",
				"schema": [
					{
						"name": "ctl_id",
						"type": "nvarchar"
					},
					{
						"name": "ctl_created",
						"type": "datetime2",
						"scale": 0
					},
					{
						"name": "ctl_modified",
						"type": "datetime2",
						"scale": 0
					},
					{
						"name": "ctl_abbreviation",
						"type": "nvarchar"
					},
					{
						"name": "ctl_code",
						"type": "int",
						"precision": 10
					}
				],
				"typeProperties": {
					"schema": "StgRCM",
					"table": "ABCBILLING_BUNDLED_DEPOSIT_INCR"
				}
			},
			"dependsOn": []
		},
		{
			"name": "[concat(parameters('factoryName'), '/SNK_SYN_RCM_ABCBILLING_BUNDLED_PAYMENT_INCR')]",
			"type": "Microsoft.DataFactory/factories/datasets",
			"apiVersion": "2018-06-01",
			"properties": {
				"linkedServiceName": {
					"referenceName": "AzureSynapseAnalytics1",
					"type": "LinkedServiceReference"
				},
				"annotations": [],
				"type": "AzureSqlDWTable",
				"schema": [
					{
						"name": "ctl_id",
						"type": "nvarchar"
					},
					{
						"name": "ctl_created",
						"type": "datetime2",
						"scale": 0
					},
					{
						"name": "ctl_modified",
						"type": "datetime2",
						"scale": 0
					},
					{
						"name": "ctl_abbreviation",
						"type": "nvarchar"
					},
					{
						"name": "ctl_code",
						"type": "int",
						"precision": 10
					}
				],
				"typeProperties": {
					"schema": "StgRCM",
					"table": "ABCBILLING_BUNDLED_PAYMENT_INCR"
				}
			},
			"dependsOn": []
		},
		{
			"name": "[concat(parameters('factoryName'), '/SNK_SYN_RCM_ABCBILLING_CATEGORY_TAX_CODE_INCR')]",
			"type": "Microsoft.DataFactory/factories/datasets",
			"apiVersion": "2018-06-01",
			"properties": {
				"linkedServiceName": {
					"referenceName": "AzureSynapseAnalytics1",
					"type": "LinkedServiceReference"
				},
				"annotations": [],
				"type": "AzureSqlDWTable",
				"schema": [
					{
						"name": "pay_id",
						"type": "nvarchar"
					},
					{
						"name": "loc_id",
						"type": "nvarchar"
					},
					{
						"name": "st_id",
						"type": "nvarchar"
					},
					{
						"name": "pay_posting_date",
						"type": "datetime2",
						"scale": 0
					},
					{
						"name": "pay_amount",
						"type": "decimal",
						"precision": 19,
						"scale": 4
					},
					{
						"name": "pame_id",
						"type": "nvarchar"
					},
					{
						"name": "pay_status",
						"type": "nvarchar"
					},
					{
						"name": "pay_payment_gateway_transaction_id",
						"type": "nvarchar"
					},
					{
						"name": "org_id",
						"type": "nvarchar"
					},
					{
						"name": "pay_created",
						"type": "datetime2",
						"scale": 0
					},
					{
						"name": "pay_modified",
						"type": "datetime2",
						"scale": 0
					},
					{
						"name": "reattempted_pay_id",
						"type": "varbinary"
					},
					{
						"name": "pay_type",
						"type": "nvarchar"
					},
					{
						"name": "pay_due_date",
						"type": "datetime2",
						"scale": 0
					},
					{
						"name": "agrm_id",
						"type": "nvarchar"
					},
					{
						"name": "tok_id",
						"type": "nvarchar"
					},
					{
						"name": "pay_number",
						"type": "nvarchar"
					},
					{
						"name": "pay_retry_count",
						"type": "smallint",
						"precision": 5
					},
					{
						"name": "tran_unique_transaction_number",
						"type": "nvarchar"
					},
					{
						"name": "payor_id",
						"type": "nvarchar"
					},
					{
						"name": "pay_effective_date",
						"type": "date"
					},
					{
						"name": "pay_Scheduled_date",
						"type": "date"
					},
					{
						"name": "bpay_id",
						"type": "nvarchar"
					},
					{
						"name": "pay_comment",
						"type": "nvarchar"
					},
					{
						"name": "source_loc_id",
						"type": "nvarchar"
					},
					{
						"name": "slb_id",
						"type": "nvarchar"
					},
					{
						"name": "led_type",
						"type": "varchar"
					},
					{
						"name": "pay_response_codes",
						"type": "varchar"
					},
					{
						"name": "ppt_id",
						"type": "nvarchar"
					}
				],
				"typeProperties": {
					"schema": "StgRCM",
					"table": "ABCBILLING_CATEGORY_TAX_CODE_INCR"
				}
			},
			"dependsOn": []
		},
		{
			"name": "[concat(parameters('factoryName'), '/SNK_SYN_RCM_ABCBILLING_CHARGEBACK_EVENT_INCR')]",
			"type": "Microsoft.DataFactory/factories/datasets",
			"apiVersion": "2018-06-01",
			"properties": {
				"linkedServiceName": {
					"referenceName": "AzureSynapseAnalytics1",
					"type": "LinkedServiceReference"
				},
				"annotations": [],
				"type": "AzureSqlDWTable",
				"schema": [
					{
						"name": "ctl_id",
						"type": "nvarchar"
					},
					{
						"name": "ctl_created",
						"type": "datetime2",
						"scale": 0
					},
					{
						"name": "ctl_modified",
						"type": "datetime2",
						"scale": 0
					},
					{
						"name": "ctl_abbreviation",
						"type": "nvarchar"
					},
					{
						"name": "ctl_code",
						"type": "int",
						"precision": 10
					}
				],
				"typeProperties": {
					"schema": "StgRCM",
					"table": "ABCBILLING_CHARGEBACK_EVENT_INCR"
				}
			},
			"dependsOn": []
		},
		{
			"name": "[concat(parameters('factoryName'), '/SNK_SYN_RCM_ABCBILLING_CHARGEBACK_INCR')]",
			"type": "Microsoft.DataFactory/factories/datasets",
			"apiVersion": "2018-06-01",
			"properties": {
				"linkedServiceName": {
					"referenceName": "AzureSynapseAnalytics1",
					"type": "LinkedServiceReference"
				},
				"annotations": [],
				"type": "AzureSqlDWTable",
				"schema": [
					{
						"name": "ctl_id",
						"type": "nvarchar"
					},
					{
						"name": "ctl_created",
						"type": "datetime2",
						"scale": 0
					},
					{
						"name": "ctl_modified",
						"type": "datetime2",
						"scale": 0
					},
					{
						"name": "ctl_abbreviation",
						"type": "nvarchar"
					},
					{
						"name": "ctl_code",
						"type": "int",
						"precision": 10
					}
				],
				"typeProperties": {
					"schema": "StgRCM",
					"table": "ABCBILLING_CHARGEBACK_INCR"
				}
			},
			"dependsOn": []
		},
		{
			"name": "[concat(parameters('factoryName'), '/SNK_SYN_RCM_ABCBILLING_CLIENT_ACCOUNT_ENTRY_INCR')]",
			"type": "Microsoft.DataFactory/factories/datasets",
			"apiVersion": "2018-06-01",
			"properties": {
				"linkedServiceName": {
					"referenceName": "AzureSynapseAnalytics1",
					"type": "LinkedServiceReference"
				},
				"annotations": [],
				"type": "AzureSqlDWTable",
				"schema": [
					{
						"name": "ctl_id",
						"type": "nvarchar"
					},
					{
						"name": "ctl_created",
						"type": "datetime2",
						"scale": 0
					},
					{
						"name": "ctl_modified",
						"type": "datetime2",
						"scale": 0
					},
					{
						"name": "ctl_abbreviation",
						"type": "nvarchar"
					},
					{
						"name": "ctl_code",
						"type": "int",
						"precision": 10
					}
				],
				"typeProperties": {
					"schema": "StgRCM",
					"table": "ABCBILLING_CLIENT_ACCOUNT_ENTRY_INCR"
				}
			},
			"dependsOn": []
		},
		{
			"name": "[concat(parameters('factoryName'), '/SNK_SYN_RCM_ABCBILLING_CLIENT_ACCOUNT_PAYMENT_METHOD_INCR')]",
			"type": "Microsoft.DataFactory/factories/datasets",
			"apiVersion": "2018-06-01",
			"properties": {
				"linkedServiceName": {
					"referenceName": "AzureSynapseAnalytics1",
					"type": "LinkedServiceReference"
				},
				"annotations": [],
				"type": "AzureSqlDWTable",
				"schema": [
					{
						"name": "ctl_id",
						"type": "nvarchar"
					},
					{
						"name": "ctl_created",
						"type": "datetime2",
						"scale": 0
					},
					{
						"name": "ctl_modified",
						"type": "datetime2",
						"scale": 0
					},
					{
						"name": "ctl_abbreviation",
						"type": "nvarchar"
					},
					{
						"name": "ctl_code",
						"type": "int",
						"precision": 10
					}
				],
				"typeProperties": {
					"schema": "StgRCM",
					"table": "ABCBILLING_CLIENT_ACCOUNT_PAYMENT_METHOD_INCR"
				}
			},
			"dependsOn": []
		},
		{
			"name": "[concat(parameters('factoryName'), '/SNK_SYN_RCM_ABCBILLING_CLIENT_Profile_INCR')]",
			"type": "Microsoft.DataFactory/factories/datasets",
			"apiVersion": "2018-06-01",
			"properties": {
				"linkedServiceName": {
					"referenceName": "AzureSynapseAnalytics1",
					"type": "LinkedServiceReference"
				},
				"annotations": [],
				"type": "AzureSqlDWTable",
				"schema": [
					{
						"name": "client_id",
						"type": "nvarchar"
					},
					{
						"name": "loc_id",
						"type": "nvarchar"
					},
					{
						"name": "tzl_id",
						"type": "nvarchar"
					},
					{
						"name": "merc_id",
						"type": "nvarchar"
					},
					{
						"name": "cp_created",
						"type": "datetime2",
						"scale": 0
					},
					{
						"name": "cp_modified",
						"type": "datetime2",
						"scale": 0
					},
					{
						"name": "org_id",
						"type": "nvarchar"
					},
					{
						"name": "cp_is_bill_allowed",
						"type": "bit"
					},
					{
						"name": "cp_is_statement_delivery_by_letter_allowed",
						"type": "bit"
					},
					{
						"name": "loc_language",
						"type": "nvarchar"
					},
					{
						"name": "loc_region",
						"type": "nvarchar"
					},
					{
						"name": "loc_variant",
						"type": "nvarchar"
					},
					{
						"name": "cp_is_rfc_state_management_enabled",
						"type": "bit"
					},
					{
						"name": "cp_rfc_days",
						"type": "smallint",
						"precision": 5
					},
					{
						"name": "cp_name",
						"type": "nvarchar"
					},
					{
						"name": "cp_phone",
						"type": "nvarchar"
					},
					{
						"name": "cp_email",
						"type": "nvarchar"
					},
					{
						"name": "cp_start_date",
						"type": "datetime2",
						"scale": 0
					},
					{
						"name": "cp_end_date",
						"type": "datetime2",
						"scale": 0
					},
					{
						"name": "cp_advance_delivery_days",
						"type": "int",
						"precision": 10
					},
					{
						"name": "cp_message",
						"type": "nvarchar"
					},
					{
						"name": "cp_processing_mode",
						"type": "nvarchar"
					},
					{
						"name": "cp_is_tax_included",
						"type": "bit"
					},
					{
						"name": "cp_country_code",
						"type": "nvarchar"
					},
					{
						"name": "cp_is_make_payments_enabled",
						"type": "bit"
					},
					{
						"name": "br_id",
						"type": "nvarchar"
					},
					{
						"name": "cp_type",
						"type": "nvarchar"
					},
					{
						"name": "cp_is_client_statement_schedule_enabled",
						"type": "bit"
					},
					{
						"name": "loc_br_id",
						"type": "nvarchar"
					},
					{
						"name": "cp_is_bundled_payments_allowed",
						"type": "bit"
					},
					{
						"name": "cp_is_new_pricing_model_enabled",
						"type": "bit"
					},
					{
						"name": "cp_is_self_service_sales_tax",
						"type": "bit"
					},
					{
						"name": "cp_dormant_period",
						"type": "bigint",
						"precision": 19
					},
					{
						"name": "cp_is_deferred_collection_allowed",
						"type": "bit"
					},
					{
						"name": "cp_deferred_collection_period_length",
						"type": "tinyint",
						"precision": 3
					},
					{
						"name": "cp_is_communication_fee_allowed",
						"type": "bit"
					},
					{
						"name": "cp_is_standard_statement_processing_applied",
						"type": "bit"
					},
					{
						"name": "ppp_id",
						"type": "nvarchar"
					},
					{
						"name": "cp_is_fee_per_invoice_billing_enabled",
						"type": "bit"
					}
				],
				"typeProperties": {
					"schema": "StgRCM",
					"table": "ABCBILLING_CLIENT_PROFILE_INCR"
				}
			},
			"dependsOn": []
		}
	]
}