{
	"$schema": "http://schema.management.azure.com/schemas/2015-01-01/deploymentTemplate.json#",
	"contentVersion": "1.0.0.0",
	"parameters": {
		"factoryName": {
			"type": "string",
			"metadata": "Data Factory name",
			"defaultValue": "PlanetFitnessDF"
		}
	},
	"variables": {
		"factoryId": "[concat('Microsoft.DataFactory/factories/', parameters('factoryName'))]"
	},
	"resources": [
		{
			"name": "[concat(parameters('factoryName'), '/SNK_SYN_ISERIES_CCDUPDATRF_INCR')]",
			"type": "Microsoft.DataFactory/factories/datasets",
			"apiVersion": "2018-06-01",
			"properties": {
				"linkedServiceName": {
					"referenceName": "AzureSynapseAnalytics1",
					"type": "LinkedServiceReference"
				},
				"annotations": [],
				"type": "AzureSqlDWTable",
				"schema": [
					{
						"name": "CBCLB",
						"type": "int",
						"precision": 10
					},
					{
						"name": "CBCPY",
						"type": "nvarchar"
					},
					{
						"name": "CBACT",
						"type": "nvarchar"
					},
					{
						"name": "CBNME",
						"type": "nvarchar"
					},
					{
						"name": "CBAD1",
						"type": "nvarchar"
					},
					{
						"name": "CBAD2",
						"type": "nvarchar"
					},
					{
						"name": "CBCTY",
						"type": "nvarchar"
					},
					{
						"name": "CBSTE",
						"type": "nvarchar"
					},
					{
						"name": "CBZIP",
						"type": "decimal",
						"precision": 5,
						"scale": 0
					},
					{
						"name": "CBZC4",
						"type": "decimal",
						"precision": 4,
						"scale": 0
					},
					{
						"name": "CBPNM",
						"type": "nvarchar"
					},
					{
						"name": "CBPA1",
						"type": "nvarchar"
					},
					{
						"name": "CBPA2",
						"type": "nvarchar"
					},
					{
						"name": "CBPCY",
						"type": "nvarchar"
					},
					{
						"name": "CBPST",
						"type": "nvarchar"
					},
					{
						"name": "CBPZC",
						"type": "decimal",
						"precision": 5,
						"scale": 0
					},
					{
						"name": "CBPZ4",
						"type": "decimal",
						"precision": 4,
						"scale": 0
					},
					{
						"name": "CBPHA",
						"type": "nvarchar"
					},
					{
						"name": "CBPHP",
						"type": "nvarchar"
					},
					{
						"name": "CBPHN",
						"type": "nvarchar"
					},
					{
						"name": "CBFXA",
						"type": "nvarchar"
					},
					{
						"name": "CBFXP",
						"type": "nvarchar"
					},
					{
						"name": "CBFXN",
						"type": "nvarchar"
					},
					{
						"name": "CBCN1",
						"type": "nvarchar"
					},
					{
						"name": "CBCN2",
						"type": "nvarchar"
					},
					{
						"name": "CBCN3",
						"type": "nvarchar"
					},
					{
						"name": "CBCN4",
						"type": "nvarchar"
					},
					{
						"name": "CBCN5",
						"type": "nvarchar"
					},
					{
						"name": "CBCN6",
						"type": "nvarchar"
					},
					{
						"name": "CBSLM",
						"type": "nvarchar"
					},
					{
						"name": "CBSBD",
						"type": "decimal",
						"precision": 6,
						"scale": 0
					},
					{
						"name": "CBPMO",
						"type": "nvarchar"
					},
					{
						"name": "CBPCH",
						"type": "nvarchar"
					},
					{
						"name": "CBEDT",
						"type": "decimal",
						"precision": 6,
						"scale": 0
					},
					{
						"name": "CBRDT",
						"type": "decimal",
						"precision": 6,
						"scale": 0
					},
					{
						"name": "CBTF3",
						"type": "nvarchar"
					},
					{
						"name": "CBWGR",
						"type": "nvarchar"
					},
					{
						"name": "CBIAR",
						"type": "nvarchar"
					},
					{
						"name": "CBCCP",
						"type": "decimal",
						"precision": 4,
						"scale": 3
					},
					{
						"name": "CBCPD",
						"type": "decimal",
						"precision": 4,
						"scale": 3
					},
					{
						"name": "CBCED",
						"type": "decimal",
						"precision": 4,
						"scale": 3
					},
					{
						"name": "CBCCC",
						"type": "decimal",
						"precision": 4,
						"scale": 3
					},
					{
						"name": "CBCDF",
						"type": "decimal",
						"precision": 4,
						"scale": 3
					},
					{
						"name": "CBACF",
						"type": "nvarchar"
					},
					{
						"name": "CBACA",
						"type": "decimal",
						"precision": 7,
						"scale": 2
					},
					{
						"name": "CBACP",
						"type": "decimal",
						"precision": 4,
						"scale": 3
					},
					{
						"name": "CBAPD",
						"type": "decimal",
						"precision": 4,
						"scale": 3
					},
					{
						"name": "CBAED",
						"type": "decimal",
						"precision": 4,
						"scale": 3
					},
					{
						"name": "CBACC",
						"type": "decimal",
						"precision": 4,
						"scale": 3
					},
					{
						"name": "CBADF",
						"type": "decimal",
						"precision": 4,
						"scale": 3
					},
					{
						"name": "CBNLR",
						"type": "nvarchar"
					},
					{
						"name": "CBNLD",
						"type": "nvarchar"
					},
					{
						"name": "CBNLC",
						"type": "nvarchar"
					},
					{
						"name": "CBNLP",
						"type": "nvarchar"
					},
					{
						"name": "CBNPC",
						"type": "nvarchar"
					},
					{
						"name": "CBPCF",
						"type": "nvarchar"
					},
					{
						"name": "CBPCC",
						"type": "decimal",
						"precision": 5,
						"scale": 2
					},
					{
						"name": "CBPCM",
						"type": "decimal",
						"precision": 5,
						"scale": 2
					},
					{
						"name": "CBPCD",
						"type": "nvarchar"
					},
					{
						"name": "CBPCR",
						"type": "nvarchar"
					},
					{
						"name": "CBPCT",
						"type": "nvarchar"
					},
					{
						"name": "CBRLF",
						"type": "nvarchar"
					},
					{
						"name": "CBRLP",
						"type": "nvarchar"
					},
					{
						"name": "CBRLC",
						"type": "decimal",
						"precision": 5,
						"scale": 2
					},
					{
						"name": "CBRLM",
						"type": "decimal",
						"precision": 5,
						"scale": 2
					},
					{
						"name": "CBARF",
						"type": "nvarchar"
					},
					{
						"name": "CBCSH",
						"type": "decimal",
						"precision": 5,
						"scale": 2
					},
					{
						"name": "CBRIF",
						"type": "nvarchar"
					},
					{
						"name": "CBRID",
						"type": "decimal",
						"precision": 6,
						"scale": 0
					},
					{
						"name": "CBSVC",
						"type": "decimal",
						"precision": 5,
						"scale": 2
					},
					{
						"name": "CBSVD",
						"type": "decimal",
						"precision": 6,
						"scale": 0
					},
					{
						"name": "CBGDY",
						"type": "decimal",
						"precision": 2,
						"scale": 0
					},
					{
						"name": "CBLCF",
						"type": "nvarchar"
					},
					{
						"name": "CBLCA",
						"type": "decimal",
						"precision": 5,
						"scale": 2
					},
					{
						"name": "CBLCP",
						"type": "decimal",
						"precision": 4,
						"scale": 3
					},
					{
						"name": "CBLLF",
						"type": "nvarchar"
					},
					{
						"name": "CBL15",
						"type": "nvarchar"
					},
					{
						"name": "CBL30",
						"type": "nvarchar"
					},
					{
						"name": "CBL45",
						"type": "nvarchar"
					},
					{
						"name": "CBL60",
						"type": "nvarchar"
					},
					{
						"name": "CBLAL",
						"type": "nvarchar"
					},
					{
						"name": "CBLPO",
						"type": "nvarchar"
					},
					{
						"name": "CBPMF",
						"type": "nvarchar"
					},
					{
						"name": "CBPMC",
						"type": "decimal",
						"precision": 5,
						"scale": 2
					},
					{
						"name": "CBPMR",
						"type": "nvarchar"
					},
					{
						"name": "CBPMA",
						"type": "nvarchar"
					},
					{
						"name": "CBRPS",
						"type": "nvarchar"
					},
					{
						"name": "CBTF4",
						"type": "nvarchar"
					},
					{
						"name": "CBTF5",
						"type": "nvarchar"
					},
					{
						"name": "CBTF6",
						"type": "nvarchar"
					},
					{
						"name": "CBTF7",
						"type": "nvarchar"
					},
					{
						"name": "CBTSD",
						"type": "nvarchar"
					},
					{
						"name": "CBTF2",
						"type": "nvarchar"
					},
					{
						"name": "CBTSL",
						"type": "nvarchar"
					},
					{
						"name": "CBTSC",
						"type": "decimal",
						"precision": 1,
						"scale": 0
					},
					{
						"name": "CBPCP",
						"type": "nvarchar"
					},
					{
						"name": "CBTZN",
						"type": "nvarchar"
					},
					{
						"name": "CBSCC",
						"type": "nvarchar"
					},
					{
						"name": "CBRCS",
						"type": "decimal",
						"precision": 7,
						"scale": 2
					},
					{
						"name": "CBLMU",
						"type": "decimal",
						"precision": 5,
						"scale": 0
					},
					{
						"name": "CBTF9",
						"type": "nvarchar"
					},
					{
						"name": "CBTW1",
						"type": "nvarchar"
					},
					{
						"name": "CBTW3",
						"type": "nvarchar"
					},
					{
						"name": "CBTW4",
						"type": "nvarchar"
					},
					{
						"name": "CBTW5",
						"type": "nvarchar"
					},
					{
						"name": "CBTW6",
						"type": "nvarchar"
					},
					{
						"name": "CBTW7",
						"type": "nvarchar"
					},
					{
						"name": "CBTW8",
						"type": "nvarchar"
					},
					{
						"name": "CBTW9",
						"type": "nvarchar"
					},
					{
						"name": "SOURCE_SYSTEM",
						"type": "nvarchar"
					},
					{
						"name": "DW_CHANGE_DATE",
						"type": "datetime",
						"precision": 23,
						"scale": 3
					},
					{
						"name": "HASHKEY",
						"type": "varbinary"
					}
				],
				"typeProperties": {
					"schema": "StgIseries",
					"table": "ABC400FIL_CCDUPDATRF_INCR"
				}
			},
			"dependsOn": []
		},
		{
			"name": "[concat(parameters('factoryName'), '/SNK_SYN_ISERIES_CCFILEXT_INCR')]",
			"type": "Microsoft.DataFactory/factories/datasets",
			"apiVersion": "2018-06-01",
			"properties": {
				"linkedServiceName": {
					"referenceName": "AzureSynapseAnalytics1",
					"type": "LinkedServiceReference"
				},
				"annotations": [],
				"type": "AzureSqlDWTable",
				"schema": [
					{
						"name": "CCEXTCLB",
						"type": "int",
						"precision": 10
					},
					{
						"name": "CCEXTMBR",
						"type": "int",
						"precision": 10
					},
					{
						"name": "CCEXTCPA",
						"type": "nvarchar"
					},
					{
						"name": "CCEXTCPP",
						"type": "nvarchar"
					},
					{
						"name": "CCEXTCPN",
						"type": "nvarchar"
					},
					{
						"name": "CCEXTEML",
						"type": "nvarchar"
					},
					{
						"name": "CCEXTGRP",
						"type": "nvarchar"
					},
					{
						"name": "CCEXTMB2",
						"type": "decimal",
						"precision": 10,
						"scale": 0
					},
					{
						"name": "CCEXTLNG",
						"type": "nvarchar"
					},
					{
						"name": "CCEMPLOYR",
						"type": "nvarchar"
					},
					{
						"name": "CCOCCUPAT",
						"type": "nvarchar"
					},
					{
						"name": "CCSOURCE",
						"type": "nvarchar"
					},
					{
						"name": "HASHKEY",
						"type": "varbinary"
					}
				],
				"typeProperties": {
					"schema": "StgIseries",
					"table": "ABC400FIL_CCFILEXT_INCR"
				}
			},
			"dependsOn": []
		},
		{
			"name": "[concat(parameters('factoryName'), '/SNK_SYN_ISERIES_CCFIL_INCR')]",
			"type": "Microsoft.DataFactory/factories/datasets",
			"apiVersion": "2018-06-01",
			"properties": {
				"linkedServiceName": {
					"referenceName": "AzureSynapseAnalytics1",
					"type": "LinkedServiceReference"
				},
				"annotations": [],
				"type": "AzureSqlDWTable",
				"schema": [
					{
						"name": "CCCLB",
						"type": "int",
						"precision": 10
					},
					{
						"name": "CCMBR",
						"type": "decimal",
						"precision": 5,
						"scale": 0
					},
					{
						"name": "CCAD1",
						"type": "nvarchar"
					},
					{
						"name": "CCAD2",
						"type": "nvarchar"
					},
					{
						"name": "CCAD3",
						"type": "nvarchar"
					},
					{
						"name": "CCZIP",
						"type": "nvarchar"
					},
					{
						"name": "CCZC4",
						"type": "nvarchar"
					},
					{
						"name": "CCCTY",
						"type": "nvarchar"
					},
					{
						"name": "CCSTE",
						"type": "nvarchar"
					},
					{
						"name": "CCPDC",
						"type": "nvarchar"
					},
					{
						"name": "CCHPA",
						"type": "nvarchar"
					},
					{
						"name": "CCHPP",
						"type": "nvarchar"
					},
					{
						"name": "CCHPN",
						"type": "nvarchar"
					},
					{
						"name": "CCWPA",
						"type": "nvarchar"
					},
					{
						"name": "CCWPP",
						"type": "nvarchar"
					},
					{
						"name": "CCWPN",
						"type": "nvarchar"
					},
					{
						"name": "CCWPE",
						"type": "nvarchar"
					},
					{
						"name": "CCWPD",
						"type": "nvarchar"
					},
					{
						"name": "CCEPA",
						"type": "nvarchar"
					},
					{
						"name": "CCEPP",
						"type": "nvarchar"
					},
					{
						"name": "CCEPN",
						"type": "nvarchar"
					},
					{
						"name": "CCEPE",
						"type": "nvarchar"
					},
					{
						"name": "CCEPD",
						"type": "nvarchar"
					},
					{
						"name": "CCSSN",
						"type": "nvarchar"
					},
					{
						"name": "CCCRD",
						"type": "nvarchar"
					},
					{
						"name": "CCBRN",
						"type": "nvarchar"
					},
					{
						"name": "CCBAN",
						"type": "nvarchar"
					},
					{
						"name": "CCBAT",
						"type": "nvarchar"
					},
					{
						"name": "CCCCN",
						"type": "nvarchar"
					},
					{
						"name": "CCCCE",
						"type": "nvarchar"
					},
					{
						"name": "CCCCT",
						"type": "nvarchar"
					},
					{
						"name": "CCDOB",
						"type": "decimal",
						"precision": 6,
						"scale": 0
					},
					{
						"name": "CCSEX",
						"type": "nvarchar"
					},
					{
						"name": "CCSLM",
						"type": "nvarchar"
					},
					{
						"name": "CCCAN",
						"type": "nvarchar"
					},
					{
						"name": "CCMTC",
						"type": "nvarchar"
					},
					{
						"name": "HASHKEY",
						"type": "varbinary"
					}
				],
				"typeProperties": {
					"schema": "StgIseries",
					"table": "ABC400FIL_CCFIL_INCR"
				}
			},
			"dependsOn": []
		},
		{
			"name": "[concat(parameters('factoryName'), '/SNK_SYN_ISERIES_CDFIL_INCR')]",
			"type": "Microsoft.DataFactory/factories/datasets",
			"apiVersion": "2018-06-01",
			"properties": {
				"linkedServiceName": {
					"referenceName": "AzureSynapseAnalytics1",
					"type": "LinkedServiceReference"
				},
				"annotations": [],
				"type": "AzureSqlDWTable",
				"schema": [
					{
						"name": "CTCLB",
						"type": "int",
						"precision": 10
					},
					{
						"name": "CTMBR",
						"type": "int",
						"precision": 10
					},
					{
						"name": "CTSEQ",
						"type": "int",
						"precision": 10
					},
					{
						"name": "CTDTE",
						"type": "decimal",
						"precision": 6,
						"scale": 0
					},
					{
						"name": "CTCEN",
						"type": "decimal",
						"precision": 2,
						"scale": 0
					},
					{
						"name": "CTTIM",
						"type": "decimal",
						"precision": 6,
						"scale": 0
					},
					{
						"name": "CTUSR",
						"type": "nvarchar"
					},
					{
						"name": "CTCDE",
						"type": "nvarchar"
					},
					{
						"name": "CTTYP",
						"type": "nvarchar"
					},
					{
						"name": "CTGRP",
						"type": "nvarchar"
					},
					{
						"name": "CTCTA",
						"type": "decimal",
						"precision": 7,
						"scale": 2
					},
					{
						"name": "CTSTA",
						"type": "decimal",
						"precision": 7,
						"scale": 2
					},
					{
						"name": "CTCFA",
						"type": "decimal",
						"precision": 7,
						"scale": 2
					},
					{
						"name": "CTREF",
						"type": "nvarchar"
					},
					{
						"name": "CTCBA",
						"type": "decimal",
						"precision": 7,
						"scale": 2
					},
					{
						"name": "CTCOM",
						"type": "decimal",
						"precision": 4,
						"scale": 3
					},
					{
						"name": "CTBDT",
						"type": "decimal",
						"precision": 6,
						"scale": 0
					},
					{
						"name": "CTBCH",
						"type": "decimal",
						"precision": 3,
						"scale": 0
					},
					{
						"name": "CTR1F",
						"type": "nvarchar"
					},
					{
						"name": "CTR1S",
						"type": "decimal",
						"precision": 5,
						"scale": 0
					},
					{
						"name": "CT1DD",
						"type": "decimal",
						"precision": 6,
						"scale": 0
					},
					{
						"name": "CTDPF",
						"type": "nvarchar"
					},
					{
						"name": "CTBPF",
						"type": "nvarchar"
					},
					{
						"name": "CTBFWDDATE",
						"type": "decimal",
						"precision": 8,
						"scale": 0
					},
					{
						"name": "CTFLAG1",
						"type": "nvarchar"
					},
					{
						"name": "CTFLAG2",
						"type": "nvarchar"
					},
					{
						"name": "CTFLAG3",
						"type": "nvarchar"
					},
					{
						"name": "CTFLAG4",
						"type": "nvarchar"
					},
					{
						"name": "CTFLAG5",
						"type": "nvarchar"
					},
					{
						"name": "IS_DELETED",
						"type": "bit"
					},
					{
						"name": "SOURCE_SYSTEM",
						"type": "nvarchar"
					},
					{
						"name": "DW_CHANGE_DATE",
						"type": "datetime",
						"precision": 23,
						"scale": 3
					},
					{
						"name": "HASHKEY",
						"type": "varbinary"
					}
				],
				"typeProperties": {
					"schema": "StgIseries",
					"table": "ABC400FIL_CDFIL_INCR"
				}
			},
			"dependsOn": []
		},
		{
			"name": "[concat(parameters('factoryName'), '/SNK_SYN_ISERIES_CGFILF_INCR')]",
			"type": "Microsoft.DataFactory/factories/datasets",
			"apiVersion": "2018-06-01",
			"properties": {
				"linkedServiceName": {
					"referenceName": "AzureSynapseAnalytics1",
					"type": "LinkedServiceReference"
				},
				"annotations": [],
				"type": "AzureSqlDWTable",
				"schema": [
					{
						"name": "CBCLB",
						"type": "int",
						"precision": 10
					},
					{
						"name": "CBCPY",
						"type": "nvarchar"
					},
					{
						"name": "CBACT",
						"type": "nvarchar"
					},
					{
						"name": "CBNME",
						"type": "nvarchar"
					},
					{
						"name": "CBAD1",
						"type": "nvarchar"
					},
					{
						"name": "CBAD2",
						"type": "nvarchar"
					},
					{
						"name": "CBCTY",
						"type": "nvarchar"
					},
					{
						"name": "CBSTE",
						"type": "nvarchar"
					},
					{
						"name": "CBZIP",
						"type": "decimal",
						"precision": 5,
						"scale": 0
					},
					{
						"name": "CBZC4",
						"type": "decimal",
						"precision": 4,
						"scale": 0
					},
					{
						"name": "CBPNM",
						"type": "nvarchar"
					},
					{
						"name": "CBPA1",
						"type": "nvarchar"
					},
					{
						"name": "CBPA2",
						"type": "nvarchar"
					},
					{
						"name": "CBPCY",
						"type": "nvarchar"
					},
					{
						"name": "CBPST",
						"type": "nvarchar"
					},
					{
						"name": "CBPZC",
						"type": "decimal",
						"precision": 5,
						"scale": 0
					},
					{
						"name": "CBPZ4",
						"type": "decimal",
						"precision": 4,
						"scale": 0
					},
					{
						"name": "CBPHA",
						"type": "nvarchar"
					},
					{
						"name": "CBPHP",
						"type": "nvarchar"
					},
					{
						"name": "CBPHN",
						"type": "nvarchar"
					},
					{
						"name": "CBFXA",
						"type": "nvarchar"
					},
					{
						"name": "CBFXP",
						"type": "nvarchar"
					},
					{
						"name": "CBFXN",
						"type": "nvarchar"
					},
					{
						"name": "CBCN1",
						"type": "nvarchar"
					},
					{
						"name": "CBCN2",
						"type": "nvarchar"
					},
					{
						"name": "CBCN3",
						"type": "nvarchar"
					},
					{
						"name": "CBCN4",
						"type": "nvarchar"
					},
					{
						"name": "CBCN5",
						"type": "nvarchar"
					},
					{
						"name": "CBCN6",
						"type": "nvarchar"
					},
					{
						"name": "CBSLM",
						"type": "nvarchar"
					},
					{
						"name": "CBSBD",
						"type": "decimal",
						"precision": 6,
						"scale": 0
					},
					{
						"name": "CBPMO",
						"type": "nvarchar"
					},
					{
						"name": "CBPCH",
						"type": "nvarchar"
					},
					{
						"name": "CBEDT",
						"type": "decimal",
						"precision": 6,
						"scale": 0
					},
					{
						"name": "CBRDT",
						"type": "decimal",
						"precision": 6,
						"scale": 0
					},
					{
						"name": "CBTF3",
						"type": "nvarchar"
					},
					{
						"name": "CBWGR",
						"type": "nvarchar"
					},
					{
						"name": "CBIAR",
						"type": "nvarchar"
					},
					{
						"name": "CBCCP",
						"type": "decimal",
						"precision": 4,
						"scale": 3
					},
					{
						"name": "CBCPD",
						"type": "decimal",
						"precision": 4,
						"scale": 3
					},
					{
						"name": "CBCED",
						"type": "decimal",
						"precision": 4,
						"scale": 3
					},
					{
						"name": "CBCCC",
						"type": "decimal",
						"precision": 4,
						"scale": 3
					},
					{
						"name": "CBCDF",
						"type": "decimal",
						"precision": 4,
						"scale": 3
					},
					{
						"name": "CBACF",
						"type": "nvarchar"
					},
					{
						"name": "CBACA",
						"type": "decimal",
						"precision": 7,
						"scale": 2
					},
					{
						"name": "CBACP",
						"type": "decimal",
						"precision": 4,
						"scale": 3
					},
					{
						"name": "CBAPD",
						"type": "decimal",
						"precision": 4,
						"scale": 3
					},
					{
						"name": "CBAED",
						"type": "decimal",
						"precision": 4,
						"scale": 3
					},
					{
						"name": "CBACC",
						"type": "decimal",
						"precision": 4,
						"scale": 3
					},
					{
						"name": "CBADF",
						"type": "decimal",
						"precision": 4,
						"scale": 3
					},
					{
						"name": "CBNLR",
						"type": "nvarchar"
					},
					{
						"name": "CBNLD",
						"type": "nvarchar"
					},
					{
						"name": "CBNLC",
						"type": "nvarchar"
					},
					{
						"name": "CBNLP",
						"type": "nvarchar"
					},
					{
						"name": "CBNPC",
						"type": "nvarchar"
					},
					{
						"name": "CBPCF",
						"type": "nvarchar"
					},
					{
						"name": "CBPCC",
						"type": "decimal",
						"precision": 5,
						"scale": 2
					},
					{
						"name": "CBPCM",
						"type": "decimal",
						"precision": 5,
						"scale": 2
					},
					{
						"name": "CBPCD",
						"type": "nvarchar"
					},
					{
						"name": "CBPCR",
						"type": "nvarchar"
					},
					{
						"name": "CBPCT",
						"type": "nvarchar"
					},
					{
						"name": "CBRLF",
						"type": "nvarchar"
					},
					{
						"name": "CBRLP",
						"type": "nvarchar"
					},
					{
						"name": "CBRLC",
						"type": "decimal",
						"precision": 5,
						"scale": 2
					},
					{
						"name": "CBRLM",
						"type": "decimal",
						"precision": 5,
						"scale": 2
					},
					{
						"name": "CBARF",
						"type": "nvarchar"
					},
					{
						"name": "CBCSH",
						"type": "decimal",
						"precision": 5,
						"scale": 2
					},
					{
						"name": "CBRIF",
						"type": "nvarchar"
					},
					{
						"name": "CBRID",
						"type": "decimal",
						"precision": 6,
						"scale": 0
					},
					{
						"name": "CBSVC",
						"type": "decimal",
						"precision": 5,
						"scale": 2
					},
					{
						"name": "CBSVD",
						"type": "decimal",
						"precision": 6,
						"scale": 0
					},
					{
						"name": "CBGDY",
						"type": "decimal",
						"precision": 2,
						"scale": 0
					},
					{
						"name": "CBLCF",
						"type": "nvarchar"
					},
					{
						"name": "CBLCA",
						"type": "decimal",
						"precision": 5,
						"scale": 2
					},
					{
						"name": "CBLCP",
						"type": "decimal",
						"precision": 4,
						"scale": 3
					},
					{
						"name": "CBLLF",
						"type": "nvarchar"
					},
					{
						"name": "CBL15",
						"type": "nvarchar"
					},
					{
						"name": "CBL30",
						"type": "nvarchar"
					},
					{
						"name": "CBL45",
						"type": "nvarchar"
					},
					{
						"name": "CBL60",
						"type": "nvarchar"
					},
					{
						"name": "CBLAL",
						"type": "nvarchar"
					},
					{
						"name": "CBLPO",
						"type": "nvarchar"
					},
					{
						"name": "CBPMF",
						"type": "nvarchar"
					},
					{
						"name": "CBPMC",
						"type": "decimal",
						"precision": 5,
						"scale": 2
					},
					{
						"name": "CBPMR",
						"type": "nvarchar"
					},
					{
						"name": "CBPMA",
						"type": "nvarchar"
					},
					{
						"name": "CBRPS",
						"type": "nvarchar"
					},
					{
						"name": "CBTF4",
						"type": "nvarchar"
					},
					{
						"name": "CBTF5",
						"type": "nvarchar"
					},
					{
						"name": "CBTF6",
						"type": "nvarchar"
					},
					{
						"name": "CBTF7",
						"type": "nvarchar"
					},
					{
						"name": "CBTSD",
						"type": "nvarchar"
					},
					{
						"name": "CBTF2",
						"type": "nvarchar"
					},
					{
						"name": "CBTSL",
						"type": "nvarchar"
					},
					{
						"name": "CBTSC",
						"type": "decimal",
						"precision": 1,
						"scale": 0
					},
					{
						"name": "CBPCP",
						"type": "nvarchar"
					},
					{
						"name": "CBTZN",
						"type": "nvarchar"
					},
					{
						"name": "CBSCC",
						"type": "nvarchar"
					},
					{
						"name": "CBRCS",
						"type": "decimal",
						"precision": 7,
						"scale": 2
					},
					{
						"name": "CBLMU",
						"type": "decimal",
						"precision": 5,
						"scale": 0
					},
					{
						"name": "CBTF9",
						"type": "nvarchar"
					},
					{
						"name": "CBTW1",
						"type": "nvarchar"
					},
					{
						"name": "CBTW3",
						"type": "nvarchar"
					},
					{
						"name": "CBTW4",
						"type": "nvarchar"
					},
					{
						"name": "CBTW5",
						"type": "nvarchar"
					},
					{
						"name": "CBTW6",
						"type": "nvarchar"
					},
					{
						"name": "CBTW7",
						"type": "nvarchar"
					},
					{
						"name": "CBTW8",
						"type": "nvarchar"
					},
					{
						"name": "CBTW9",
						"type": "nvarchar"
					},
					{
						"name": "SOURCE_SYSTEM",
						"type": "nvarchar"
					},
					{
						"name": "DW_CHANGE_DATE",
						"type": "datetime",
						"precision": 23,
						"scale": 3
					},
					{
						"name": "HASHKEY",
						"type": "varbinary"
					}
				],
				"typeProperties": {
					"schema": "StgIseries",
					"table": "ABC400FIL_CGFILF_INCR"
				}
			},
			"dependsOn": []
		},
		{
			"name": "[concat(parameters('factoryName'), '/SNK_SYN_ISERIES_CGFIL_INCR')]",
			"type": "Microsoft.DataFactory/factories/datasets",
			"apiVersion": "2018-06-01",
			"properties": {
				"linkedServiceName": {
					"referenceName": "AzureSynapseAnalytics1",
					"type": "LinkedServiceReference"
				},
				"annotations": [],
				"type": "AzureSqlDWTable",
				"schema": [
					{
						"name": "CBCLB",
						"type": "int",
						"precision": 10
					},
					{
						"name": "CBCPY",
						"type": "nvarchar"
					},
					{
						"name": "CBACT",
						"type": "nvarchar"
					},
					{
						"name": "CBNME",
						"type": "nvarchar"
					},
					{
						"name": "CBAD1",
						"type": "nvarchar"
					},
					{
						"name": "CBAD2",
						"type": "nvarchar"
					},
					{
						"name": "CBCTY",
						"type": "nvarchar"
					},
					{
						"name": "CBSTE",
						"type": "nvarchar"
					},
					{
						"name": "CBZIP",
						"type": "decimal",
						"precision": 5,
						"scale": 0
					},
					{
						"name": "CBZC4",
						"type": "decimal",
						"precision": 4,
						"scale": 0
					},
					{
						"name": "CBPNM",
						"type": "nvarchar"
					},
					{
						"name": "CBPA1",
						"type": "nvarchar"
					},
					{
						"name": "CBPA2",
						"type": "nvarchar"
					},
					{
						"name": "CBPCY",
						"type": "nvarchar"
					},
					{
						"name": "CBPST",
						"type": "nvarchar"
					},
					{
						"name": "CBPZC",
						"type": "decimal",
						"precision": 5,
						"scale": 0
					},
					{
						"name": "CBPZ4",
						"type": "decimal",
						"precision": 4,
						"scale": 0
					},
					{
						"name": "CBPHA",
						"type": "nvarchar"
					},
					{
						"name": "CBPHP",
						"type": "nvarchar"
					},
					{
						"name": "CBPHN",
						"type": "nvarchar"
					},
					{
						"name": "CBFXA",
						"type": "nvarchar"
					},
					{
						"name": "CBFXP",
						"type": "nvarchar"
					},
					{
						"name": "CBFXN",
						"type": "nvarchar"
					},
					{
						"name": "CBCN1",
						"type": "nvarchar"
					},
					{
						"name": "CBCN2",
						"type": "nvarchar"
					},
					{
						"name": "CBCN3",
						"type": "nvarchar"
					},
					{
						"name": "CBCN4",
						"type": "nvarchar"
					},
					{
						"name": "CBCN5",
						"type": "nvarchar"
					},
					{
						"name": "CBCN6",
						"type": "nvarchar"
					},
					{
						"name": "CBSLM",
						"type": "nvarchar"
					},
					{
						"name": "CBSBD",
						"type": "decimal",
						"precision": 6,
						"scale": 0
					},
					{
						"name": "CBPMO",
						"type": "nvarchar"
					},
					{
						"name": "CBPCH",
						"type": "nvarchar"
					},
					{
						"name": "CBEDT",
						"type": "decimal",
						"precision": 6,
						"scale": 0
					},
					{
						"name": "CBRDT",
						"type": "decimal",
						"precision": 6,
						"scale": 0
					},
					{
						"name": "CBTF3",
						"type": "nvarchar"
					},
					{
						"name": "CBWGR",
						"type": "nvarchar"
					},
					{
						"name": "CBIAR",
						"type": "nvarchar"
					},
					{
						"name": "CBCCP",
						"type": "decimal",
						"precision": 4,
						"scale": 3
					},
					{
						"name": "CBCPD",
						"type": "decimal",
						"precision": 4,
						"scale": 3
					},
					{
						"name": "CBCED",
						"type": "decimal",
						"precision": 4,
						"scale": 3
					},
					{
						"name": "CBCCC",
						"type": "decimal",
						"precision": 4,
						"scale": 3
					},
					{
						"name": "CBCDF",
						"type": "decimal",
						"precision": 4,
						"scale": 3
					},
					{
						"name": "CBACF",
						"type": "nvarchar"
					},
					{
						"name": "CBACA",
						"type": "decimal",
						"precision": 7,
						"scale": 2
					},
					{
						"name": "CBACP",
						"type": "decimal",
						"precision": 4,
						"scale": 3
					},
					{
						"name": "CBAPD",
						"type": "decimal",
						"precision": 4,
						"scale": 3
					},
					{
						"name": "CBAED",
						"type": "decimal",
						"precision": 4,
						"scale": 3
					},
					{
						"name": "CBACC",
						"type": "decimal",
						"precision": 4,
						"scale": 3
					},
					{
						"name": "CBADF",
						"type": "decimal",
						"precision": 4,
						"scale": 3
					},
					{
						"name": "CBNLR",
						"type": "nvarchar"
					},
					{
						"name": "CBNLD",
						"type": "nvarchar"
					},
					{
						"name": "CBNLC",
						"type": "nvarchar"
					},
					{
						"name": "CBNLP",
						"type": "nvarchar"
					},
					{
						"name": "CBNPC",
						"type": "nvarchar"
					},
					{
						"name": "CBPCF",
						"type": "nvarchar"
					},
					{
						"name": "CBPCC",
						"type": "decimal",
						"precision": 5,
						"scale": 2
					},
					{
						"name": "CBPCM",
						"type": "decimal",
						"precision": 5,
						"scale": 2
					},
					{
						"name": "CBPCD",
						"type": "nvarchar"
					},
					{
						"name": "CBPCR",
						"type": "nvarchar"
					},
					{
						"name": "CBPCT",
						"type": "nvarchar"
					},
					{
						"name": "CBRLF",
						"type": "nvarchar"
					},
					{
						"name": "CBRLP",
						"type": "nvarchar"
					},
					{
						"name": "CBRLC",
						"type": "decimal",
						"precision": 5,
						"scale": 2
					},
					{
						"name": "CBRLM",
						"type": "decimal",
						"precision": 5,
						"scale": 2
					},
					{
						"name": "CBARF",
						"type": "nvarchar"
					},
					{
						"name": "CBCSH",
						"type": "decimal",
						"precision": 5,
						"scale": 2
					},
					{
						"name": "CBRIF",
						"type": "nvarchar"
					},
					{
						"name": "CBRID",
						"type": "decimal",
						"precision": 6,
						"scale": 0
					},
					{
						"name": "CBSVC",
						"type": "decimal",
						"precision": 5,
						"scale": 2
					},
					{
						"name": "CBSVD",
						"type": "decimal",
						"precision": 6,
						"scale": 0
					},
					{
						"name": "CBGDY",
						"type": "decimal",
						"precision": 2,
						"scale": 0
					},
					{
						"name": "CBLCF",
						"type": "nvarchar"
					},
					{
						"name": "CBLCA",
						"type": "decimal",
						"precision": 5,
						"scale": 2
					},
					{
						"name": "CBLCP",
						"type": "decimal",
						"precision": 4,
						"scale": 3
					},
					{
						"name": "CBLLF",
						"type": "nvarchar"
					},
					{
						"name": "CBL15",
						"type": "nvarchar"
					},
					{
						"name": "CBL30",
						"type": "nvarchar"
					},
					{
						"name": "CBL45",
						"type": "nvarchar"
					},
					{
						"name": "CBL60",
						"type": "nvarchar"
					},
					{
						"name": "CBLAL",
						"type": "nvarchar"
					},
					{
						"name": "CBLPO",
						"type": "nvarchar"
					},
					{
						"name": "CBPMF",
						"type": "nvarchar"
					},
					{
						"name": "CBPMC",
						"type": "decimal",
						"precision": 5,
						"scale": 2
					},
					{
						"name": "CBPMR",
						"type": "nvarchar"
					},
					{
						"name": "CBPMA",
						"type": "nvarchar"
					},
					{
						"name": "CBRPS",
						"type": "nvarchar"
					},
					{
						"name": "CBTF4",
						"type": "nvarchar"
					},
					{
						"name": "CBTF5",
						"type": "nvarchar"
					},
					{
						"name": "CBTF6",
						"type": "nvarchar"
					},
					{
						"name": "CBTF7",
						"type": "nvarchar"
					},
					{
						"name": "CBTSD",
						"type": "nvarchar"
					},
					{
						"name": "CBTF2",
						"type": "nvarchar"
					},
					{
						"name": "CBTSL",
						"type": "nvarchar"
					},
					{
						"name": "CBTSC",
						"type": "decimal",
						"precision": 1,
						"scale": 0
					},
					{
						"name": "CBPCP",
						"type": "nvarchar"
					},
					{
						"name": "CBTZN",
						"type": "nvarchar"
					},
					{
						"name": "CBSCC",
						"type": "nvarchar"
					},
					{
						"name": "CBRCS",
						"type": "decimal",
						"precision": 7,
						"scale": 2
					},
					{
						"name": "CBLMU",
						"type": "decimal",
						"precision": 5,
						"scale": 0
					},
					{
						"name": "CBTF9",
						"type": "nvarchar"
					},
					{
						"name": "CBTW1",
						"type": "nvarchar"
					},
					{
						"name": "CBTW3",
						"type": "nvarchar"
					},
					{
						"name": "CBTW4",
						"type": "nvarchar"
					},
					{
						"name": "CBTW5",
						"type": "nvarchar"
					},
					{
						"name": "CBTW6",
						"type": "nvarchar"
					},
					{
						"name": "CBTW7",
						"type": "nvarchar"
					},
					{
						"name": "CBTW8",
						"type": "nvarchar"
					},
					{
						"name": "CBTW9",
						"type": "nvarchar"
					},
					{
						"name": "SOURCE_SYSTEM",
						"type": "nvarchar"
					},
					{
						"name": "DW_CHANGE_DATE",
						"type": "datetime",
						"precision": 23,
						"scale": 3
					},
					{
						"name": "HASHKEY",
						"type": "varbinary"
					}
				],
				"typeProperties": {
					"schema": "StgIseries",
					"table": "ABC400FIL_CGFIL_INCR"
				}
			},
			"dependsOn": []
		},
		{
			"name": "[concat(parameters('factoryName'), '/SNK_SYN_ISERIES_CIFIL_INCR')]",
			"type": "Microsoft.DataFactory/factories/datasets",
			"apiVersion": "2018-06-01",
			"properties": {
				"linkedServiceName": {
					"referenceName": "AzureSynapseAnalytics1",
					"type": "LinkedServiceReference"
				},
				"annotations": [],
				"type": "AzureSqlDWTable",
				"schema": [
					{
						"name": "CBCLB",
						"type": "int",
						"precision": 10
					},
					{
						"name": "CBCPY",
						"type": "nvarchar"
					},
					{
						"name": "CBACT",
						"type": "nvarchar"
					},
					{
						"name": "CBNME",
						"type": "nvarchar"
					},
					{
						"name": "CBAD1",
						"type": "nvarchar"
					},
					{
						"name": "CBAD2",
						"type": "nvarchar"
					},
					{
						"name": "CBCTY",
						"type": "nvarchar"
					},
					{
						"name": "CBSTE",
						"type": "nvarchar"
					},
					{
						"name": "CBZIP",
						"type": "decimal",
						"precision": 5,
						"scale": 0
					},
					{
						"name": "CBZC4",
						"type": "decimal",
						"precision": 4,
						"scale": 0
					},
					{
						"name": "CBPNM",
						"type": "nvarchar"
					},
					{
						"name": "CBPA1",
						"type": "nvarchar"
					},
					{
						"name": "CBPA2",
						"type": "nvarchar"
					},
					{
						"name": "CBPCY",
						"type": "nvarchar"
					},
					{
						"name": "CBPST",
						"type": "nvarchar"
					},
					{
						"name": "CBPZC",
						"type": "decimal",
						"precision": 5,
						"scale": 0
					},
					{
						"name": "CBPZ4",
						"type": "decimal",
						"precision": 4,
						"scale": 0
					},
					{
						"name": "CBPHA",
						"type": "nvarchar"
					},
					{
						"name": "CBPHP",
						"type": "nvarchar"
					},
					{
						"name": "CBPHN",
						"type": "nvarchar"
					},
					{
						"name": "CBFXA",
						"type": "nvarchar"
					},
					{
						"name": "CBFXP",
						"type": "nvarchar"
					},
					{
						"name": "CBFXN",
						"type": "nvarchar"
					},
					{
						"name": "CBCN1",
						"type": "nvarchar"
					},
					{
						"name": "CBCN2",
						"type": "nvarchar"
					},
					{
						"name": "CBCN3",
						"type": "nvarchar"
					},
					{
						"name": "CBCN4",
						"type": "nvarchar"
					},
					{
						"name": "CBCN5",
						"type": "nvarchar"
					},
					{
						"name": "CBCN6",
						"type": "nvarchar"
					},
					{
						"name": "CBSLM",
						"type": "nvarchar"
					},
					{
						"name": "CBSBD",
						"type": "decimal",
						"precision": 6,
						"scale": 0
					},
					{
						"name": "CBPMO",
						"type": "nvarchar"
					},
					{
						"name": "CBPCH",
						"type": "nvarchar"
					},
					{
						"name": "CBEDT",
						"type": "decimal",
						"precision": 6,
						"scale": 0
					},
					{
						"name": "CBRDT",
						"type": "decimal",
						"precision": 6,
						"scale": 0
					},
					{
						"name": "CBTF3",
						"type": "nvarchar"
					},
					{
						"name": "CBWGR",
						"type": "nvarchar"
					},
					{
						"name": "CBIAR",
						"type": "nvarchar"
					},
					{
						"name": "CBCCP",
						"type": "decimal",
						"precision": 4,
						"scale": 3
					},
					{
						"name": "CBCPD",
						"type": "decimal",
						"precision": 4,
						"scale": 3
					},
					{
						"name": "CBCED",
						"type": "decimal",
						"precision": 4,
						"scale": 3
					},
					{
						"name": "CBCCC",
						"type": "decimal",
						"precision": 4,
						"scale": 3
					},
					{
						"name": "CBCDF",
						"type": "decimal",
						"precision": 4,
						"scale": 3
					},
					{
						"name": "CBACF",
						"type": "nvarchar"
					},
					{
						"name": "CBACA",
						"type": "decimal",
						"precision": 7,
						"scale": 2
					},
					{
						"name": "CBACP",
						"type": "decimal",
						"precision": 4,
						"scale": 3
					},
					{
						"name": "CBAPD",
						"type": "decimal",
						"precision": 4,
						"scale": 3
					},
					{
						"name": "CBAED",
						"type": "decimal",
						"precision": 4,
						"scale": 3
					},
					{
						"name": "CBACC",
						"type": "decimal",
						"precision": 4,
						"scale": 3
					},
					{
						"name": "CBADF",
						"type": "decimal",
						"precision": 4,
						"scale": 3
					},
					{
						"name": "CBNLR",
						"type": "nvarchar"
					},
					{
						"name": "CBNLD",
						"type": "nvarchar"
					},
					{
						"name": "CBNLC",
						"type": "nvarchar"
					},
					{
						"name": "CBNLP",
						"type": "nvarchar"
					},
					{
						"name": "CBNPC",
						"type": "nvarchar"
					},
					{
						"name": "CBPCF",
						"type": "nvarchar"
					},
					{
						"name": "CBPCC",
						"type": "decimal",
						"precision": 5,
						"scale": 2
					},
					{
						"name": "CBPCM",
						"type": "decimal",
						"precision": 5,
						"scale": 2
					},
					{
						"name": "CBPCD",
						"type": "nvarchar"
					},
					{
						"name": "CBPCR",
						"type": "nvarchar"
					},
					{
						"name": "CBPCT",
						"type": "nvarchar"
					},
					{
						"name": "CBRLF",
						"type": "nvarchar"
					},
					{
						"name": "CBRLP",
						"type": "nvarchar"
					},
					{
						"name": "CBRLC",
						"type": "decimal",
						"precision": 5,
						"scale": 2
					},
					{
						"name": "CBRLM",
						"type": "decimal",
						"precision": 5,
						"scale": 2
					},
					{
						"name": "CBARF",
						"type": "nvarchar"
					},
					{
						"name": "CBCSH",
						"type": "decimal",
						"precision": 5,
						"scale": 2
					},
					{
						"name": "CBRIF",
						"type": "nvarchar"
					},
					{
						"name": "CBRID",
						"type": "decimal",
						"precision": 6,
						"scale": 0
					},
					{
						"name": "CBSVC",
						"type": "decimal",
						"precision": 5,
						"scale": 2
					},
					{
						"name": "CBSVD",
						"type": "decimal",
						"precision": 6,
						"scale": 0
					},
					{
						"name": "CBGDY",
						"type": "decimal",
						"precision": 2,
						"scale": 0
					},
					{
						"name": "CBLCF",
						"type": "nvarchar"
					},
					{
						"name": "CBLCA",
						"type": "decimal",
						"precision": 5,
						"scale": 2
					},
					{
						"name": "CBLCP",
						"type": "decimal",
						"precision": 4,
						"scale": 3
					},
					{
						"name": "CBLLF",
						"type": "nvarchar"
					},
					{
						"name": "CBL15",
						"type": "nvarchar"
					},
					{
						"name": "CBL30",
						"type": "nvarchar"
					},
					{
						"name": "CBL45",
						"type": "nvarchar"
					},
					{
						"name": "CBL60",
						"type": "nvarchar"
					},
					{
						"name": "CBLAL",
						"type": "nvarchar"
					},
					{
						"name": "CBLPO",
						"type": "nvarchar"
					},
					{
						"name": "CBPMF",
						"type": "nvarchar"
					},
					{
						"name": "CBPMC",
						"type": "decimal",
						"precision": 5,
						"scale": 2
					},
					{
						"name": "CBPMR",
						"type": "nvarchar"
					},
					{
						"name": "CBPMA",
						"type": "nvarchar"
					},
					{
						"name": "CBRPS",
						"type": "nvarchar"
					},
					{
						"name": "CBTF4",
						"type": "nvarchar"
					},
					{
						"name": "CBTF5",
						"type": "nvarchar"
					},
					{
						"name": "CBTF6",
						"type": "nvarchar"
					},
					{
						"name": "CBTF7",
						"type": "nvarchar"
					},
					{
						"name": "CBTSD",
						"type": "nvarchar"
					},
					{
						"name": "CBTF2",
						"type": "nvarchar"
					},
					{
						"name": "CBTSL",
						"type": "nvarchar"
					},
					{
						"name": "CBTSC",
						"type": "decimal",
						"precision": 1,
						"scale": 0
					},
					{
						"name": "CBPCP",
						"type": "nvarchar"
					},
					{
						"name": "CBTZN",
						"type": "nvarchar"
					},
					{
						"name": "CBSCC",
						"type": "nvarchar"
					},
					{
						"name": "CBRCS",
						"type": "decimal",
						"precision": 7,
						"scale": 2
					},
					{
						"name": "CBLMU",
						"type": "decimal",
						"precision": 5,
						"scale": 0
					},
					{
						"name": "CBTF9",
						"type": "nvarchar"
					},
					{
						"name": "CBTW1",
						"type": "nvarchar"
					},
					{
						"name": "CBTW3",
						"type": "nvarchar"
					},
					{
						"name": "CBTW4",
						"type": "nvarchar"
					},
					{
						"name": "CBTW5",
						"type": "nvarchar"
					},
					{
						"name": "CBTW6",
						"type": "nvarchar"
					},
					{
						"name": "CBTW7",
						"type": "nvarchar"
					},
					{
						"name": "CBTW8",
						"type": "nvarchar"
					},
					{
						"name": "CBTW9",
						"type": "nvarchar"
					},
					{
						"name": "SOURCE_SYSTEM",
						"type": "nvarchar"
					},
					{
						"name": "DW_CHANGE_DATE",
						"type": "datetime",
						"precision": 23,
						"scale": 3
					},
					{
						"name": "HASHKEY",
						"type": "varbinary"
					}
				],
				"typeProperties": {
					"schema": "StgIseries",
					"table": "ABC400FIL_CIFIL_INCR"
				}
			},
			"dependsOn": []
		},
		{
			"name": "[concat(parameters('factoryName'), '/SNK_SYN_ISERIES_CLIACHFMF_INCR')]",
			"type": "Microsoft.DataFactory/factories/datasets",
			"apiVersion": "2018-06-01",
			"properties": {
				"linkedServiceName": {
					"referenceName": "AzureSynapseAnalytics1",
					"type": "LinkedServiceReference"
				},
				"annotations": [],
				"type": "AzureSqlDWTable",
				"schema": [
					{
						"name": "CLACUS#",
						"type": "decimal",
						"precision": 3,
						"scale": 0
					},
					{
						"name": "CLACLI#",
						"type": "int",
						"precision": 10
					},
					{
						"name": "CLAGRP",
						"type": "nvarchar"
					},
					{
						"name": "CLATRTP",
						"type": "nvarchar"
					},
					{
						"name": "CLAPRTP",
						"type": "nvarchar"
					},
					{
						"name": "CLARTN#",
						"type": "nvarchar"
					},
					{
						"name": "CLAACT#",
						"type": "nvarchar"
					},
					{
						"name": "CLAACTP",
						"type": "nvarchar"
					},
					{
						"name": "CLAWCDE",
						"type": "nvarchar"
					},
					{
						"name": "CLADAMT",
						"type": "decimal",
						"precision": 9,
						"scale": 2
					},
					{
						"name": "CLACMPID",
						"type": "nvarchar"
					},
					{
						"name": "CLASNAME",
						"type": "nvarchar"
					},
					{
						"name": "CLADUNME",
						"type": "nvarchar"
					},
					{
						"name": "CLADESC",
						"type": "nvarchar"
					},
					{
						"name": "CLAEFDTE",
						"type": "decimal",
						"precision": 6,
						"scale": 0
					},
					{
						"name": "CLATRDTE",
						"type": "decimal",
						"precision": 6,
						"scale": 0
					},
					{
						"name": "CLAPRDTE",
						"type": "decimal",
						"precision": 6,
						"scale": 0
					}
				],
				"typeProperties": {
					"schema": "StgIseries",
					"table": "ABC400FIL_CLIACHFMF_INCR"
				}
			},
			"dependsOn": []
		},
		{
			"name": "[concat(parameters('factoryName'), '/SNK_SYN_ISERIES_CLTLVLPFTP_INCR')]",
			"type": "Microsoft.DataFactory/factories/datasets",
			"apiVersion": "2018-06-01",
			"properties": {
				"linkedServiceName": {
					"referenceName": "AzureSynapseAnalytics1",
					"type": "LinkedServiceReference"
				},
				"annotations": [],
				"type": "AzureSqlDWTable",
				"schema": [
					{
						"name": "CBCLB",
						"type": "int",
						"precision": 10
					},
					{
						"name": "CBCPY",
						"type": "nvarchar"
					},
					{
						"name": "CBACT",
						"type": "nvarchar"
					},
					{
						"name": "CBNME",
						"type": "nvarchar"
					},
					{
						"name": "CBAD1",
						"type": "nvarchar"
					},
					{
						"name": "CBAD2",
						"type": "nvarchar"
					},
					{
						"name": "CBCTY",
						"type": "nvarchar"
					},
					{
						"name": "CBSTE",
						"type": "nvarchar"
					},
					{
						"name": "CBZIP",
						"type": "decimal",
						"precision": 5,
						"scale": 0
					},
					{
						"name": "CBZC4",
						"type": "decimal",
						"precision": 4,
						"scale": 0
					},
					{
						"name": "CBPNM",
						"type": "nvarchar"
					},
					{
						"name": "CBPA1",
						"type": "nvarchar"
					},
					{
						"name": "CBPA2",
						"type": "nvarchar"
					},
					{
						"name": "CBPCY",
						"type": "nvarchar"
					},
					{
						"name": "CBPST",
						"type": "nvarchar"
					},
					{
						"name": "CBPZC",
						"type": "decimal",
						"precision": 5,
						"scale": 0
					},
					{
						"name": "CBPZ4",
						"type": "decimal",
						"precision": 4,
						"scale": 0
					},
					{
						"name": "CBPHA",
						"type": "nvarchar"
					},
					{
						"name": "CBPHP",
						"type": "nvarchar"
					},
					{
						"name": "CBPHN",
						"type": "nvarchar"
					},
					{
						"name": "CBFXA",
						"type": "nvarchar"
					},
					{
						"name": "CBFXP",
						"type": "nvarchar"
					},
					{
						"name": "CBFXN",
						"type": "nvarchar"
					},
					{
						"name": "CBCN1",
						"type": "nvarchar"
					},
					{
						"name": "CBCN2",
						"type": "nvarchar"
					},
					{
						"name": "CBCN3",
						"type": "nvarchar"
					},
					{
						"name": "CBCN4",
						"type": "nvarchar"
					},
					{
						"name": "CBCN5",
						"type": "nvarchar"
					},
					{
						"name": "CBCN6",
						"type": "nvarchar"
					},
					{
						"name": "CBSLM",
						"type": "nvarchar"
					},
					{
						"name": "CBSBD",
						"type": "decimal",
						"precision": 6,
						"scale": 0
					},
					{
						"name": "CBPMO",
						"type": "nvarchar"
					},
					{
						"name": "CBPCH",
						"type": "nvarchar"
					},
					{
						"name": "CBEDT",
						"type": "decimal",
						"precision": 6,
						"scale": 0
					},
					{
						"name": "CBRDT",
						"type": "decimal",
						"precision": 6,
						"scale": 0
					},
					{
						"name": "CBTF3",
						"type": "nvarchar"
					},
					{
						"name": "CBWGR",
						"type": "nvarchar"
					},
					{
						"name": "CBIAR",
						"type": "nvarchar"
					},
					{
						"name": "CBCCP",
						"type": "decimal",
						"precision": 4,
						"scale": 3
					},
					{
						"name": "CBCPD",
						"type": "decimal",
						"precision": 4,
						"scale": 3
					},
					{
						"name": "CBCED",
						"type": "decimal",
						"precision": 4,
						"scale": 3
					},
					{
						"name": "CBCCC",
						"type": "decimal",
						"precision": 4,
						"scale": 3
					},
					{
						"name": "CBCDF",
						"type": "decimal",
						"precision": 4,
						"scale": 3
					},
					{
						"name": "CBACF",
						"type": "nvarchar"
					},
					{
						"name": "CBACA",
						"type": "decimal",
						"precision": 7,
						"scale": 2
					},
					{
						"name": "CBACP",
						"type": "decimal",
						"precision": 4,
						"scale": 3
					},
					{
						"name": "CBAPD",
						"type": "decimal",
						"precision": 4,
						"scale": 3
					},
					{
						"name": "CBAED",
						"type": "decimal",
						"precision": 4,
						"scale": 3
					},
					{
						"name": "CBACC",
						"type": "decimal",
						"precision": 4,
						"scale": 3
					},
					{
						"name": "CBADF",
						"type": "decimal",
						"precision": 4,
						"scale": 3
					},
					{
						"name": "CBNLR",
						"type": "nvarchar"
					},
					{
						"name": "CBNLD",
						"type": "nvarchar"
					},
					{
						"name": "CBNLC",
						"type": "nvarchar"
					},
					{
						"name": "CBNLP",
						"type": "nvarchar"
					},
					{
						"name": "CBNPC",
						"type": "nvarchar"
					},
					{
						"name": "CBPCF",
						"type": "nvarchar"
					},
					{
						"name": "CBPCC",
						"type": "decimal",
						"precision": 5,
						"scale": 2
					},
					{
						"name": "CBPCM",
						"type": "decimal",
						"precision": 5,
						"scale": 2
					},
					{
						"name": "CBPCD",
						"type": "nvarchar"
					},
					{
						"name": "CBPCR",
						"type": "nvarchar"
					},
					{
						"name": "CBPCT",
						"type": "nvarchar"
					},
					{
						"name": "CBRLF",
						"type": "nvarchar"
					},
					{
						"name": "CBRLP",
						"type": "nvarchar"
					},
					{
						"name": "CBRLC",
						"type": "decimal",
						"precision": 5,
						"scale": 2
					},
					{
						"name": "CBRLM",
						"type": "decimal",
						"precision": 5,
						"scale": 2
					},
					{
						"name": "CBARF",
						"type": "nvarchar"
					},
					{
						"name": "CBCSH",
						"type": "decimal",
						"precision": 5,
						"scale": 2
					},
					{
						"name": "CBRIF",
						"type": "nvarchar"
					},
					{
						"name": "CBRID",
						"type": "decimal",
						"precision": 6,
						"scale": 0
					},
					{
						"name": "CBSVC",
						"type": "decimal",
						"precision": 5,
						"scale": 2
					},
					{
						"name": "CBSVD",
						"type": "decimal",
						"precision": 6,
						"scale": 0
					},
					{
						"name": "CBGDY",
						"type": "decimal",
						"precision": 2,
						"scale": 0
					},
					{
						"name": "CBLCF",
						"type": "nvarchar"
					},
					{
						"name": "CBLCA",
						"type": "decimal",
						"precision": 5,
						"scale": 2
					},
					{
						"name": "CBLCP",
						"type": "decimal",
						"precision": 4,
						"scale": 3
					},
					{
						"name": "CBLLF",
						"type": "nvarchar"
					},
					{
						"name": "CBL15",
						"type": "nvarchar"
					},
					{
						"name": "CBL30",
						"type": "nvarchar"
					},
					{
						"name": "CBL45",
						"type": "nvarchar"
					},
					{
						"name": "CBL60",
						"type": "nvarchar"
					},
					{
						"name": "CBLAL",
						"type": "nvarchar"
					},
					{
						"name": "CBLPO",
						"type": "nvarchar"
					},
					{
						"name": "CBPMF",
						"type": "nvarchar"
					},
					{
						"name": "CBPMC",
						"type": "decimal",
						"precision": 5,
						"scale": 2
					},
					{
						"name": "CBPMR",
						"type": "nvarchar"
					},
					{
						"name": "CBPMA",
						"type": "nvarchar"
					},
					{
						"name": "CBRPS",
						"type": "nvarchar"
					},
					{
						"name": "CBTF4",
						"type": "nvarchar"
					},
					{
						"name": "CBTF5",
						"type": "nvarchar"
					},
					{
						"name": "CBTF6",
						"type": "nvarchar"
					},
					{
						"name": "CBTF7",
						"type": "nvarchar"
					},
					{
						"name": "CBTSD",
						"type": "nvarchar"
					},
					{
						"name": "CBTF2",
						"type": "nvarchar"
					},
					{
						"name": "CBTSL",
						"type": "nvarchar"
					},
					{
						"name": "CBTSC",
						"type": "decimal",
						"precision": 1,
						"scale": 0
					},
					{
						"name": "CBPCP",
						"type": "nvarchar"
					},
					{
						"name": "CBTZN",
						"type": "nvarchar"
					},
					{
						"name": "CBSCC",
						"type": "nvarchar"
					},
					{
						"name": "CBRCS",
						"type": "decimal",
						"precision": 7,
						"scale": 2
					},
					{
						"name": "CBLMU",
						"type": "decimal",
						"precision": 5,
						"scale": 0
					},
					{
						"name": "CBTF9",
						"type": "nvarchar"
					},
					{
						"name": "CBTW1",
						"type": "nvarchar"
					},
					{
						"name": "CBTW3",
						"type": "nvarchar"
					},
					{
						"name": "CBTW4",
						"type": "nvarchar"
					},
					{
						"name": "CBTW5",
						"type": "nvarchar"
					},
					{
						"name": "CBTW6",
						"type": "nvarchar"
					},
					{
						"name": "CBTW7",
						"type": "nvarchar"
					},
					{
						"name": "CBTW8",
						"type": "nvarchar"
					},
					{
						"name": "CBTW9",
						"type": "nvarchar"
					},
					{
						"name": "SOURCE_SYSTEM",
						"type": "nvarchar"
					},
					{
						"name": "DW_CHANGE_DATE",
						"type": "datetime",
						"precision": 23,
						"scale": 3
					},
					{
						"name": "HASHKEY",
						"type": "varbinary"
					}
				],
				"typeProperties": {
					"schema": "StgIseries",
					"table": "ABC400FIL_CLTLVLPFTP_INCR"
				}
			},
			"dependsOn": []
		},
		{
			"name": "[concat(parameters('factoryName'), '/SNK_SYN_ISERIES_CLTMTCPF_INCR')]",
			"type": "Microsoft.DataFactory/factories/datasets",
			"apiVersion": "2018-06-01",
			"properties": {
				"linkedServiceName": {
					"referenceName": "AzureSynapseAnalytics1",
					"type": "LinkedServiceReference"
				},
				"annotations": [],
				"type": "AzureSqlDWTable",
				"schema": [
					{
						"name": "CTCLB",
						"type": "int",
						"precision": 10
					},
					{
						"name": "CTMBR",
						"type": "int",
						"precision": 10
					},
					{
						"name": "CTSEQ",
						"type": "int",
						"precision": 10
					},
					{
						"name": "CTDTE",
						"type": "decimal",
						"precision": 6,
						"scale": 0
					},
					{
						"name": "CTCEN",
						"type": "decimal",
						"precision": 2,
						"scale": 0
					},
					{
						"name": "CTTIM",
						"type": "decimal",
						"precision": 6,
						"scale": 0
					},
					{
						"name": "CTUSR",
						"type": "nvarchar"
					},
					{
						"name": "CTCDE",
						"type": "nvarchar"
					},
					{
						"name": "CTTYP",
						"type": "nvarchar"
					},
					{
						"name": "CTGRP",
						"type": "nvarchar"
					},
					{
						"name": "CTCTA",
						"type": "decimal",
						"precision": 7,
						"scale": 2
					},
					{
						"name": "CTSTA",
						"type": "decimal",
						"precision": 7,
						"scale": 2
					},
					{
						"name": "CTCFA",
						"type": "decimal",
						"precision": 7,
						"scale": 2
					},
					{
						"name": "CTREF",
						"type": "nvarchar"
					},
					{
						"name": "CTCBA",
						"type": "decimal",
						"precision": 7,
						"scale": 2
					},
					{
						"name": "CTCOM",
						"type": "decimal",
						"precision": 4,
						"scale": 3
					},
					{
						"name": "CTBDT",
						"type": "decimal",
						"precision": 6,
						"scale": 0
					},
					{
						"name": "CTBCH",
						"type": "decimal",
						"precision": 3,
						"scale": 0
					},
					{
						"name": "CTR1F",
						"type": "nvarchar"
					},
					{
						"name": "CTR1S",
						"type": "decimal",
						"precision": 5,
						"scale": 0
					},
					{
						"name": "CT1DD",
						"type": "decimal",
						"precision": 6,
						"scale": 0
					},
					{
						"name": "CTDPF",
						"type": "nvarchar"
					},
					{
						"name": "CTBPF",
						"type": "nvarchar"
					},
					{
						"name": "CTBFWDDATE",
						"type": "decimal",
						"precision": 8,
						"scale": 0
					},
					{
						"name": "CTFLAG1",
						"type": "nvarchar"
					},
					{
						"name": "CTFLAG2",
						"type": "nvarchar"
					},
					{
						"name": "CTFLAG3",
						"type": "nvarchar"
					},
					{
						"name": "CTFLAG4",
						"type": "nvarchar"
					},
					{
						"name": "CTFLAG5",
						"type": "nvarchar"
					},
					{
						"name": "IS_DELETED",
						"type": "bit"
					},
					{
						"name": "SOURCE_SYSTEM",
						"type": "nvarchar"
					},
					{
						"name": "DW_CHANGE_DATE",
						"type": "datetime",
						"precision": 23,
						"scale": 3
					},
					{
						"name": "HASHKEY",
						"type": "varbinary"
					}
				],
				"typeProperties": {
					"schema": "StgIseries",
					"table": "ABC400FIL_CLTMTCPF_INCR"
				}
			},
			"dependsOn": []
		},
		{
			"name": "[concat(parameters('factoryName'), '/SNK_SYN_ISERIES_CNFIL_INCR')]",
			"type": "Microsoft.DataFactory/factories/datasets",
			"apiVersion": "2018-06-01",
			"properties": {
				"linkedServiceName": {
					"referenceName": "AzureSynapseAnalytics1",
					"type": "LinkedServiceReference"
				},
				"annotations": [],
				"type": "AzureSqlDWTable",
				"schema": [
					{
						"name": "CBCLB",
						"type": "int",
						"precision": 10
					},
					{
						"name": "CBCPY",
						"type": "nvarchar"
					},
					{
						"name": "CBACT",
						"type": "nvarchar"
					},
					{
						"name": "CBNME",
						"type": "nvarchar"
					},
					{
						"name": "CBAD1",
						"type": "nvarchar"
					},
					{
						"name": "CBAD2",
						"type": "nvarchar"
					},
					{
						"name": "CBCTY",
						"type": "nvarchar"
					},
					{
						"name": "CBSTE",
						"type": "nvarchar"
					},
					{
						"name": "CBZIP",
						"type": "decimal",
						"precision": 5,
						"scale": 0
					},
					{
						"name": "CBZC4",
						"type": "decimal",
						"precision": 4,
						"scale": 0
					},
					{
						"name": "CBPNM",
						"type": "nvarchar"
					},
					{
						"name": "CBPA1",
						"type": "nvarchar"
					},
					{
						"name": "CBPA2",
						"type": "nvarchar"
					},
					{
						"name": "CBPCY",
						"type": "nvarchar"
					},
					{
						"name": "CBPST",
						"type": "nvarchar"
					},
					{
						"name": "CBPZC",
						"type": "decimal",
						"precision": 5,
						"scale": 0
					},
					{
						"name": "CBPZ4",
						"type": "decimal",
						"precision": 4,
						"scale": 0
					},
					{
						"name": "CBPHA",
						"type": "nvarchar"
					},
					{
						"name": "CBPHP",
						"type": "nvarchar"
					},
					{
						"name": "CBPHN",
						"type": "nvarchar"
					},
					{
						"name": "CBFXA",
						"type": "nvarchar"
					},
					{
						"name": "CBFXP",
						"type": "nvarchar"
					},
					{
						"name": "CBFXN",
						"type": "nvarchar"
					},
					{
						"name": "CBCN1",
						"type": "nvarchar"
					},
					{
						"name": "CBCN2",
						"type": "nvarchar"
					},
					{
						"name": "CBCN3",
						"type": "nvarchar"
					},
					{
						"name": "CBCN4",
						"type": "nvarchar"
					},
					{
						"name": "CBCN5",
						"type": "nvarchar"
					},
					{
						"name": "CBCN6",
						"type": "nvarchar"
					},
					{
						"name": "CBSLM",
						"type": "nvarchar"
					},
					{
						"name": "CBSBD",
						"type": "decimal",
						"precision": 6,
						"scale": 0
					},
					{
						"name": "CBPMO",
						"type": "nvarchar"
					},
					{
						"name": "CBPCH",
						"type": "nvarchar"
					},
					{
						"name": "CBEDT",
						"type": "decimal",
						"precision": 6,
						"scale": 0
					},
					{
						"name": "CBRDT",
						"type": "decimal",
						"precision": 6,
						"scale": 0
					},
					{
						"name": "CBTF3",
						"type": "nvarchar"
					},
					{
						"name": "CBWGR",
						"type": "nvarchar"
					},
					{
						"name": "CBIAR",
						"type": "nvarchar"
					},
					{
						"name": "CBCCP",
						"type": "decimal",
						"precision": 4,
						"scale": 3
					},
					{
						"name": "CBCPD",
						"type": "decimal",
						"precision": 4,
						"scale": 3
					},
					{
						"name": "CBCED",
						"type": "decimal",
						"precision": 4,
						"scale": 3
					},
					{
						"name": "CBCCC",
						"type": "decimal",
						"precision": 4,
						"scale": 3
					},
					{
						"name": "CBCDF",
						"type": "decimal",
						"precision": 4,
						"scale": 3
					},
					{
						"name": "CBACF",
						"type": "nvarchar"
					},
					{
						"name": "CBACA",
						"type": "decimal",
						"precision": 7,
						"scale": 2
					},
					{
						"name": "CBACP",
						"type": "decimal",
						"precision": 4,
						"scale": 3
					},
					{
						"name": "CBAPD",
						"type": "decimal",
						"precision": 4,
						"scale": 3
					},
					{
						"name": "CBAED",
						"type": "decimal",
						"precision": 4,
						"scale": 3
					},
					{
						"name": "CBACC",
						"type": "decimal",
						"precision": 4,
						"scale": 3
					},
					{
						"name": "CBADF",
						"type": "decimal",
						"precision": 4,
						"scale": 3
					},
					{
						"name": "CBNLR",
						"type": "nvarchar"
					},
					{
						"name": "CBNLD",
						"type": "nvarchar"
					},
					{
						"name": "CBNLC",
						"type": "nvarchar"
					},
					{
						"name": "CBNLP",
						"type": "nvarchar"
					},
					{
						"name": "CBNPC",
						"type": "nvarchar"
					},
					{
						"name": "CBPCF",
						"type": "nvarchar"
					},
					{
						"name": "CBPCC",
						"type": "decimal",
						"precision": 5,
						"scale": 2
					},
					{
						"name": "CBPCM",
						"type": "decimal",
						"precision": 5,
						"scale": 2
					},
					{
						"name": "CBPCD",
						"type": "nvarchar"
					},
					{
						"name": "CBPCR",
						"type": "nvarchar"
					},
					{
						"name": "CBPCT",
						"type": "nvarchar"
					},
					{
						"name": "CBRLF",
						"type": "nvarchar"
					},
					{
						"name": "CBRLP",
						"type": "nvarchar"
					},
					{
						"name": "CBRLC",
						"type": "decimal",
						"precision": 5,
						"scale": 2
					},
					{
						"name": "CBRLM",
						"type": "decimal",
						"precision": 5,
						"scale": 2
					},
					{
						"name": "CBARF",
						"type": "nvarchar"
					},
					{
						"name": "CBCSH",
						"type": "decimal",
						"precision": 5,
						"scale": 2
					},
					{
						"name": "CBRIF",
						"type": "nvarchar"
					},
					{
						"name": "CBRID",
						"type": "decimal",
						"precision": 6,
						"scale": 0
					},
					{
						"name": "CBSVC",
						"type": "decimal",
						"precision": 5,
						"scale": 2
					},
					{
						"name": "CBSVD",
						"type": "decimal",
						"precision": 6,
						"scale": 0
					},
					{
						"name": "CBGDY",
						"type": "decimal",
						"precision": 2,
						"scale": 0
					},
					{
						"name": "CBLCF",
						"type": "nvarchar"
					},
					{
						"name": "CBLCA",
						"type": "decimal",
						"precision": 5,
						"scale": 2
					},
					{
						"name": "CBLCP",
						"type": "decimal",
						"precision": 4,
						"scale": 3
					},
					{
						"name": "CBLLF",
						"type": "nvarchar"
					},
					{
						"name": "CBL15",
						"type": "nvarchar"
					},
					{
						"name": "CBL30",
						"type": "nvarchar"
					},
					{
						"name": "CBL45",
						"type": "nvarchar"
					},
					{
						"name": "CBL60",
						"type": "nvarchar"
					},
					{
						"name": "CBLAL",
						"type": "nvarchar"
					},
					{
						"name": "CBLPO",
						"type": "nvarchar"
					},
					{
						"name": "CBPMF",
						"type": "nvarchar"
					},
					{
						"name": "CBPMC",
						"type": "decimal",
						"precision": 5,
						"scale": 2
					},
					{
						"name": "CBPMR",
						"type": "nvarchar"
					},
					{
						"name": "CBPMA",
						"type": "nvarchar"
					},
					{
						"name": "CBRPS",
						"type": "nvarchar"
					},
					{
						"name": "CBTF4",
						"type": "nvarchar"
					},
					{
						"name": "CBTF5",
						"type": "nvarchar"
					},
					{
						"name": "CBTF6",
						"type": "nvarchar"
					},
					{
						"name": "CBTF7",
						"type": "nvarchar"
					},
					{
						"name": "CBTSD",
						"type": "nvarchar"
					},
					{
						"name": "CBTF2",
						"type": "nvarchar"
					},
					{
						"name": "CBTSL",
						"type": "nvarchar"
					},
					{
						"name": "CBTSC",
						"type": "decimal",
						"precision": 1,
						"scale": 0
					},
					{
						"name": "CBPCP",
						"type": "nvarchar"
					},
					{
						"name": "CBTZN",
						"type": "nvarchar"
					},
					{
						"name": "CBSCC",
						"type": "nvarchar"
					},
					{
						"name": "CBRCS",
						"type": "decimal",
						"precision": 7,
						"scale": 2
					},
					{
						"name": "CBLMU",
						"type": "decimal",
						"precision": 5,
						"scale": 0
					},
					{
						"name": "CBTF9",
						"type": "nvarchar"
					},
					{
						"name": "CBTW1",
						"type": "nvarchar"
					},
					{
						"name": "CBTW3",
						"type": "nvarchar"
					},
					{
						"name": "CBTW4",
						"type": "nvarchar"
					},
					{
						"name": "CBTW5",
						"type": "nvarchar"
					},
					{
						"name": "CBTW6",
						"type": "nvarchar"
					},
					{
						"name": "CBTW7",
						"type": "nvarchar"
					},
					{
						"name": "CBTW8",
						"type": "nvarchar"
					},
					{
						"name": "CBTW9",
						"type": "nvarchar"
					},
					{
						"name": "SOURCE_SYSTEM",
						"type": "nvarchar"
					},
					{
						"name": "DW_CHANGE_DATE",
						"type": "datetime",
						"precision": 23,
						"scale": 3
					},
					{
						"name": "HASHKEY",
						"type": "varbinary"
					}
				],
				"typeProperties": {
					"schema": "StgIseries",
					"table": "ABC400FIL_CNFIL_INCR"
				}
			},
			"dependsOn": []
		},
		{
			"name": "[concat(parameters('factoryName'), '/SNK_SYN_ISERIES_COST_CTRS_INCR')]",
			"type": "Microsoft.DataFactory/factories/datasets",
			"apiVersion": "2018-06-01",
			"properties": {
				"linkedServiceName": {
					"referenceName": "AzureSynapseAnalytics1",
					"type": "LinkedServiceReference"
				},
				"annotations": [],
				"type": "AzureSqlDWTable",
				"schema": [
					{
						"name": "CCTCLIENT",
						"type": "int",
						"precision": 10
					},
					{
						"name": "CCTCODE",
						"type": "nvarchar"
					},
					{
						"name": "CCTDESC",
						"type": "nvarchar"
					},
					{
						"name": "CCTACTIVE",
						"type": "nvarchar"
					},
					{
						"name": "CCTTAXFLG",
						"type": "nvarchar"
					},
					{
						"name": "CCTTAXRTEP",
						"type": "decimal",
						"precision": 5,
						"scale": 3
					},
					{
						"name": "CCTTAXRTED",
						"type": "decimal",
						"precision": 6,
						"scale": 5
					},
					{
						"name": "CCTABCCOMM",
						"type": "decimal",
						"precision": 6,
						"scale": 5
					},
					{
						"name": "CCTROYALTY",
						"type": "nvarchar"
					},
					{
						"name": "CCTCHGDATE",
						"type": "decimal",
						"precision": 8,
						"scale": 0
					},
					{
						"name": "CCTCHGTIME",
						"type": "decimal",
						"precision": 6,
						"scale": 0
					},
					{
						"name": "CCTCHGUSER",
						"type": "nvarchar"
					}
				],
				"typeProperties": {
					"schema": "StgIseries",
					"table": "ABC400FIL_COST_CTRS_INCR"
				}
			},
			"dependsOn": []
		},
		{
			"name": "[concat(parameters('factoryName'), '/SNK_SYN_ISERIES_CP012WKF_INCR')]",
			"type": "Microsoft.DataFactory/factories/datasets",
			"apiVersion": "2018-06-01",
			"properties": {
				"linkedServiceName": {
					"referenceName": "AzureSynapseAnalytics1",
					"type": "LinkedServiceReference"
				},
				"annotations": [],
				"type": "AzureSqlDWTable",
				"schema": [
					{
						"name": "CBCLB",
						"type": "int",
						"precision": 10
					},
					{
						"name": "CBCPY",
						"type": "nvarchar"
					},
					{
						"name": "CBACT",
						"type": "nvarchar"
					},
					{
						"name": "CBNME",
						"type": "nvarchar"
					},
					{
						"name": "CBAD1",
						"type": "nvarchar"
					},
					{
						"name": "CBAD2",
						"type": "nvarchar"
					},
					{
						"name": "CBCTY",
						"type": "nvarchar"
					},
					{
						"name": "CBSTE",
						"type": "nvarchar"
					},
					{
						"name": "CBZIP",
						"type": "decimal",
						"precision": 5,
						"scale": 0
					},
					{
						"name": "CBZC4",
						"type": "decimal",
						"precision": 4,
						"scale": 0
					},
					{
						"name": "CBPNM",
						"type": "nvarchar"
					},
					{
						"name": "CBPA1",
						"type": "nvarchar"
					},
					{
						"name": "CBPA2",
						"type": "nvarchar"
					},
					{
						"name": "CBPCY",
						"type": "nvarchar"
					},
					{
						"name": "CBPST",
						"type": "nvarchar"
					},
					{
						"name": "CBPZC",
						"type": "decimal",
						"precision": 5,
						"scale": 0
					},
					{
						"name": "CBPZ4",
						"type": "decimal",
						"precision": 4,
						"scale": 0
					},
					{
						"name": "CBPHA",
						"type": "nvarchar"
					},
					{
						"name": "CBPHP",
						"type": "nvarchar"
					},
					{
						"name": "CBPHN",
						"type": "nvarchar"
					},
					{
						"name": "CBFXA",
						"type": "nvarchar"
					},
					{
						"name": "CBFXP",
						"type": "nvarchar"
					},
					{
						"name": "CBFXN",
						"type": "nvarchar"
					},
					{
						"name": "CBCN1",
						"type": "nvarchar"
					},
					{
						"name": "CBCN2",
						"type": "nvarchar"
					},
					{
						"name": "CBCN3",
						"type": "nvarchar"
					},
					{
						"name": "CBCN4",
						"type": "nvarchar"
					},
					{
						"name": "CBCN5",
						"type": "nvarchar"
					},
					{
						"name": "CBCN6",
						"type": "nvarchar"
					},
					{
						"name": "CBSLM",
						"type": "nvarchar"
					},
					{
						"name": "CBSBD",
						"type": "decimal",
						"precision": 6,
						"scale": 0
					},
					{
						"name": "CBPMO",
						"type": "nvarchar"
					},
					{
						"name": "CBPCH",
						"type": "nvarchar"
					},
					{
						"name": "CBEDT",
						"type": "decimal",
						"precision": 6,
						"scale": 0
					},
					{
						"name": "CBRDT",
						"type": "decimal",
						"precision": 6,
						"scale": 0
					},
					{
						"name": "CBTF3",
						"type": "nvarchar"
					},
					{
						"name": "CBWGR",
						"type": "nvarchar"
					},
					{
						"name": "CBIAR",
						"type": "nvarchar"
					},
					{
						"name": "CBCCP",
						"type": "decimal",
						"precision": 4,
						"scale": 3
					},
					{
						"name": "CBCPD",
						"type": "decimal",
						"precision": 4,
						"scale": 3
					},
					{
						"name": "CBCED",
						"type": "decimal",
						"precision": 4,
						"scale": 3
					},
					{
						"name": "CBCCC",
						"type": "decimal",
						"precision": 4,
						"scale": 3
					},
					{
						"name": "CBCDF",
						"type": "decimal",
						"precision": 4,
						"scale": 3
					},
					{
						"name": "CBACF",
						"type": "nvarchar"
					},
					{
						"name": "CBACA",
						"type": "decimal",
						"precision": 7,
						"scale": 2
					},
					{
						"name": "CBACP",
						"type": "decimal",
						"precision": 4,
						"scale": 3
					},
					{
						"name": "CBAPD",
						"type": "decimal",
						"precision": 4,
						"scale": 3
					},
					{
						"name": "CBAED",
						"type": "decimal",
						"precision": 4,
						"scale": 3
					},
					{
						"name": "CBACC",
						"type": "decimal",
						"precision": 4,
						"scale": 3
					},
					{
						"name": "CBADF",
						"type": "decimal",
						"precision": 4,
						"scale": 3
					},
					{
						"name": "CBNLR",
						"type": "nvarchar"
					},
					{
						"name": "CBNLD",
						"type": "nvarchar"
					},
					{
						"name": "CBNLC",
						"type": "nvarchar"
					},
					{
						"name": "CBNLP",
						"type": "nvarchar"
					},
					{
						"name": "CBNPC",
						"type": "nvarchar"
					},
					{
						"name": "CBPCF",
						"type": "nvarchar"
					},
					{
						"name": "CBPCC",
						"type": "decimal",
						"precision": 5,
						"scale": 2
					},
					{
						"name": "CBPCM",
						"type": "decimal",
						"precision": 5,
						"scale": 2
					},
					{
						"name": "CBPCD",
						"type": "nvarchar"
					},
					{
						"name": "CBPCR",
						"type": "nvarchar"
					},
					{
						"name": "CBPCT",
						"type": "nvarchar"
					},
					{
						"name": "CBRLF",
						"type": "nvarchar"
					},
					{
						"name": "CBRLP",
						"type": "nvarchar"
					},
					{
						"name": "CBRLC",
						"type": "decimal",
						"precision": 5,
						"scale": 2
					},
					{
						"name": "CBRLM",
						"type": "decimal",
						"precision": 5,
						"scale": 2
					},
					{
						"name": "CBARF",
						"type": "nvarchar"
					},
					{
						"name": "CBCSH",
						"type": "decimal",
						"precision": 5,
						"scale": 2
					},
					{
						"name": "CBRIF",
						"type": "nvarchar"
					},
					{
						"name": "CBRID",
						"type": "decimal",
						"precision": 6,
						"scale": 0
					},
					{
						"name": "CBSVC",
						"type": "decimal",
						"precision": 5,
						"scale": 2
					},
					{
						"name": "CBSVD",
						"type": "decimal",
						"precision": 6,
						"scale": 0
					},
					{
						"name": "CBGDY",
						"type": "decimal",
						"precision": 2,
						"scale": 0
					},
					{
						"name": "CBLCF",
						"type": "nvarchar"
					},
					{
						"name": "CBLCA",
						"type": "decimal",
						"precision": 5,
						"scale": 2
					},
					{
						"name": "CBLCP",
						"type": "decimal",
						"precision": 4,
						"scale": 3
					},
					{
						"name": "CBLLF",
						"type": "nvarchar"
					},
					{
						"name": "CBL15",
						"type": "nvarchar"
					},
					{
						"name": "CBL30",
						"type": "nvarchar"
					},
					{
						"name": "CBL45",
						"type": "nvarchar"
					},
					{
						"name": "CBL60",
						"type": "nvarchar"
					},
					{
						"name": "CBLAL",
						"type": "nvarchar"
					},
					{
						"name": "CBLPO",
						"type": "nvarchar"
					},
					{
						"name": "CBPMF",
						"type": "nvarchar"
					},
					{
						"name": "CBPMC",
						"type": "decimal",
						"precision": 5,
						"scale": 2
					},
					{
						"name": "CBPMR",
						"type": "nvarchar"
					},
					{
						"name": "CBPMA",
						"type": "nvarchar"
					},
					{
						"name": "CBRPS",
						"type": "nvarchar"
					},
					{
						"name": "CBTF4",
						"type": "nvarchar"
					},
					{
						"name": "CBTF5",
						"type": "nvarchar"
					},
					{
						"name": "CBTF6",
						"type": "nvarchar"
					},
					{
						"name": "CBTF7",
						"type": "nvarchar"
					},
					{
						"name": "CBTSD",
						"type": "nvarchar"
					},
					{
						"name": "CBTF2",
						"type": "nvarchar"
					},
					{
						"name": "CBTSL",
						"type": "nvarchar"
					},
					{
						"name": "CBTSC",
						"type": "decimal",
						"precision": 1,
						"scale": 0
					},
					{
						"name": "CBPCP",
						"type": "nvarchar"
					},
					{
						"name": "CBTZN",
						"type": "nvarchar"
					},
					{
						"name": "CBSCC",
						"type": "nvarchar"
					},
					{
						"name": "CBRCS",
						"type": "decimal",
						"precision": 7,
						"scale": 2
					},
					{
						"name": "CBLMU",
						"type": "decimal",
						"precision": 5,
						"scale": 0
					},
					{
						"name": "CBTF9",
						"type": "nvarchar"
					},
					{
						"name": "CBTW1",
						"type": "nvarchar"
					},
					{
						"name": "CBTW3",
						"type": "nvarchar"
					},
					{
						"name": "CBTW4",
						"type": "nvarchar"
					},
					{
						"name": "CBTW5",
						"type": "nvarchar"
					},
					{
						"name": "CBTW6",
						"type": "nvarchar"
					},
					{
						"name": "CBTW7",
						"type": "nvarchar"
					},
					{
						"name": "CBTW8",
						"type": "nvarchar"
					},
					{
						"name": "CBTW9",
						"type": "nvarchar"
					},
					{
						"name": "SOURCE_SYSTEM",
						"type": "nvarchar"
					},
					{
						"name": "DW_CHANGE_DATE",
						"type": "datetime",
						"precision": 23,
						"scale": 3
					},
					{
						"name": "HASHKEY",
						"type": "varbinary"
					}
				],
				"typeProperties": {
					"schema": "StgIseries",
					"table": "ABC400FIL_CP012WKF_INCR"
				}
			},
			"dependsOn": []
		},
		{
			"name": "[concat(parameters('factoryName'), '/SNK_SYN_ISERIES_CRFILL20_INCR')]",
			"type": "Microsoft.DataFactory/factories/datasets",
			"apiVersion": "2018-06-01",
			"properties": {
				"linkedServiceName": {
					"referenceName": "AzureSynapseAnalytics1",
					"type": "LinkedServiceReference"
				},
				"annotations": [],
				"type": "AzureSqlDWTable",
				"schema": [
					{
						"name": "CRCLB",
						"type": "int",
						"precision": 10
					},
					{
						"name": "CRMBR",
						"type": "int",
						"precision": 10
					},
					{
						"name": "CRSEQ",
						"type": "int",
						"precision": 10
					},
					{
						"name": "CRDTE",
						"type": "decimal",
						"precision": 6,
						"scale": 0
					},
					{
						"name": "CRTIM",
						"type": "decimal",
						"precision": 6,
						"scale": 0
					},
					{
						"name": "CRUSR",
						"type": "nvarchar"
					},
					{
						"name": "CRCDE",
						"type": "nvarchar"
					},
					{
						"name": "CRTYP",
						"type": "nvarchar"
					},
					{
						"name": "CRCHG",
						"type": "nvarchar"
					},
					{
						"name": "CRPRT",
						"type": "nvarchar"
					}
				],
				"typeProperties": {
					"schema": "StgIseries",
					"table": "ABC400FIL_CRFILL20_INCR"
				}
			},
			"dependsOn": []
		},
		{
			"name": "[concat(parameters('factoryName'), '/SNK_SYN_ISERIES_CRFIL_INCR')]",
			"type": "Microsoft.DataFactory/factories/datasets",
			"apiVersion": "2018-06-01",
			"properties": {
				"linkedServiceName": {
					"referenceName": "AzureSynapseAnalytics1",
					"type": "LinkedServiceReference"
				},
				"annotations": [],
				"type": "AzureSqlDWTable",
				"schema": [
					{
						"name": "CTCLB",
						"type": "int",
						"precision": 10
					},
					{
						"name": "CTMBR",
						"type": "int",
						"precision": 10
					},
					{
						"name": "CTSEQ",
						"type": "int",
						"precision": 10
					},
					{
						"name": "CTDTE",
						"type": "decimal",
						"precision": 6,
						"scale": 0
					},
					{
						"name": "CTCEN",
						"type": "decimal",
						"precision": 2,
						"scale": 0
					},
					{
						"name": "CTTIM",
						"type": "decimal",
						"precision": 6,
						"scale": 0
					},
					{
						"name": "CTUSR",
						"type": "nvarchar"
					},
					{
						"name": "CTCDE",
						"type": "nvarchar"
					},
					{
						"name": "CTTYP",
						"type": "nvarchar"
					},
					{
						"name": "CTGRP",
						"type": "nvarchar"
					},
					{
						"name": "CTCTA",
						"type": "decimal",
						"precision": 7,
						"scale": 2
					},
					{
						"name": "CTSTA",
						"type": "decimal",
						"precision": 7,
						"scale": 2
					},
					{
						"name": "CTCFA",
						"type": "decimal",
						"precision": 7,
						"scale": 2
					},
					{
						"name": "CTREF",
						"type": "nvarchar"
					},
					{
						"name": "CTCBA",
						"type": "decimal",
						"precision": 7,
						"scale": 2
					},
					{
						"name": "CTCOM",
						"type": "decimal",
						"precision": 4,
						"scale": 3
					},
					{
						"name": "CTBDT",
						"type": "decimal",
						"precision": 6,
						"scale": 0
					},
					{
						"name": "CTBCH",
						"type": "decimal",
						"precision": 3,
						"scale": 0
					},
					{
						"name": "CTR1F",
						"type": "nvarchar"
					},
					{
						"name": "CTR1S",
						"type": "decimal",
						"precision": 5,
						"scale": 0
					},
					{
						"name": "CT1DD",
						"type": "decimal",
						"precision": 6,
						"scale": 0
					},
					{
						"name": "CTDPF",
						"type": "nvarchar"
					},
					{
						"name": "CTBPF",
						"type": "nvarchar"
					},
					{
						"name": "CTBFWDDATE",
						"type": "decimal",
						"precision": 8,
						"scale": 0
					},
					{
						"name": "CTFLAG1",
						"type": "nvarchar"
					},
					{
						"name": "CTFLAG2",
						"type": "nvarchar"
					},
					{
						"name": "CTFLAG3",
						"type": "nvarchar"
					},
					{
						"name": "CTFLAG4",
						"type": "nvarchar"
					},
					{
						"name": "CTFLAG5",
						"type": "nvarchar"
					},
					{
						"name": "IS_DELETED",
						"type": "bit"
					},
					{
						"name": "SOURCE_SYSTEM",
						"type": "nvarchar"
					},
					{
						"name": "DW_CHANGE_DATE",
						"type": "datetime",
						"precision": 23,
						"scale": 3
					},
					{
						"name": "HASHKEY",
						"type": "varbinary"
					}
				],
				"typeProperties": {
					"schema": "StgIseries",
					"table": "ABC400FIL_CRFIL_INCR"
				}
			},
			"dependsOn": []
		},
		{
			"name": "[concat(parameters('factoryName'), '/SNK_SYN_ISERIES_CRS_JE_GLCODE_PREFS_TB_INCR')]",
			"type": "Microsoft.DataFactory/factories/datasets",
			"apiVersion": "2018-06-01",
			"properties": {
				"linkedServiceName": {
					"referenceName": "AzureSynapseAnalytics1",
					"type": "LinkedServiceReference"
				},
				"annotations": [],
				"type": "AzureSqlDWTable",
				"schema": [
					{
						"name": "CLUB_NUMBER_I",
						"type": "int",
						"precision": 10
					},
					{
						"name": "TB_GRP",
						"type": "nvarchar"
					},
					{
						"name": "ABC_CODE",
						"type": "nvarchar"
					},
					{
						"name": "ORG_ACCT_DESC",
						"type": "nvarchar"
					},
					{
						"name": "USR_ACCT_DESC",
						"type": "nvarchar"
					},
					{
						"name": "ORG_ENTRY_DESC",
						"type": "nvarchar"
					},
					{
						"name": "USR_ENTRY_DESC",
						"type": "nvarchar"
					},
					{
						"name": "GLCODE",
						"type": "nvarchar"
					},
					{
						"name": "CRS_USER",
						"type": "nvarchar"
					},
					{
						"name": "CHANGE_DATE",
						"type": "datetime2",
						"scale": 6
					}
				],
				"typeProperties": {
					"schema": "StgIseries",
					"table": "CRS_JE_GLCODE_PREFS_TB_INCR"
				}
			},
			"dependsOn": []
		},
		{
			"name": "[concat(parameters('factoryName'), '/SNK_SYN_ISERIES_CRS_JE_REPORT_PREFS_TB_INCR')]",
			"type": "Microsoft.DataFactory/factories/datasets",
			"apiVersion": "2018-06-01",
			"properties": {
				"linkedServiceName": {
					"referenceName": "AzureSynapseAnalytics1",
					"type": "LinkedServiceReference"
				},
				"annotations": [],
				"type": "AzureSqlDWTable",
				"schema": [
					{
						"name": "CLUB_NUMBER_I",
						"type": "int",
						"precision": 10
					},
					{
						"name": "REPORT_TYPE",
						"type": "nvarchar"
					},
					{
						"name": "INCLUDE_COLUMNS",
						"type": "nvarchar"
					},
					{
						"name": "DR_CR_COLUMNS",
						"type": "nvarchar"
					},
					{
						"name": "PAGE_BY",
						"type": "nvarchar"
					},
					{
						"name": "CRS_USER",
						"type": "nvarchar"
					},
					{
						"name": "CHANGE_DATE",
						"type": "datetime2",
						"scale": 6
					},
					{
						"name": "EXCLUDE_SECTIONS",
						"type": "nvarchar"
					}
				],
				"typeProperties": {
					"schema": "StgIseries",
					"table": "CRS_JE_REPORT_PREFS_TB_INCR"
				}
			},
			"dependsOn": []
		},
		{
			"name": "[concat(parameters('factoryName'), '/SNK_SYN_ISERIES_CTFILCCTR_INCR')]",
			"type": "Microsoft.DataFactory/factories/datasets",
			"apiVersion": "2018-06-01",
			"properties": {
				"linkedServiceName": {
					"referenceName": "AzureSynapseAnalytics1",
					"type": "LinkedServiceReference"
				},
				"annotations": [],
				"type": "AzureSqlDWTable",
				"schema": [
					{
						"name": "CBCLB",
						"type": "int",
						"precision": 10
					},
					{
						"name": "CBCPY",
						"type": "nvarchar"
					},
					{
						"name": "CBACT",
						"type": "nvarchar"
					},
					{
						"name": "CBNME",
						"type": "nvarchar"
					},
					{
						"name": "CBAD1",
						"type": "nvarchar"
					},
					{
						"name": "CBAD2",
						"type": "nvarchar"
					},
					{
						"name": "CBCTY",
						"type": "nvarchar"
					},
					{
						"name": "CBSTE",
						"type": "nvarchar"
					},
					{
						"name": "CBZIP",
						"type": "decimal",
						"precision": 5,
						"scale": 0
					},
					{
						"name": "CBZC4",
						"type": "decimal",
						"precision": 4,
						"scale": 0
					},
					{
						"name": "CBPNM",
						"type": "nvarchar"
					},
					{
						"name": "CBPA1",
						"type": "nvarchar"
					},
					{
						"name": "CBPA2",
						"type": "nvarchar"
					},
					{
						"name": "CBPCY",
						"type": "nvarchar"
					},
					{
						"name": "CBPST",
						"type": "nvarchar"
					},
					{
						"name": "CBPZC",
						"type": "decimal",
						"precision": 5,
						"scale": 0
					},
					{
						"name": "CBPZ4",
						"type": "decimal",
						"precision": 4,
						"scale": 0
					},
					{
						"name": "CBPHA",
						"type": "nvarchar"
					},
					{
						"name": "CBPHP",
						"type": "nvarchar"
					},
					{
						"name": "CBPHN",
						"type": "nvarchar"
					},
					{
						"name": "CBFXA",
						"type": "nvarchar"
					},
					{
						"name": "CBFXP",
						"type": "nvarchar"
					},
					{
						"name": "CBFXN",
						"type": "nvarchar"
					},
					{
						"name": "CBCN1",
						"type": "nvarchar"
					},
					{
						"name": "CBCN2",
						"type": "nvarchar"
					},
					{
						"name": "CBCN3",
						"type": "nvarchar"
					},
					{
						"name": "CBCN4",
						"type": "nvarchar"
					},
					{
						"name": "CBCN5",
						"type": "nvarchar"
					},
					{
						"name": "CBCN6",
						"type": "nvarchar"
					},
					{
						"name": "CBSLM",
						"type": "nvarchar"
					},
					{
						"name": "CBSBD",
						"type": "decimal",
						"precision": 6,
						"scale": 0
					},
					{
						"name": "CBPMO",
						"type": "nvarchar"
					},
					{
						"name": "CBPCH",
						"type": "nvarchar"
					},
					{
						"name": "CBEDT",
						"type": "decimal",
						"precision": 6,
						"scale": 0
					},
					{
						"name": "CBRDT",
						"type": "decimal",
						"precision": 6,
						"scale": 0
					},
					{
						"name": "CBTF3",
						"type": "nvarchar"
					},
					{
						"name": "CBWGR",
						"type": "nvarchar"
					},
					{
						"name": "CBIAR",
						"type": "nvarchar"
					},
					{
						"name": "CBCCP",
						"type": "decimal",
						"precision": 4,
						"scale": 3
					},
					{
						"name": "CBCPD",
						"type": "decimal",
						"precision": 4,
						"scale": 3
					},
					{
						"name": "CBCED",
						"type": "decimal",
						"precision": 4,
						"scale": 3
					},
					{
						"name": "CBCCC",
						"type": "decimal",
						"precision": 4,
						"scale": 3
					},
					{
						"name": "CBCDF",
						"type": "decimal",
						"precision": 4,
						"scale": 3
					},
					{
						"name": "CBACF",
						"type": "nvarchar"
					},
					{
						"name": "CBACA",
						"type": "decimal",
						"precision": 7,
						"scale": 2
					},
					{
						"name": "CBACP",
						"type": "decimal",
						"precision": 4,
						"scale": 3
					},
					{
						"name": "CBAPD",
						"type": "decimal",
						"precision": 4,
						"scale": 3
					},
					{
						"name": "CBAED",
						"type": "decimal",
						"precision": 4,
						"scale": 3
					},
					{
						"name": "CBACC",
						"type": "decimal",
						"precision": 4,
						"scale": 3
					},
					{
						"name": "CBADF",
						"type": "decimal",
						"precision": 4,
						"scale": 3
					},
					{
						"name": "CBNLR",
						"type": "nvarchar"
					},
					{
						"name": "CBNLD",
						"type": "nvarchar"
					},
					{
						"name": "CBNLC",
						"type": "nvarchar"
					},
					{
						"name": "CBNLP",
						"type": "nvarchar"
					},
					{
						"name": "CBNPC",
						"type": "nvarchar"
					},
					{
						"name": "CBPCF",
						"type": "nvarchar"
					},
					{
						"name": "CBPCC",
						"type": "decimal",
						"precision": 5,
						"scale": 2
					},
					{
						"name": "CBPCM",
						"type": "decimal",
						"precision": 5,
						"scale": 2
					},
					{
						"name": "CBPCD",
						"type": "nvarchar"
					},
					{
						"name": "CBPCR",
						"type": "nvarchar"
					},
					{
						"name": "CBPCT",
						"type": "nvarchar"
					},
					{
						"name": "CBRLF",
						"type": "nvarchar"
					},
					{
						"name": "CBRLP",
						"type": "nvarchar"
					},
					{
						"name": "CBRLC",
						"type": "decimal",
						"precision": 5,
						"scale": 2
					},
					{
						"name": "CBRLM",
						"type": "decimal",
						"precision": 5,
						"scale": 2
					},
					{
						"name": "CBARF",
						"type": "nvarchar"
					},
					{
						"name": "CBCSH",
						"type": "decimal",
						"precision": 5,
						"scale": 2
					},
					{
						"name": "CBRIF",
						"type": "nvarchar"
					},
					{
						"name": "CBRID",
						"type": "decimal",
						"precision": 6,
						"scale": 0
					},
					{
						"name": "CBSVC",
						"type": "decimal",
						"precision": 5,
						"scale": 2
					},
					{
						"name": "CBSVD",
						"type": "decimal",
						"precision": 6,
						"scale": 0
					},
					{
						"name": "CBGDY",
						"type": "decimal",
						"precision": 2,
						"scale": 0
					},
					{
						"name": "CBLCF",
						"type": "nvarchar"
					},
					{
						"name": "CBLCA",
						"type": "decimal",
						"precision": 5,
						"scale": 2
					},
					{
						"name": "CBLCP",
						"type": "decimal",
						"precision": 4,
						"scale": 3
					},
					{
						"name": "CBLLF",
						"type": "nvarchar"
					},
					{
						"name": "CBL15",
						"type": "nvarchar"
					},
					{
						"name": "CBL30",
						"type": "nvarchar"
					},
					{
						"name": "CBL45",
						"type": "nvarchar"
					},
					{
						"name": "CBL60",
						"type": "nvarchar"
					},
					{
						"name": "CBLAL",
						"type": "nvarchar"
					},
					{
						"name": "CBLPO",
						"type": "nvarchar"
					},
					{
						"name": "CBPMF",
						"type": "nvarchar"
					},
					{
						"name": "CBPMC",
						"type": "decimal",
						"precision": 5,
						"scale": 2
					},
					{
						"name": "CBPMR",
						"type": "nvarchar"
					},
					{
						"name": "CBPMA",
						"type": "nvarchar"
					},
					{
						"name": "CBRPS",
						"type": "nvarchar"
					},
					{
						"name": "CBTF4",
						"type": "nvarchar"
					},
					{
						"name": "CBTF5",
						"type": "nvarchar"
					},
					{
						"name": "CBTF6",
						"type": "nvarchar"
					},
					{
						"name": "CBTF7",
						"type": "nvarchar"
					},
					{
						"name": "CBTSD",
						"type": "nvarchar"
					},
					{
						"name": "CBTF2",
						"type": "nvarchar"
					},
					{
						"name": "CBTSL",
						"type": "nvarchar"
					},
					{
						"name": "CBTSC",
						"type": "decimal",
						"precision": 1,
						"scale": 0
					},
					{
						"name": "CBPCP",
						"type": "nvarchar"
					},
					{
						"name": "CBTZN",
						"type": "nvarchar"
					},
					{
						"name": "CBSCC",
						"type": "nvarchar"
					},
					{
						"name": "CBRCS",
						"type": "decimal",
						"precision": 7,
						"scale": 2
					},
					{
						"name": "CBLMU",
						"type": "decimal",
						"precision": 5,
						"scale": 0
					},
					{
						"name": "CBTF9",
						"type": "nvarchar"
					},
					{
						"name": "CBTW1",
						"type": "nvarchar"
					},
					{
						"name": "CBTW3",
						"type": "nvarchar"
					},
					{
						"name": "CBTW4",
						"type": "nvarchar"
					},
					{
						"name": "CBTW5",
						"type": "nvarchar"
					},
					{
						"name": "CBTW6",
						"type": "nvarchar"
					},
					{
						"name": "CBTW7",
						"type": "nvarchar"
					},
					{
						"name": "CBTW8",
						"type": "nvarchar"
					},
					{
						"name": "CBTW9",
						"type": "nvarchar"
					},
					{
						"name": "SOURCE_SYSTEM",
						"type": "nvarchar"
					},
					{
						"name": "DW_CHANGE_DATE",
						"type": "datetime",
						"precision": 23,
						"scale": 3
					},
					{
						"name": "HASHKEY",
						"type": "varbinary"
					}
				],
				"typeProperties": {
					"schema": "StgIseries",
					"table": "ABC400FIL_CTFILCCTR_INCR"
				}
			},
			"dependsOn": []
		},
		{
			"name": "[concat(parameters('factoryName'), '/SNK_SYN_ISERIES_CTFILCTH_INCR')]",
			"type": "Microsoft.DataFactory/factories/datasets",
			"apiVersion": "2018-06-01",
			"properties": {
				"linkedServiceName": {
					"referenceName": "AzureSynapseAnalytics1",
					"type": "LinkedServiceReference"
				},
				"annotations": [],
				"type": "AzureSqlDWTable",
				"schema": [],
				"typeProperties": {
					"schema": "StgIseries",
					"table": "ABC400FIL_CTFILCTH_INCR"
				}
			},
			"dependsOn": []
		},
		{
			"name": "[concat(parameters('factoryName'), '/SNK_SYN_ISERIES_CTFILEXT_INCR')]",
			"type": "Microsoft.DataFactory/factories/datasets",
			"apiVersion": "2018-06-01",
			"properties": {
				"linkedServiceName": {
					"referenceName": "AzureSynapseAnalytics1",
					"type": "LinkedServiceReference"
				},
				"annotations": [],
				"type": "AzureSqlDWTable",
				"schema": [
					{
						"name": "CTCLB",
						"type": "int",
						"precision": 10
					},
					{
						"name": "CTMBR",
						"type": "decimal",
						"precision": 5,
						"scale": 0
					},
					{
						"name": "CTSEQ",
						"type": "decimal",
						"precision": 5,
						"scale": 0
					},
					{
						"name": "CTAPCTA",
						"type": "decimal",
						"precision": 7,
						"scale": 2
					},
					{
						"name": "CTCNVA",
						"type": "decimal",
						"precision": 7,
						"scale": 2
					},
					{
						"name": "CTAPFDD",
						"type": "decimal",
						"precision": 6,
						"scale": 0
					},
					{
						"name": "CTCBA",
						"type": "decimal",
						"precision": 7,
						"scale": 2
					},
					{
						"name": "CTAGE",
						"type": "nvarchar"
					},
					{
						"name": "CTFORCE",
						"type": "nvarchar"
					},
					{
						"name": "CTDATE",
						"type": "decimal",
						"precision": 8,
						"scale": 0
					},
					{
						"name": "CTTIME",
						"type": "decimal",
						"precision": 6,
						"scale": 0
					},
					{
						"name": "CTRTNCODE",
						"type": "nvarchar"
					},
					{
						"name": "CTRSPCODE",
						"type": "nvarchar"
					},
					{
						"name": "CTREACODE",
						"type": "nvarchar"
					},
					{
						"name": "CTBRN",
						"type": "nvarchar"
					},
					{
						"name": "CTBAN",
						"type": "nvarchar"
					},
					{
						"name": "CTBAT",
						"type": "nvarchar"
					},
					{
						"name": "CTCCN",
						"type": "nvarchar"
					},
					{
						"name": "CTCCE",
						"type": "nvarchar"
					},
					{
						"name": "CTCCT",
						"type": "nvarchar"
					},
					{
						"name": "CTTIN",
						"type": "decimal",
						"precision": 13,
						"scale": 0
					},
					{
						"name": "CTLNME",
						"type": "nvarchar"
					},
					{
						"name": "CTFNME",
						"type": "nvarchar"
					},
					{
						"name": "CTZPPC",
						"type": "nvarchar"
					},
					{
						"name": "CTZPPCSRC",
						"type": "nvarchar"
					},
					{
						"name": "CTPHONE",
						"type": "nvarchar"
					},
					{
						"name": "CTORGPMT",
						"type": "decimal",
						"precision": 7,
						"scale": 2
					},
					{
						"name": "CTORGSVC",
						"type": "decimal",
						"precision": 7,
						"scale": 2
					},
					{
						"name": "CTORGLTE",
						"type": "decimal",
						"precision": 7,
						"scale": 2
					},
					{
						"name": "CTORGCNV",
						"type": "decimal",
						"precision": 7,
						"scale": 2
					},
					{
						"name": "CTPRCCDE",
						"type": "nvarchar"
					},
					{
						"name": "CTRSPCDE",
						"type": "nvarchar"
					},
					{
						"name": "CTAUTCDE",
						"type": "nvarchar"
					},
					{
						"name": "CTCLB7",
						"type": "decimal",
						"precision": 7,
						"scale": 0
					},
					{
						"name": "CTMBR9",
						"type": "decimal",
						"precision": 9,
						"scale": 0
					},
					{
						"name": "CTLOCUID",
						"type": "nvarchar"
					},
					{
						"name": "CTACTUID",
						"type": "nvarchar"
					},
					{
						"name": "HASHKEY",
						"type": "varbinary"
					}
				],
				"typeProperties": {
					"schema": "StgIseries",
					"table": "ABC400FIL_CTFILEXT_INCR"
				}
			},
			"dependsOn": []
		}
	]
}