{
	"$schema": "http://schema.management.azure.com/schemas/2015-01-01/deploymentTemplate.json#",
	"contentVersion": "1.0.0.0",
	"parameters": {
		"factoryName": {
			"type": "string",
			"metadata": "Data Factory name",
			"defaultValue": "PlanetFitnessDF"
		}
	},
	"variables": {
		"factoryId": "[concat('Microsoft.DataFactory/factories/', parameters('factoryName'))]"
	},
	"resources": [
		{
			"name": "[concat(parameters('factoryName'), '/SNK_SYN_DT_LEADPRIORITYLOOKUP_INCR')]",
			"type": "Microsoft.DataFactory/factories/datasets",
			"apiVersion": "2018-06-01",
			"properties": {
				"linkedServiceName": {
					"referenceName": "AzureSynapseAnalytics1",
					"type": "LinkedServiceReference"
				},
				"annotations": [],
				"type": "AzureSqlDWTable",
				"schema": [
					{
						"name": "LPL_ID",
						"type": "nvarchar"
					},
					{
						"name": "LPL_CREATED",
						"type": "datetime2",
						"scale": 6
					},
					{
						"name": "LPL_MODIFIED",
						"type": "datetime2",
						"scale": 6
					},
					{
						"name": "LPL_ACTIVE",
						"type": "nvarchar"
					},
					{
						"name": "LPL_NAME",
						"type": "nvarchar"
					},
					{
						"name": "LPL_DESCRIPTION",
						"type": "nvarchar"
					}
				],
				"typeProperties": {
					"schema": "StgDatatrak",
					"table": "STG_LEADPRIORITYLOOKUP_INCR"
				}
			},
			"dependsOn": []
		},
		{
			"name": "[concat(parameters('factoryName'), '/SNK_SYN_DT_LOCATIONTAXREF_INCR')]",
			"type": "Microsoft.DataFactory/factories/datasets",
			"apiVersion": "2018-06-01",
			"properties": {
				"linkedServiceName": {
					"referenceName": "AzureSynapseAnalytics1",
					"type": "LinkedServiceReference"
				},
				"annotations": [],
				"type": "AzureSqlDWTable",
				"schema": [
					{
						"name": "vpd_id",
						"type": "decimal",
						"precision": 6,
						"scale": 0
					},
					{
						"name": "spl_id",
						"type": "nvarchar"
					},
					{
						"name": "str_id",
						"type": "nvarchar"
					}
				],
				"typeProperties": {
					"schema": "StgDatatrak",
					"table": "STG_LOCATIONTAXREF_INCR"
				}
			},
			"dependsOn": []
		},
		{
			"name": "[concat(parameters('factoryName'), '/SNK_SYN_DT_MEMBERACTIONTYPELOCATIONS_INCR')]",
			"type": "Microsoft.DataFactory/factories/datasets",
			"apiVersion": "2018-06-01",
			"properties": {
				"linkedServiceName": {
					"referenceName": "AzureSynapseAnalytics1",
					"type": "LinkedServiceReference"
				},
				"annotations": [],
				"type": "AzureSqlDWTable",
				"schema": [
					{
						"name": "VPD_ID",
						"type": "decimal",
						"precision": 6,
						"scale": 0
					},
					{
						"name": "M_ID",
						"type": "nvarchar"
					},
					{
						"name": "MATL_ID",
						"type": "nvarchar"
					},
					{
						"name": "MATL_CREATED",
						"type": "datetime2",
						"scale": 6
					},
					{
						"name": "SLOC_ID",
						"type": "nvarchar"
					},
					{
						"name": "AT_ID",
						"type": "nvarchar"
					}
				],
				"typeProperties": {
					"schema": "StgDatatrak",
					"table": "STG_MEMBERACTIONTYPELOCATIONS_INCR"
				}
			},
			"dependsOn": []
		},
		{
			"name": "[concat(parameters('factoryName'), '/SNK_SYN_DT_MEMBERACTIVITIES_INCR')]",
			"type": "Microsoft.DataFactory/factories/datasets",
			"apiVersion": "2018-06-01",
			"properties": {
				"linkedServiceName": {
					"referenceName": "AzureSynapseAnalytics1",
					"type": "LinkedServiceReference"
				},
				"annotations": [],
				"type": "AzureSqlDWTable",
				"schema": [
					{
						"name": "VPD_ID",
						"type": "decimal",
						"precision": 6,
						"scale": 0
					},
					{
						"name": "MA_ID",
						"type": "nvarchar"
					},
					{
						"name": "MA_CREATED",
						"type": "datetime2",
						"scale": 6
					},
					{
						"name": "MA_MODIFIED",
						"type": "datetime2",
						"scale": 6
					},
					{
						"name": "MA_ACTIVE",
						"type": "nvarchar"
					},
					{
						"name": "MA_NAME",
						"type": "nvarchar"
					},
					{
						"name": "MA_SCHEDULED_DATE",
						"type": "datetime2",
						"scale": 6
					},
					{
						"name": "MA_COMPLETED_DATE",
						"type": "datetime2",
						"scale": 6
					},
					{
						"name": "MA_NOTE",
						"type": "nvarchar"
					},
					{
						"name": "ASL_ID",
						"type": "nvarchar"
					},
					{
						"name": "APL_ID",
						"type": "nvarchar"
					},
					{
						"name": "ATL_ID",
						"type": "nvarchar"
					},
					{
						"name": "M_ID",
						"type": "nvarchar"
					}
				],
				"typeProperties": {
					"schema": "StgDatatrak",
					"table": "STG_MEMBERACTIVITIES_INCR"
				}
			},
			"dependsOn": []
		},
		{
			"name": "[concat(parameters('factoryName'), '/SNK_SYN_DT_MEMBERCHILDREN_INCR')]",
			"type": "Microsoft.DataFactory/factories/datasets",
			"apiVersion": "2018-06-01",
			"properties": {
				"linkedServiceName": {
					"referenceName": "AzureSynapseAnalytics1",
					"type": "LinkedServiceReference"
				},
				"annotations": [],
				"type": "AzureSqlDWTable",
				"schema": [
					{
						"name": "VPD_ID",
						"type": "decimal",
						"precision": 6,
						"scale": 0
					},
					{
						"name": "MCD_ID",
						"type": "nvarchar"
					},
					{
						"name": "MCD_CREATED",
						"type": "datetime2",
						"scale": 6
					},
					{
						"name": "MOD_CREATED_LOCAL",
						"type": "datetime2",
						"scale": 6
					},
					{
						"name": "MCD_MODIFIED",
						"type": "datetime2",
						"scale": 6
					},
					{
						"name": "MCD_ACTIVE",
						"type": "nvarchar"
					},
					{
						"name": "MCD_NAME_LAST",
						"type": "nvarchar"
					},
					{
						"name": "MCD_NAME_FIRST",
						"type": "nvarchar"
					},
					{
						"name": "MCD_NAME_MI",
						"type": "nvarchar"
					},
					{
						"name": "MCD_NAME_FIRST_LAST",
						"type": "nvarchar"
					},
					{
						"name": "MCD_NAME_LAST_FIRST",
						"type": "nvarchar"
					},
					{
						"name": "MCD_GENDER",
						"type": "decimal",
						"precision": 1,
						"scale": 0
					},
					{
						"name": "MCD_BIRTHDATE",
						"type": "datetime2",
						"scale": 6
					},
					{
						"name": "MCD_BARCODE",
						"type": "nvarchar"
					},
					{
						"name": "MCD_EMERGENCY_NAME_LAST",
						"type": "nvarchar"
					},
					{
						"name": "MCD_EMERGENCY_NAME_FIRST",
						"type": "nvarchar"
					},
					{
						"name": "MCD_EMERGENCY_MI",
						"type": "nvarchar"
					},
					{
						"name": "MCD_EMERGENCY_NAME_FIRST_LAST",
						"type": "nvarchar"
					},
					{
						"name": "MCD_EMERGENCY_NAME_LAST_FIRST",
						"type": "nvarchar"
					},
					{
						"name": "MCD_EMERGENCY_PHONE",
						"type": "nvarchar"
					},
					{
						"name": "MCD_EMERGENCY_EXT",
						"type": "nvarchar"
					},
					{
						"name": "MCD_EMERGENCY_AVAILABILITY",
						"type": "nvarchar"
					},
					{
						"name": "MCD_LAST_CHECKIN_DATE",
						"type": "datetime2",
						"scale": 6
					},
					{
						"name": "MCD_MISC_1",
						"type": "nvarchar"
					},
					{
						"name": "MCD_MISC_2",
						"type": "nvarchar"
					},
					{
						"name": "MCD_MISC_3",
						"type": "nvarchar"
					},
					{
						"name": "A_ID",
						"type": "nvarchar"
					},
					{
						"name": "FP_ID",
						"type": "nvarchar"
					},
					{
						"name": "MP_ID",
						"type": "nvarchar"
					},
					{
						"name": "TZL_ID_CREATED",
						"type": "nvarchar"
					}
				],
				"typeProperties": {
					"schema": "StgDatatrak",
					"table": "STG_MEMBERCHILDREN_INCR"
				}
			},
			"dependsOn": []
		},
		{
			"name": "[concat(parameters('factoryName'), '/SNK_SYN_DT_MEMBEREVENTSUMMARY_INCR')]",
			"type": "Microsoft.DataFactory/factories/datasets",
			"apiVersion": "2018-06-01",
			"properties": {
				"linkedServiceName": {
					"referenceName": "AzureSynapseAnalytics1",
					"type": "LinkedServiceReference"
				},
				"annotations": [],
				"type": "AzureSqlDWTable",
				"schema": [
					{
						"name": "VPD_ID",
						"type": "decimal",
						"precision": 6,
						"scale": 0
					},
					{
						"name": "SPL_ID",
						"type": "nvarchar"
					},
					{
						"name": "M_ID",
						"type": "nvarchar"
					},
					{
						"name": "ET_ID",
						"type": "nvarchar"
					},
					{
						"name": "ETL_ID",
						"type": "nvarchar"
					},
					{
						"name": "MES_COMPLETED_COUNT",
						"type": "decimal",
						"precision": 6,
						"scale": 0
					},
					{
						"name": "MES_CANCEL_CHARGE_COUNT",
						"type": "decimal",
						"precision": 6,
						"scale": 0
					},
					{
						"name": "MES_CANCEL_NO_CHARGE_COUNT",
						"type": "decimal",
						"precision": 6,
						"scale": 0
					},
					{
						"name": "MES_PENDING_COUNT",
						"type": "decimal",
						"precision": 6,
						"scale": 0
					},
					{
						"name": "MES_DEDUCTED_COUNT",
						"type": "decimal",
						"precision": 6,
						"scale": 0
					},
					{
						"name": "MES_UNFUNDED_COUNT",
						"type": "decimal",
						"precision": 6,
						"scale": 0
					},
					{
						"name": "MES_LAST_BOOKED_DATE",
						"type": "datetime2",
						"scale": 6
					}
				],
				"typeProperties": {
					"schema": "StgDatatrak",
					"table": "STG_MEMBEREVENTSUMMARY_INCR"
				}
			},
			"dependsOn": []
		},
		{
			"name": "[concat(parameters('factoryName'), '/SNK_SYN_DT_MEMBERMARKETINGCOMM_INCR')]",
			"type": "Microsoft.DataFactory/factories/datasets",
			"apiVersion": "2018-06-01",
			"properties": {
				"linkedServiceName": {
					"referenceName": "AzureSynapseAnalytics1",
					"type": "LinkedServiceReference"
				},
				"annotations": [],
				"type": "AzureSqlDWTable",
				"schema": [
					{
						"name": "VPD_ID",
						"type": "decimal",
						"precision": 6,
						"scale": 0
					},
					{
						"name": "M_ID",
						"type": "nvarchar"
					},
					{
						"name": "LAST_CHANGED",
						"type": "datetime2",
						"scale": 6
					},
					{
						"name": "OPT_IN_CCPA",
						"type": "nvarchar"
					},
					{
						"name": "OPT_IN_GDPR",
						"type": "nvarchar"
					},
					{
						"name": "OPT_IN_OTHER",
						"type": "nvarchar"
					},
					{
						"name": "DELETE_CCPA",
						"type": "nvarchar"
					},
					{
						"name": "DELETE_GDPR",
						"type": "nvarchar"
					},
					{
						"name": "DELETE_OTHER",
						"type": "nvarchar"
					},
					{
						"name": "COMM_EMAIL",
						"type": "nvarchar"
					},
					{
						"name": "COMM_SMS",
						"type": "nvarchar"
					},
					{
						"name": "COMM_DIRECTMAIL",
						"type": "nvarchar"
					},
					{
						"name": "COMM_PUSHNOTIF",
						"type": "nvarchar"
					}
				],
				"typeProperties": {
					"schema": "StgDatatrak",
					"table": "STG_MEMBERMARKETINGCOMM_INCR"
				}
			},
			"dependsOn": []
		},
		{
			"name": "[concat(parameters('factoryName'), '/SNK_SYN_DT_MEMBERSHIPCAMPAIGNGROUPS_INCR')]",
			"type": "Microsoft.DataFactory/factories/datasets",
			"apiVersion": "2018-06-01",
			"properties": {
				"linkedServiceName": {
					"referenceName": "AzureSynapseAnalytics1",
					"type": "LinkedServiceReference"
				},
				"annotations": [],
				"type": "AzureSqlDWTable",
				"schema": [
					{
						"name": "VPD_ID",
						"type": "decimal",
						"precision": 6,
						"scale": 0
					},
					{
						"name": "MCG_ID",
						"type": "nvarchar"
					},
					{
						"name": "MCG_CREATED",
						"type": "datetime2",
						"scale": 6
					},
					{
						"name": "MCG_MODIFIED",
						"type": "datetime2",
						"scale": 6
					},
					{
						"name": "MCG_ACTIVE",
						"type": "nvarchar"
					},
					{
						"name": "U_ID_AUDIT",
						"type": "nvarchar"
					},
					{
						"name": "MCG_NAME",
						"type": "nvarchar"
					},
					{
						"name": "MCG_ABC_CODE",
						"type": "nvarchar"
					}
				],
				"typeProperties": {
					"schema": "StgDatatrak",
					"table": "STG_MEMBERSHIPCAMPAIGNGROUPS_INCR"
				}
			},
			"dependsOn": []
		},
		{
			"name": "[concat(parameters('factoryName'), '/SNK_SYN_DT_MEMBERSHIPCAMPAIGNS_INCR')]",
			"type": "Microsoft.DataFactory/factories/datasets",
			"apiVersion": "2018-06-01",
			"properties": {
				"linkedServiceName": {
					"referenceName": "AzureSynapseAnalytics1",
					"type": "LinkedServiceReference"
				},
				"annotations": [],
				"type": "AzureSqlDWTable",
				"schema": [
					{
						"name": "VPD_ID",
						"type": "decimal",
						"precision": 6,
						"scale": 0
					},
					{
						"name": "MC_ID",
						"type": "nvarchar"
					},
					{
						"name": "MC_CREATED",
						"type": "datetime2",
						"scale": 6
					},
					{
						"name": "MC_MODIFIED",
						"type": "datetime2",
						"scale": 6
					},
					{
						"name": "MC_ACTIVE",
						"type": "nvarchar"
					},
					{
						"name": "MC_NAME",
						"type": "nvarchar"
					},
					{
						"name": "MC_DESCRIPTION",
						"type": "nvarchar"
					},
					{
						"name": "MC_ABC_CODE",
						"type": "nvarchar"
					},
					{
						"name": "MC_COMMENTS",
						"type": "nvarchar"
					},
					{
						"name": "MCG_ID",
						"type": "nvarchar"
					},
					{
						"name": "MC_AGREEMENT",
						"type": "nvarchar"
					},
					{
						"name": "MC_RECURRING_SERVICE",
						"type": "nvarchar"
					}
				],
				"typeProperties": {
					"schema": "StgDatatrak",
					"table": "STG_MEMBERSHIPCAMPAIGNS_INCR"
				}
			},
			"dependsOn": []
		},
		{
			"name": "[concat(parameters('factoryName'), '/SNK_SYN_DT_PAYMENTSCHEDULEFREQUENCIES_INCR')]",
			"type": "Microsoft.DataFactory/factories/datasets",
			"apiVersion": "2018-06-01",
			"properties": {
				"linkedServiceName": {
					"referenceName": "AzureSynapseAnalytics1",
					"type": "LinkedServiceReference"
				},
				"annotations": [],
				"type": "AzureSqlDWTable",
				"schema": [
					{
						"name": "PSF_ID",
						"type": "nvarchar"
					},
					{
						"name": "PSF_NAME",
						"type": "nvarchar"
					},
					{
						"name": "PSF_ABC_CODE",
						"type": "nvarchar"
					},
					{
						"name": "PSF_SORT_ORDER",
						"type": "decimal",
						"precision": 6,
						"scale": 0
					},
					{
						"name": "PSF_DAYS",
						"type": "decimal",
						"precision": 6,
						"scale": 0
					},
					{
						"name": "PSF_OPEN_MULTIPLIER",
						"type": "decimal",
						"precision": 1,
						"scale": 0
					}
				],
				"typeProperties": {
					"schema": "StgDatatrak",
					"table": "STG_PAYMENTSCHEDULEFREQUENCIES_INCR"
				}
			},
			"dependsOn": []
		},
		{
			"name": "[concat(parameters('factoryName'), '/SNK_SYN_DT_POSITEMS_INCR')]",
			"type": "Microsoft.DataFactory/factories/datasets",
			"apiVersion": "2018-06-01",
			"properties": {
				"linkedServiceName": {
					"referenceName": "AzureSynapseAnalytics1",
					"type": "LinkedServiceReference"
				},
				"annotations": [],
				"type": "AzureSqlDWTable",
				"schema": [
					{
						"name": "VPD_ID",
						"type": "decimal",
						"precision": 6,
						"scale": 0
					},
					{
						"name": "POSI_ID",
						"type": "nvarchar"
					},
					{
						"name": "POSI_CREATED",
						"type": "datetime2",
						"scale": 6
					},
					{
						"name": "POSI_MODIFIED",
						"type": "datetime2",
						"scale": 6
					},
					{
						"name": "POSI_SEQUENCE",
						"type": "decimal",
						"precision": 8,
						"scale": 2
					},
					{
						"name": "POSI_UNIT_PRICE",
						"type": "decimal",
						"precision": 8,
						"scale": 2
					},
					{
						"name": "POSI_ORIGINAL_UNIT_PRICE",
						"type": "decimal",
						"precision": 8,
						"scale": 2
					},
					{
						"name": "POSI_ITEM_DISCOUNT_CALC",
						"type": "decimal",
						"precision": 8,
						"scale": 2
					},
					{
						"name": "POSI_ITEM_DISCOUNT_PERCENT",
						"type": "decimal",
						"precision": 8,
						"scale": 2
					},
					{
						"name": "POSI_ITEM_DISCOUNT_AMOUNT",
						"type": "decimal",
						"precision": 8,
						"scale": 2
					},
					{
						"name": "POSI_INVOICE_DISCOUNT_CALC",
						"type": "decimal",
						"precision": 8,
						"scale": 2
					},
					{
						"name": "POSI_INVOICE_DISCOUNT_PERCENT",
						"type": "decimal",
						"precision": 8,
						"scale": 2
					},
					{
						"name": "POSI_INVOICE_DISCOUNT_AMOUNT",
						"type": "decimal",
						"precision": 8,
						"scale": 2
					},
					{
						"name": "POSI_PACKAGE_QUANTITY",
						"type": "decimal",
						"precision": 6,
						"scale": 0
					},
					{
						"name": "POSI_ORIGINAL_QUANTITY",
						"type": "decimal",
						"precision": 6,
						"scale": 0
					},
					{
						"name": "POSI_QUANTITY_CHANGED",
						"type": "datetime2",
						"scale": 6
					},
					{
						"name": "POSI_QUANTITY",
						"type": "decimal",
						"precision": 6,
						"scale": 0
					},
					{
						"name": "POSI_QUANTITY_RETURNED",
						"type": "decimal",
						"precision": 6,
						"scale": 0
					},
					{
						"name": "POSI_USED",
						"type": "decimal",
						"precision": 6,
						"scale": 0
					},
					{
						"name": "POSI_USES_REMAINING",
						"type": "decimal",
						"precision": 6,
						"scale": 0
					},
					{
						"name": "POSI_LAST_USED_DATE",
						"type": "datetime2",
						"scale": 6
					},
					{
						"name": "POSI_UPC",
						"type": "nvarchar"
					},
					{
						"name": "POSI_ITEM_NAME",
						"type": "nvarchar"
					},
					{
						"name": "POSI_SALES_TAX_WAIVED",
						"type": "nvarchar"
					},
					{
						"name": "POSI_METERED",
						"type": "nvarchar"
					},
					{
						"name": "POSI_EXPIRATION_DATE",
						"type": "datetime2",
						"scale": 6
					},
					{
						"name": "POSI_PRICE_CALC",
						"type": "decimal",
						"precision": 8,
						"scale": 2
					},
					{
						"name": "POSI_TAX_AMOUNT",
						"type": "decimal",
						"precision": 8,
						"scale": 2
					},
					{
						"name": "CGI_ID",
						"type": "nvarchar"
					},
					{
						"name": "CPR_ID",
						"type": "nvarchar"
					},
					{
						"name": "POS_ID",
						"type": "nvarchar"
					},
					{
						"name": "POSI_ID_RETURNED",
						"type": "nvarchar"
					},
					{
						"name": "SDT_ID_ITEM",
						"type": "nvarchar"
					},
					{
						"name": "SDT_ID_INVOICE",
						"type": "nvarchar"
					},
					{
						"name": "WSTRR_ID",
						"type": "nvarchar"
					},
					{
						"name": "SAI_ID",
						"type": "nvarchar"
					},
					{
						"name": "M_ID",
						"type": "nvarchar"
					},
					{
						"name": "TZL_ID_LAST_USED_DATE",
						"type": "nvarchar"
					},
					{
						"name": "SHR_ID",
						"type": "nvarchar"
					},
					{
						"name": "E_ID",
						"type": "nvarchar"
					},
					{
						"name": "POSI_ID_REPLACEMENT",
						"type": "nvarchar"
					},
					{
						"name": "POSI_EFFECTIVE_DATE",
						"type": "datetime2",
						"scale": 6
					},
					{
						"name": "POSI_UNFREEZE_EXPIRATION_DATE",
						"type": "datetime2",
						"scale": 6
					},
					{
						"name": "POSI_SALE_TYPE",
						"type": "nvarchar"
					},
					{
						"name": "POSI_PROFIT_CENTER_NAME",
						"type": "nvarchar"
					},
					{
						"name": "POSI_COMM_AMOUNT",
						"type": "decimal",
						"precision": 8,
						"scale": 2
					},
					{
						"name": "POSI_EVENT_COMM_UNIT_PRICE",
						"type": "decimal",
						"precision": 8,
						"scale": 2
					},
					{
						"name": "POSI_CROSS_CLUB_SERVICE",
						"type": "nvarchar"
					}
				],
				"typeProperties": {
					"schema": "StgDatatrak",
					"table": "STG_POSITEMS_INCR"
				}
			},
			"dependsOn": []
		},
		{
			"name": "[concat(parameters('factoryName'), '/SNK_SYN_DT_POSITEMTAXES_INCR')]",
			"type": "Microsoft.DataFactory/factories/datasets",
			"apiVersion": "2018-06-01",
			"properties": {
				"linkedServiceName": {
					"referenceName": "AzureSynapseAnalytics1",
					"type": "LinkedServiceReference"
				},
				"annotations": [],
				"type": "AzureSqlDWTable",
				"schema": [
					{
						"name": "VPD_ID",
						"type": "decimal",
						"precision": 6,
						"scale": 0
					},
					{
						"name": "POSIT_ID",
						"type": "nvarchar"
					},
					{
						"name": "POSIT_AMOUNT",
						"type": "decimal",
						"precision": 8,
						"scale": 2
					},
					{
						"name": "POSIT_NAME",
						"type": "nvarchar"
					},
					{
						"name": "POSIT_PERCENTAGE",
						"type": "decimal",
						"precision": 6,
						"scale": 4
					},
					{
						"name": "POSI_ID",
						"type": "nvarchar"
					},
					{
						"name": "STR_ID",
						"type": "nvarchar"
					}
				],
				"typeProperties": {
					"schema": "StgDatatrak",
					"table": "STG_POSITEMTAXES_INCR"
				}
			},
			"dependsOn": []
		},
		{
			"name": "[concat(parameters('factoryName'), '/SNK_SYN_DT_POSPAYMENTITEMS_INCR')]",
			"type": "Microsoft.DataFactory/factories/datasets",
			"apiVersion": "2018-06-01",
			"properties": {
				"linkedServiceName": {
					"referenceName": "AzureSynapseAnalytics1",
					"type": "LinkedServiceReference"
				},
				"annotations": [],
				"type": "AzureSqlDWTable",
				"schema": [
					{
						"name": "VPD_ID",
						"type": "decimal",
						"precision": 6,
						"scale": 0
					},
					{
						"name": "PPMT_ID",
						"type": "nvarchar"
					},
					{
						"name": "POSI_ID",
						"type": "nvarchar"
					},
					{
						"name": "PPMTI_AMOUNT",
						"type": "decimal",
						"precision": 8,
						"scale": 2
					},
					{
						"name": "PPMTI_AMOUNT_TAX",
						"type": "decimal",
						"precision": 8,
						"scale": 2
					},
					{
						"name": "PPMTI_CREATED",
						"type": "datetime2",
						"scale": 6
					}
				],
				"typeProperties": {
					"schema": "StgDatatrak",
					"table": "STG_POSPAYMENTITEMS_INCR"
				}
			},
			"dependsOn": []
		},
		{
			"name": "[concat(parameters('factoryName'), '/SNK_SYN_DT_POSPAYMENTS_INCR')]",
			"type": "Microsoft.DataFactory/factories/datasets",
			"apiVersion": "2018-06-01",
			"properties": {
				"linkedServiceName": {
					"referenceName": "AzureSynapseAnalytics1",
					"type": "LinkedServiceReference"
				},
				"annotations": [],
				"type": "AzureSqlDWTable",
				"schema": [
					{
						"name": "VPD_ID",
						"type": "decimal",
						"precision": 6,
						"scale": 0
					},
					{
						"name": "PPMT_ID",
						"type": "nvarchar"
					},
					{
						"name": "PPMT_CREATED",
						"type": "datetime2",
						"scale": 6
					},
					{
						"name": "PPMT_MODIFIED",
						"type": "datetime2",
						"scale": 6
					},
					{
						"name": "PPMT_SEQUENCE",
						"type": "decimal",
						"precision": 6,
						"scale": 0
					},
					{
						"name": "PPMT_AMOUNT",
						"type": "decimal",
						"precision": 8,
						"scale": 2
					},
					{
						"name": "PPMT_ABC_COLLECTED",
						"type": "nvarchar"
					},
					{
						"name": "PPMT_DRAFT_DATE",
						"type": "datetime2",
						"scale": 6
					},
					{
						"name": "PPMT_REFERENCE_LABEL",
						"type": "nvarchar"
					},
					{
						"name": "PPMT_REFERENCE",
						"type": "nvarchar"
					},
					{
						"name": "PPMT_INCOME",
						"type": "nvarchar"
					},
					{
						"name": "PPMT_NAME",
						"type": "nvarchar"
					},
					{
						"name": "PPMT_DESCRIPTION",
						"type": "nvarchar"
					},
					{
						"name": "BH_ID",
						"type": "nvarchar"
					},
					{
						"name": "PPT_ID",
						"type": "nvarchar"
					},
					{
						"name": "POS_ID",
						"type": "nvarchar"
					},
					{
						"name": "PPMT_AUTO_BILL",
						"type": "nvarchar"
					},
					{
						"name": "PFREQ_ID",
						"type": "nvarchar"
					}
				],
				"typeProperties": {
					"schema": "StgDatatrak",
					"table": "STG_POSPAYMENTS_INCR"
				}
			},
			"dependsOn": []
		},
		{
			"name": "[concat(parameters('factoryName'), '/SNK_SYN_DT_PROMOTIONS_INCR')]",
			"type": "Microsoft.DataFactory/factories/datasets",
			"apiVersion": "2018-06-01",
			"properties": {
				"linkedServiceName": {
					"referenceName": "AzureSynapseAnalytics1",
					"type": "LinkedServiceReference"
				},
				"annotations": [],
				"type": "AzureSqlDWTable",
				"schema": [
					{
						"name": "VPD_ID",
						"type": "decimal",
						"precision": 6,
						"scale": 0
					},
					{
						"name": "A_ID",
						"type": "nvarchar"
					},
					{
						"name": "A_CREATED",
						"type": "datetime2",
						"scale": 6
					},
					{
						"name": "A_MODIFIED",
						"type": "datetime2",
						"scale": 6
					},
					{
						"name": "A_ACTIVE",
						"type": "nvarchar"
					},
					{
						"name": "A_DEAD_COLUMN_1",
						"type": "nvarchar"
					},
					{
						"name": "A_DATE_JOINED",
						"type": "datetime2",
						"scale": 6
					},
					{
						"name": "A_DATE_SIGNED",
						"type": "datetime2",
						"scale": 6
					},
					{
						"name": "A_EFFECTIVITY_DATE",
						"type": "datetime2",
						"scale": 6
					},
					{
						"name": "A_EXPIRE_DATE",
						"type": "datetime2",
						"scale": 6
					},
					{
						"name": "A_DOWN_PAYMENT",
						"type": "decimal",
						"precision": 8,
						"scale": 2
					},
					{
						"name": "A_SALE_PRICE",
						"type": "decimal",
						"precision": 8,
						"scale": 2
					},
					{
						"name": "A_RENEWAL_TYPE",
						"type": "nvarchar"
					},
					{
						"name": "A_RENEWAL_DATE",
						"type": "datetime2",
						"scale": 6
					},
					{
						"name": "A_RENEWAL_TERM",
						"type": "nvarchar"
					},
					{
						"name": "A_RENEWAL_NUM_PAYMENTS",
						"type": "decimal",
						"precision": 6,
						"scale": 0
					},
					{
						"name": "A_RENEWAL_CASH_PRICE",
						"type": "decimal",
						"precision": 8,
						"scale": 2
					},
					{
						"name": "A_RENEWAL_COUPON_PRICE",
						"type": "decimal",
						"precision": 8,
						"scale": 2
					},
					{
						"name": "A_RENEWAL_EFT_PRICE",
						"type": "decimal",
						"precision": 8,
						"scale": 2
					},
					{
						"name": "A_PATRON_TYPE",
						"type": "nvarchar"
					},
					{
						"name": "A_AS400_SYNCED",
						"type": "nvarchar"
					},
					{
						"name": "A_LAST_SYNC_DATE",
						"type": "datetime2",
						"scale": 6
					},
					{
						"name": "A_STATUS_EFFECTIVE_DATE",
						"type": "datetime2",
						"scale": 6
					},
					{
						"name": "A_MISC_1",
						"type": "nvarchar"
					},
					{
						"name": "A_MISC_2",
						"type": "nvarchar"
					},
					{
						"name": "A_MISC_3",
						"type": "nvarchar"
					},
					{
						"name": "A_OVERPAYMENT",
						"type": "decimal",
						"precision": 8,
						"scale": 2
					},
					{
						"name": "A_REMAINING_BALANCE",
						"type": "decimal",
						"precision": 8,
						"scale": 2
					},
					{
						"name": "A_FIRST_DUE_DATE",
						"type": "datetime2",
						"scale": 6
					},
					{
						"name": "A_OLDEST_NEXT_DUE_DATE",
						"type": "datetime2",
						"scale": 6
					},
					{
						"name": "A_OLDEST_NEXT_DUE_AMOUNT",
						"type": "decimal",
						"precision": 8,
						"scale": 2
					},
					{
						"name": "A_NEXT_DUE_DATE",
						"type": "datetime2",
						"scale": 6
					},
					{
						"name": "A_NEXT_DUE_AMOUNT",
						"type": "decimal",
						"precision": 8,
						"scale": 2
					},
					{
						"name": "A_LAST_SCHEDULED_DUE_DATE",
						"type": "datetime2",
						"scale": 6
					},
					{
						"name": "A_LAST_PAYMENT_DATE",
						"type": "datetime2",
						"scale": 6
					},
					{
						"name": "A_LAST_PAYMENT_AMOUNT",
						"type": "decimal",
						"precision": 8,
						"scale": 2
					},
					{
						"name": "A_LAST_PAYMENT_CODE",
						"type": "nvarchar"
					},
					{
						"name": "A_LAST_PAYMENT_DESCRIPTION",
						"type": "nvarchar"
					},
					{
						"name": "A_LAST_REWRITE_DATE",
						"type": "datetime2",
						"scale": 6
					},
					{
						"name": "A_LAST_RENEWAL_DATE",
						"type": "datetime2",
						"scale": 6
					},
					{
						"name": "A_VISITS_ALLOWED",
						"type": "decimal",
						"precision": 6,
						"scale": 0
					},
					{
						"name": "A_VISITS_USED",
						"type": "decimal",
						"precision": 6,
						"scale": 0
					},
					{
						"name": "A_ISSUED_DATE",
						"type": "datetime2",
						"scale": 6
					},
					{
						"name": "A_FIRST_VISIT_DATE",
						"type": "datetime2",
						"scale": 6
					},
					{
						"name": "A_CONVERSION_DATE",
						"type": "datetime2",
						"scale": 6
					},
					{
						"name": "A_TOUR_DATE",
						"type": "datetime2",
						"scale": 6
					},
					{
						"name": "A_POSTED",
						"type": "datetime2",
						"scale": 6
					},
					{
						"name": "AB_ID",
						"type": "nvarchar"
					},
					{
						"name": "APM_ID",
						"type": "nvarchar"
					},
					{
						"name": "APP_ID",
						"type": "nvarchar"
					},
					{
						"name": "AT_ID",
						"type": "nvarchar"
					},
					{
						"name": "E_ID",
						"type": "nvarchar"
					},
					{
						"name": "M_ID",
						"type": "nvarchar"
					},
					{
						"name": "MC_ID",
						"type": "nvarchar"
					},
					{
						"name": "LPL_ID",
						"type": "nvarchar"
					},
					{
						"name": "M_ID_REFERRED",
						"type": "nvarchar"
					},
					{
						"name": "PSF_ID",
						"type": "nvarchar"
					},
					{
						"name": "SPL_ID",
						"type": "nvarchar"
					},
					{
						"name": "A_ID_MASTER",
						"type": "nvarchar"
					},
					{
						"name": "DOC_ID",
						"type": "nvarchar"
					},
					{
						"name": "A_THIRTY_DAYS",
						"type": "decimal",
						"precision": 8,
						"scale": 2
					},
					{
						"name": "A_SIXTY_DAYS",
						"type": "decimal",
						"precision": 8,
						"scale": 2
					},
					{
						"name": "A_NINETY_DAYS",
						"type": "decimal",
						"precision": 8,
						"scale": 2
					},
					{
						"name": "A_OVER_NINETY_DAYS",
						"type": "decimal",
						"precision": 8,
						"scale": 2
					},
					{
						"name": "A_LATE_FEE_TOTAL",
						"type": "decimal",
						"precision": 8,
						"scale": 2
					},
					{
						"name": "A_LATE_FEE_OLDEST_DATE",
						"type": "datetime2",
						"scale": 6
					},
					{
						"name": "A_SERVICE_FEE_TOTAL",
						"type": "decimal",
						"precision": 8,
						"scale": 2
					},
					{
						"name": "A_SERVICE_FEE_OLDEST_DATE",
						"type": "datetime2",
						"scale": 6
					},
					{
						"name": "A_RENEWAL_MAX_PAYMENT",
						"type": "decimal",
						"precision": 8,
						"scale": 2
					},
					{
						"name": "PSF_ID_RENEWAL",
						"type": "nvarchar"
					},
					{
						"name": "A_AGREEMENT_NUMBER",
						"type": "nvarchar"
					},
					{
						"name": "A_MISC_4",
						"type": "nvarchar"
					},
					{
						"name": "UDFTAB_ID",
						"type": "decimal",
						"precision": 4,
						"scale": 0
					},
					{
						"name": "UDFV_ID",
						"type": "nvarchar"
					},
					{
						"name": "AES_ID",
						"type": "nvarchar"
					},
					{
						"name": "AI_ID_CCI",
						"type": "nvarchar"
					},
					{
						"name": "AI_ID_EFTI",
						"type": "nvarchar"
					},
					{
						"name": "A_FREE_MONTHS",
						"type": "decimal",
						"precision": 2,
						"scale": 0
					},
					{
						"name": "SLOC_ID",
						"type": "nvarchar"
					},
					{
						"name": "SPL_ID_QUEUE",
						"type": "nvarchar"
					},
					{
						"name": "A_DEAD_COLUMN_2",
						"type": "nvarchar"
					},
					{
						"name": "A_MULTI_PAY",
						"type": "nvarchar"
					},
					{
						"name": "A_MODIFIED_DW",
						"type": "datetime2",
						"scale": 6
					},
					{
						"name": "A_HOLD_FREE_RECURRING",
						"type": "nvarchar"
					},
					{
						"name": "A_ACCOUNT_INFO_SYNC",
						"type": "nvarchar"
					},
					{
						"name": "A_SWITCHED_BILLING_DATE",
						"type": "datetime2",
						"scale": 6
					},
					{
						"name": "A_CANCEL_BY_DATE",
						"type": "datetime2",
						"scale": 6
					},
					{
						"name": "A_INVOICE_TOTAL_CALC",
						"type": "decimal",
						"precision": 8,
						"scale": 2
					},
					{
						"name": "A_INVOICE_MONTHLY_CALC",
						"type": "decimal",
						"precision": 8,
						"scale": 2
					},
					{
						"name": "A_FEE_TOTAL_CALC",
						"type": "decimal",
						"precision": 8,
						"scale": 2
					},
					{
						"name": "A_DOWN_PAYMENT_CALC",
						"type": "decimal",
						"precision": 8,
						"scale": 2
					},
					{
						"name": "POSST_ID",
						"type": "nvarchar"
					},
					{
						"name": "AET_ID",
						"type": "nvarchar"
					},
					{
						"name": "A_NON_MEMBER",
						"type": "nvarchar"
					},
					{
						"name": "A_DOWN_PAYMENT_FIRST_DUE_DATE",
						"type": "datetime2",
						"scale": 6
					},
					{
						"name": "A_DOWN_PAYMENT_NUM_OF_PAYMENTS",
						"type": "decimal",
						"precision": 2,
						"scale": 0
					},
					{
						"name": "PFREQ_ID_DOWN_PAYMENT",
						"type": "nvarchar"
					},
					{
						"name": "A_DOWN_PAYMENT_MAX_DAYS",
						"type": "decimal",
						"precision": 3,
						"scale": 0
					},
					{
						"name": "A_DOWN_PAYMENT_SCHEDULE",
						"type": "nvarchar"
					},
					{
						"name": "A_SILVER_SNEAKER_ID",
						"type": "nvarchar"
					},
					{
						"name": "APM_ID_LAST_BILLABLE",
						"type": "nvarchar"
					},
					{
						"name": "AI_ID_ALT_PAY",
						"type": "nvarchar"
					},
					{
						"name": "A_ALT_PAY_OFFERED",
						"type": "nvarchar"
					},
					{
						"name": "A_ALT_PAY_ACTIVE",
						"type": "nvarchar"
					},
					{
						"name": "A_MODIFIED_API",
						"type": "datetime2",
						"scale": 6
					},
					{
						"name": "A_OLD_PROSPECT_EXPIRE_DATE",
						"type": "datetime2",
						"scale": 6
					},
					{
						"name": "AC_ID",
						"type": "nvarchar"
					},
					{
						"name": "AES_ID_ORIGINAL",
						"type": "nvarchar"
					},
					{
						"name": "FIRC_ID",
						"type": "nvarchar"
					}
				],
				"typeProperties": {
					"schema": "StgDatatrak",
					"table": "STG_PROMOTIONS_INCR"
				}
			},
			"dependsOn": []
		},
		{
			"name": "[concat(parameters('factoryName'), '/SNK_SYN_DT_RECURRINGSERVICESTATUS_INCR')]",
			"type": "Microsoft.DataFactory/factories/datasets",
			"apiVersion": "2018-06-01",
			"properties": {
				"linkedServiceName": {
					"referenceName": "AzureSynapseAnalytics1",
					"type": "LinkedServiceReference"
				},
				"annotations": [],
				"type": "AzureSqlDWTable",
				"schema": [
					{
						"name": "RSS_ID",
						"type": "nvarchar"
					},
					{
						"name": "RSS_NAME",
						"type": "nvarchar"
					}
				],
				"typeProperties": {
					"schema": "StgDatatrak",
					"table": "STG_RECURRINGSERVICESTATUS_INCR"
				}
			},
			"dependsOn": []
		},
		{
			"name": "[concat(parameters('factoryName'), '/SNK_SYN_DT_SALESTAXRATES_INCR')]",
			"type": "Microsoft.DataFactory/factories/datasets",
			"apiVersion": "2018-06-01",
			"properties": {
				"linkedServiceName": {
					"referenceName": "AzureSynapseAnalytics1",
					"type": "LinkedServiceReference"
				},
				"annotations": [],
				"type": "AzureSqlDWTable",
				"schema": [
					{
						"name": "VPD_ID",
						"type": "decimal",
						"precision": 6,
						"scale": 0
					},
					{
						"name": "STR_ID",
						"type": "nvarchar"
					},
					{
						"name": "STR_CREATED",
						"type": "datetime2",
						"scale": 6
					},
					{
						"name": "STR_MODIFIED",
						"type": "datetime2",
						"scale": 6
					},
					{
						"name": "STR_ACTIVE",
						"type": "nvarchar"
					},
					{
						"name": "STR_NAME",
						"type": "nvarchar"
					},
					{
						"name": "STR_PERCENTAGE",
						"type": "decimal",
						"precision": 6,
						"scale": 4
					},
					{
						"name": "STR_MODIFIED_DW",
						"type": "datetime2",
						"scale": 6
					},
					{
						"name": "STRA_ID",
						"type": "nvarchar"
					}
				],
				"typeProperties": {
					"schema": "StgDatatrak",
					"table": "STG_SALESTAXRATES_INCR"
				}
			},
			"dependsOn": []
		},
		{
			"name": "[concat(parameters('factoryName'), '/SNK_SYN_DT_SNK_STGDATATRAK_STG_ATTENDANCESTATUSDECODE_INCR')]",
			"type": "Microsoft.DataFactory/factories/datasets",
			"apiVersion": "2018-06-01",
			"properties": {
				"linkedServiceName": {
					"referenceName": "AzureSynapseAnalytics1",
					"type": "LinkedServiceReference"
				},
				"annotations": [],
				"type": "AzureSqlDWTable",
				"schema": [
					{
						"name": "VPD_ID",
						"type": "decimal",
						"precision": 6,
						"scale": 0
					},
					{
						"name": "CG_ID",
						"type": "nvarchar"
					},
					{
						"name": "CG_CREATED",
						"type": "datetime2",
						"scale": 6
					},
					{
						"name": "CG_MODIFIED",
						"type": "datetime2",
						"scale": 6
					},
					{
						"name": "CG_ACTIVE",
						"type": "nvarchar"
					},
					{
						"name": "CG_REQUIRED",
						"type": "nvarchar"
					},
					{
						"name": "CG_NAME",
						"type": "nvarchar"
					},
					{
						"name": "CG_NOTE",
						"type": "nvarchar"
					},
					{
						"name": "CG_VISIBLE",
						"type": "nvarchar"
					},
					{
						"name": "CG_ABC_CODE",
						"type": "nvarchar"
					}
				],
				"typeProperties": {
					"schema": "StgDatatrak",
					"table": "STG_ATTENDANCESTATUSDECODE_INCR"
				}
			},
			"dependsOn": []
		},
		{
			"name": "[concat(parameters('factoryName'), '/SNK_SYN_DT_STATELOOKUP')]",
			"type": "Microsoft.DataFactory/factories/datasets",
			"apiVersion": "2018-06-01",
			"properties": {
				"linkedServiceName": {
					"referenceName": "AzureSynapseAnalytics1",
					"type": "LinkedServiceReference"
				},
				"annotations": [],
				"type": "AzureSqlDWTable",
				"schema": [
					{
						"name": "STL_ID",
						"type": "nvarchar"
					},
					{
						"name": "CTL_ID",
						"type": "nvarchar"
					},
					{
						"name": "STL_NAME",
						"type": "nvarchar"
					},
					{
						"name": "STL_ADDRESS_LINES",
						"type": "decimal",
						"precision": 1,
						"scale": 0
					}
				],
				"typeProperties": {
					"schema": "StgDatatrak",
					"table": "STG_STATELOOKUP"
				}
			},
			"dependsOn": []
		},
		{
			"name": "[concat(parameters('factoryName'), '/SNK_SYN_DT_STG_ACCESSSCHEMES_INCR')]",
			"type": "Microsoft.DataFactory/factories/datasets",
			"apiVersion": "2018-06-01",
			"properties": {
				"linkedServiceName": {
					"referenceName": "AzureSynapseAnalytics1",
					"type": "LinkedServiceReference"
				},
				"annotations": [],
				"type": "AzureSqlDWTable",
				"schema": [
					{
						"name": "VPD_ID",
						"type": "decimal",
						"precision": 6,
						"scale": 0
					},
					{
						"name": "ASCH_ID",
						"type": "nvarchar"
					},
					{
						"name": "ASCH_CREATED",
						"type": "datetime2",
						"scale": 6
					},
					{
						"name": "ASCH_MODIFIED",
						"type": "datetime2",
						"scale": 6
					},
					{
						"name": "ASCH_ACTIVE",
						"type": "nvarchar"
					},
					{
						"name": "ASCH_NAME",
						"type": "nvarchar"
					},
					{
						"name": "ASCH_DESCRIPTION",
						"type": "nvarchar"
					},
					{
						"name": "ASCH_SHORT_NAME",
						"type": "nvarchar"
					},
					{
						"name": "ASCH_SUNDAY",
						"type": "nvarchar"
					},
					{
						"name": "ASCH_MONDAY",
						"type": "nvarchar"
					},
					{
						"name": "ASCH_TUESDAY",
						"type": "nvarchar"
					},
					{
						"name": "ASCH_WEDNESDAY",
						"type": "nvarchar"
					},
					{
						"name": "ASCH_THURSDAY",
						"type": "nvarchar"
					},
					{
						"name": "ASCH_FRIDAY",
						"type": "nvarchar"
					},
					{
						"name": "ASCH_SATURDAY",
						"type": "nvarchar"
					},
					{
						"name": "ASCH_COLOR",
						"type": "nvarchar"
					},
					{
						"name": "ASCH_ABC_CODE",
						"type": "nvarchar"
					}
				],
				"typeProperties": {
					"schema": "StgDatatrak",
					"table": "STG_ACCESSSCHEMES_INCR"
				}
			},
			"dependsOn": []
		}
	]
}