{
	"$schema": "http://schema.management.azure.com/schemas/2015-01-01/deploymentTemplate.json#",
	"contentVersion": "1.0.0.0",
	"parameters": {
		"factoryName": {
			"type": "string",
			"metadata": "Data Factory name",
			"defaultValue": "PlanetFitnessDF"
		}
	},
	"variables": {
		"factoryId": "[concat('Microsoft.DataFactory/factories/', parameters('factoryName'))]"
	},
	"resources": [
		{
			"name": "[concat(parameters('factoryName'), '/SRC_BETADATA_EVENTITEMS')]",
			"type": "Microsoft.DataFactory/factories/datasets",
			"apiVersion": "2018-06-01",
			"properties": {
				"description": "Load data into BETADATA.EVENTITEMS Complete",
				"linkedServiceName": {
					"referenceName": "Oracle2",
					"type": "LinkedServiceReference"
				},
				"annotations": [],
				"type": "OracleTable",
				"schema": [],
				"typeProperties": {}
			},
			"dependsOn": []
		},
		{
			"name": "[concat(parameters('factoryName'), '/SRC_BETADATA_EVENTLOCATIONS')]",
			"type": "Microsoft.DataFactory/factories/datasets",
			"apiVersion": "2018-06-01",
			"properties": {
				"description": "Load data into BETADATA.EVENTLOCATIONS Complete",
				"linkedServiceName": {
					"referenceName": "Oracle2",
					"type": "LinkedServiceReference"
				},
				"annotations": [],
				"type": "OracleTable",
				"schema": [],
				"typeProperties": {}
			},
			"dependsOn": []
		},
		{
			"name": "[concat(parameters('factoryName'), '/SRC_BETADATA_EVENTLOCATIONTYPES')]",
			"type": "Microsoft.DataFactory/factories/datasets",
			"apiVersion": "2018-06-01",
			"properties": {
				"description": "Load data into BETADATA.EVENTLOCATIONTYPES Complete",
				"linkedServiceName": {
					"referenceName": "Oracle2",
					"type": "LinkedServiceReference"
				},
				"annotations": [],
				"type": "OracleTable",
				"schema": [],
				"typeProperties": {}
			},
			"dependsOn": []
		},
		{
			"name": "[concat(parameters('factoryName'), '/SRC_BETADATA_EVENTOPPORTUNITYLEVELS')]",
			"type": "Microsoft.DataFactory/factories/datasets",
			"apiVersion": "2018-06-01",
			"properties": {
				"description": "Load data into BETADATA.EVENTOPPORTUNITYLEVELS Complete",
				"linkedServiceName": {
					"referenceName": "Oracle2",
					"type": "LinkedServiceReference"
				},
				"annotations": [],
				"type": "OracleTable",
				"schema": [],
				"typeProperties": {}
			},
			"dependsOn": []
		},
		{
			"name": "[concat(parameters('factoryName'), '/SRC_BETADATA_EVENTROLLS')]",
			"type": "Microsoft.DataFactory/factories/datasets",
			"apiVersion": "2018-06-01",
			"properties": {
				"linkedServiceName": {
					"referenceName": "Oracle2",
					"type": "LinkedServiceReference"
				},
				"annotations": [],
				"type": "OracleTable",
				"schema": [],
				"typeProperties": {}
			},
			"dependsOn": []
		},
		{
			"name": "[concat(parameters('factoryName'), '/SRC_BETADATA_EVENTROLLSWAITING')]",
			"type": "Microsoft.DataFactory/factories/datasets",
			"apiVersion": "2018-06-01",
			"properties": {
				"description": "Load data into BETADATA.EVENTROLLSWAITING Complete",
				"linkedServiceName": {
					"referenceName": "Oracle2",
					"type": "LinkedServiceReference"
				},
				"annotations": [],
				"type": "OracleTable",
				"schema": [],
				"typeProperties": {}
			},
			"dependsOn": []
		},
		{
			"name": "[concat(parameters('factoryName'), '/SRC_BETADATA_EVENTSTATUSES')]",
			"type": "Microsoft.DataFactory/factories/datasets",
			"apiVersion": "2018-06-01",
			"properties": {
				"description": "Load data into BETADATA.EVENTSTATUSES Complete",
				"linkedServiceName": {
					"referenceName": "Oracle2",
					"type": "LinkedServiceReference"
				},
				"annotations": [],
				"type": "OracleTable",
				"schema": [],
				"typeProperties": {}
			},
			"dependsOn": []
		},
		{
			"name": "[concat(parameters('factoryName'), '/SRC_BETADATA_EVENTTRAININGLEVELS')]",
			"type": "Microsoft.DataFactory/factories/datasets",
			"apiVersion": "2018-06-01",
			"properties": {
				"description": "Load data into BETADATA.EVENTTRAININGLEVELS Complete",
				"linkedServiceName": {
					"referenceName": "Oracle2",
					"type": "LinkedServiceReference"
				},
				"annotations": [],
				"type": "OracleTable",
				"schema": [],
				"typeProperties": {}
			},
			"dependsOn": []
		},
		{
			"name": "[concat(parameters('factoryName'), '/SRC_BETADATA_EVENTTYPES')]",
			"type": "Microsoft.DataFactory/factories/datasets",
			"apiVersion": "2018-06-01",
			"properties": {
				"description": "Load data into BETADATA.EVENTTYPES Complete",
				"linkedServiceName": {
					"referenceName": "Oracle2",
					"type": "LinkedServiceReference"
				},
				"annotations": [],
				"type": "OracleTable",
				"schema": [],
				"typeProperties": {}
			},
			"dependsOn": []
		},
		{
			"name": "[concat(parameters('factoryName'), '/SRC_BETADATA_EVENTTYPETRAININGLEVELREF')]",
			"type": "Microsoft.DataFactory/factories/datasets",
			"apiVersion": "2018-06-01",
			"properties": {
				"description": "Load data into BETADATA.EVENTTYPETRAININGLEVELREF Complete",
				"linkedServiceName": {
					"referenceName": "Oracle2",
					"type": "LinkedServiceReference"
				},
				"annotations": [],
				"type": "OracleTable",
				"schema": [],
				"typeProperties": {}
			},
			"dependsOn": []
		},
		{
			"name": "[concat(parameters('factoryName'), '/SRC_BETADATA_GROUPS')]",
			"type": "Microsoft.DataFactory/factories/datasets",
			"apiVersion": "2018-06-01",
			"properties": {
				"description": "oracle source table",
				"linkedServiceName": {
					"referenceName": "Oracle2",
					"type": "LinkedServiceReference"
				},
				"annotations": [],
				"type": "OracleTable",
				"schema": [],
				"typeProperties": {}
			},
			"dependsOn": []
		},
		{
			"name": "[concat(parameters('factoryName'), '/SRC_BETADATA_INCREMENTALSERVICECOMMISSIONS')]",
			"type": "Microsoft.DataFactory/factories/datasets",
			"apiVersion": "2018-06-01",
			"properties": {
				"description": "BETADATA.INCREMENTALSERVICECOMMISSIONS Oracle complete table load",
				"linkedServiceName": {
					"referenceName": "Oracle2",
					"type": "LinkedServiceReference"
				},
				"annotations": [],
				"type": "OracleTable",
				"schema": [],
				"typeProperties": {}
			},
			"dependsOn": []
		},
		{
			"name": "[concat(parameters('factoryName'), '/SRC_BETADATA_INCREMENTALSERVICEFREQUENCY')]",
			"type": "Microsoft.DataFactory/factories/datasets",
			"apiVersion": "2018-06-01",
			"properties": {
				"description": "DT BETADATA.INCREMENTALSERVICEFREQUENCY oracle complete table load",
				"linkedServiceName": {
					"referenceName": "Oracle2",
					"type": "LinkedServiceReference"
				},
				"annotations": [],
				"type": "OracleTable",
				"schema": [],
				"typeProperties": {}
			},
			"dependsOn": []
		},
		{
			"name": "[concat(parameters('factoryName'), '/SRC_BETADATA_INCREMENTALSERVICEPLANSERVICES')]",
			"type": "Microsoft.DataFactory/factories/datasets",
			"apiVersion": "2018-06-01",
			"properties": {
				"description": "DT  BETADATA.INCREMENTALSERVICEPLANSERVICES complete table load",
				"linkedServiceName": {
					"referenceName": "Oracle2",
					"type": "LinkedServiceReference"
				},
				"annotations": [],
				"type": "OracleTable",
				"schema": [],
				"typeProperties": {}
			},
			"dependsOn": []
		},
		{
			"name": "[concat(parameters('factoryName'), '/SRC_BETADATA_INCREMENTALSERVICES')]",
			"type": "Microsoft.DataFactory/factories/datasets",
			"apiVersion": "2018-06-01",
			"properties": {
				"description": "SRC_BETADATA_INCREMENTALSERVICES: Oracle source table",
				"linkedServiceName": {
					"referenceName": "Oracle2",
					"type": "LinkedServiceReference"
				},
				"annotations": [],
				"type": "OracleTable",
				"schema": [],
				"typeProperties": {}
			},
			"dependsOn": []
		},
		{
			"name": "[concat(parameters('factoryName'), '/SRC_BETADATA_INCREMENTALSERVICESHISTORY')]",
			"type": "Microsoft.DataFactory/factories/datasets",
			"apiVersion": "2018-06-01",
			"properties": {
				"description": "BETADATA.INCREMENTALSERVICESHISTORY Oracle complete table load",
				"linkedServiceName": {
					"referenceName": "Oracle2",
					"type": "LinkedServiceReference"
				},
				"annotations": [],
				"type": "OracleTable",
				"schema": [],
				"typeProperties": {}
			},
			"dependsOn": []
		},
		{
			"name": "[concat(parameters('factoryName'), '/SRC_BETADATA_INCREMENTALSERVICETYPES')]",
			"type": "Microsoft.DataFactory/factories/datasets",
			"apiVersion": "2018-06-01",
			"properties": {
				"description": "DT BETADATA.INCREMENTALSERVICETYPES complete table load",
				"linkedServiceName": {
					"referenceName": "Oracle2",
					"type": "LinkedServiceReference"
				},
				"annotations": [],
				"type": "OracleTable",
				"schema": [],
				"typeProperties": {}
			},
			"dependsOn": []
		},
		{
			"name": "[concat(parameters('factoryName'), '/SRC_BETADATA_LEADPRIORITYLOOKUP')]",
			"type": "Microsoft.DataFactory/factories/datasets",
			"apiVersion": "2018-06-01",
			"properties": {
				"description": "SRC_BETADATA_LEADPRIORITYLOOKUP: Oracle source table",
				"linkedServiceName": {
					"referenceName": "Oracle2",
					"type": "LinkedServiceReference"
				},
				"annotations": [],
				"type": "OracleTable",
				"schema": [],
				"typeProperties": {}
			},
			"dependsOn": []
		},
		{
			"name": "[concat(parameters('factoryName'), '/SRC_BETADATA_LocationTaxRef')]",
			"type": "Microsoft.DataFactory/factories/datasets",
			"apiVersion": "2018-06-01",
			"properties": {
				"linkedServiceName": {
					"referenceName": "Oracle2",
					"type": "LinkedServiceReference"
				},
				"annotations": [],
				"type": "OracleTable",
				"schema": [],
				"typeProperties": {
					"schema": "BETADATA",
					"table": "LOCATIONTAXREF"
				}
			},
			"dependsOn": []
		},
		{
			"name": "[concat(parameters('factoryName'), '/SRC_BETADATA_MEMBERCHILDREN')]",
			"type": "Microsoft.DataFactory/factories/datasets",
			"apiVersion": "2018-06-01",
			"properties": {
				"description": "SRC_BETADATA_MEMBERCHILDREN oracle source data",
				"linkedServiceName": {
					"referenceName": "Oracle2",
					"type": "LinkedServiceReference"
				},
				"annotations": [],
				"type": "OracleTable",
				"schema": [],
				"typeProperties": {}
			},
			"dependsOn": []
		}
	]
}