{
	"$schema": "http://schema.management.azure.com/schemas/2015-01-01/deploymentTemplate.json#",
	"contentVersion": "1.0.0.0",
	"parameters": {
		"factoryName": {
			"type": "string",
			"metadata": "Data Factory name",
			"defaultValue": "PlanetFitnessDF"
		}
	},
	"variables": {
		"factoryId": "[concat('Microsoft.DataFactory/factories/', parameters('factoryName'))]"
	},
	"resources": [
		{
			"name": "[concat(parameters('factoryName'), '/SNK_SYN_DT_STG_ACCOUNTINFO_INCR')]",
			"type": "Microsoft.DataFactory/factories/datasets",
			"apiVersion": "2018-06-01",
			"properties": {
				"linkedServiceName": {
					"referenceName": "AzureSynapseAnalytics1",
					"type": "LinkedServiceReference"
				},
				"annotations": [],
				"type": "AzureSqlDWTable",
				"schema": [
					{
						"name": "VPD_ID",
						"type": "decimal",
						"precision": 6,
						"scale": 0
					},
					{
						"name": "PCGR_ID",
						"type": "nvarchar"
					},
					{
						"name": "PCGR_CREATED",
						"type": "datetime2",
						"scale": 6
					},
					{
						"name": "PCGR_MODIFIED",
						"type": "datetime2",
						"scale": 6
					},
					{
						"name": "PCGR_ACTIVE",
						"type": "nvarchar"
					},
					{
						"name": "PCGR_NAME",
						"type": "nvarchar"
					},
					{
						"name": "PCGR_ABC_CODE",
						"type": "nvarchar"
					},
					{
						"name": "PCGR_MODIFIED_DW",
						"type": "datetime2",
						"scale": 6
					},
					{
						"name": "PCGR_ADP_CODE",
						"type": "nvarchar"
					},
					{
						"name": "PCGR_ADP_EARNINGS_3_CODE",
						"type": "nvarchar"
					}
				],
				"typeProperties": {
					"schema": "StgDatatrak",
					"table": "STG_ACCOUNTINFO_INCR"
				}
			},
			"dependsOn": []
		},
		{
			"name": "[concat(parameters('factoryName'), '/SNK_SYN_DT_STG_AGREEMENTCORPORATIONS_INCR')]",
			"type": "Microsoft.DataFactory/factories/datasets",
			"apiVersion": "2018-06-01",
			"properties": {
				"linkedServiceName": {
					"referenceName": "AzureSynapseAnalytics1",
					"type": "LinkedServiceReference"
				},
				"annotations": [],
				"type": "AzureSqlDWTable",
				"schema": [
					{
						"name": "AC_ID",
						"type": "nvarchar"
					},
					{
						"name": "AC_CREATED",
						"type": "datetime2",
						"scale": 6
					},
					{
						"name": "AC_MODIFIED",
						"type": "datetime2",
						"scale": 6
					},
					{
						"name": "AC_CORPORATION_NAME",
						"type": "nvarchar"
					}
				],
				"typeProperties": {
					"schema": "StgDatatrak",
					"table": "STG_AGREEMENTCORPORATIONS_INCR"
				}
			},
			"dependsOn": []
		},
		{
			"name": "[concat(parameters('factoryName'), '/SNK_SYN_DT_STG_AGREEMENTENTRYQUEUEREF_INCR')]",
			"type": "Microsoft.DataFactory/factories/datasets",
			"apiVersion": "2018-06-01",
			"properties": {
				"linkedServiceName": {
					"referenceName": "AzureSynapseAnalytics1",
					"type": "LinkedServiceReference"
				},
				"annotations": [],
				"type": "AzureSqlDWTable",
				"schema": [
					{
						"name": "VPD_ID",
						"type": "decimal",
						"precision": 6,
						"scale": 0
					},
					{
						"name": "AEQR_ID",
						"type": "nvarchar"
					},
					{
						"name": "AEQR_QUEUE_DATE",
						"type": "datetime2",
						"scale": 6
					},
					{
						"name": "AEQ_ID",
						"type": "nvarchar"
					},
					{
						"name": "AET_ID",
						"type": "nvarchar"
					},
					{
						"name": "APP_ID",
						"type": "nvarchar"
					},
					{
						"name": "A_ID",
						"type": "nvarchar"
					},
					{
						"name": "E_ID",
						"type": "nvarchar"
					},
					{
						"name": "AEEF_ID",
						"type": "nvarchar"
					},
					{
						"name": "DOC_ID",
						"type": "nvarchar"
					},
					{
						"name": "AET_ID_ORIGINAL",
						"type": "nvarchar"
					},
					{
						"name": "AEQR_USE_2010_EAE",
						"type": "nvarchar"
					},
					{
						"name": "AEQR_ALT_PAY_ELIGIBLE",
						"type": "nvarchar"
					},
					{
						"name": "AEQR_EXPIRE_DATE",
						"type": "datetime2",
						"scale": 6
					}
				],
				"typeProperties": {
					"schema": "StgDatatrak",
					"table": "STG_AGREEMENTENTRYQUEUEREF_INCR"
				}
			},
			"dependsOn": []
		},
		{
			"name": "[concat(parameters('factoryName'), '/SNK_SYN_DT_STG_AGREEMENTENTRYQUEUES_INCR')]",
			"type": "Microsoft.DataFactory/factories/datasets",
			"apiVersion": "2018-06-01",
			"properties": {
				"linkedServiceName": {
					"referenceName": "AzureSynapseAnalytics1",
					"type": "LinkedServiceReference"
				},
				"annotations": [],
				"type": "AzureSqlDWTable",
				"schema": [
					{
						"name": "VPD_ID",
						"type": "decimal",
						"precision": 6,
						"scale": 0
					},
					{
						"name": "AEQ_ID",
						"type": "nvarchar"
					},
					{
						"name": "AEQ_CREATED",
						"type": "datetime2",
						"scale": 6
					},
					{
						"name": "AEQ_MODIFIED",
						"type": "datetime2",
						"scale": 6
					},
					{
						"name": "AEQ_ACTIVE",
						"type": "nvarchar"
					},
					{
						"name": "AEQ_NAME",
						"type": "nvarchar"
					},
					{
						"name": "AEQ_ABC_CODE",
						"type": "nvarchar"
					},
					{
						"name": "AEQ_MEMBER_ACTIVE",
						"type": "nvarchar"
					},
					{
						"name": "AEQ_SHOW_IN_ALL",
						"type": "nvarchar"
					},
					{
						"name": "AEQ_ALLOW_CHANGE_CLUB",
						"type": "nvarchar"
					}
				],
				"typeProperties": {
					"schema": "StgDatatrak",
					"table": "STG_AGREEMENTENTRYQUEUES_INCR"
				}
			},
			"dependsOn": []
		},
		{
			"name": "[concat(parameters('factoryName'), '/SNK_SYN_DT_STG_AGREEMENTPAYMENTPLANS_INCR')]",
			"type": "Microsoft.DataFactory/factories/datasets",
			"apiVersion": "2018-06-01",
			"properties": {
				"linkedServiceName": {
					"referenceName": "AzureSynapseAnalytics1",
					"type": "LinkedServiceReference"
				},
				"annotations": [],
				"type": "AzureSqlDWTable",
				"schema": [
					{
						"name": "VPD_ID",
						"type": "decimal",
						"precision": 6,
						"scale": 0
					},
					{
						"name": "APP_ID",
						"type": "nvarchar"
					},
					{
						"name": "APP_CREATED",
						"type": "datetime2",
						"scale": 6
					},
					{
						"name": "APP_MODIFIED",
						"type": "datetime2",
						"scale": 6
					},
					{
						"name": "APP_ACTIVE",
						"type": "nvarchar"
					},
					{
						"name": "APP_ABC_CODE",
						"type": "nvarchar"
					},
					{
						"name": "APP_NAME",
						"type": "nvarchar"
					},
					{
						"name": "APP_ADDITIONAL_MEMBERS_ALLOWED",
						"type": "decimal",
						"precision": 6,
						"scale": 0
					},
					{
						"name": "APP_ALLOW_AMOUNT_EDIT",
						"type": "nvarchar"
					},
					{
						"name": "APP_OVERRIDE_REQUIRED",
						"type": "nvarchar"
					},
					{
						"name": "APP_USE_APPROVAL_QUEUE",
						"type": "nvarchar"
					},
					{
						"name": "APP_CASH_TERM_MONTHS",
						"type": "decimal",
						"precision": 6,
						"scale": 0
					},
					{
						"name": "APPR_ID",
						"type": "nvarchar"
					},
					{
						"name": "AT_ID",
						"type": "nvarchar"
					},
					{
						"name": "ATL_ID",
						"type": "nvarchar"
					},
					{
						"name": "ATMP_ID",
						"type": "nvarchar"
					},
					{
						"name": "PSF_ID",
						"type": "nvarchar"
					},
					{
						"name": "APP_DEFAULT_DUE_DAY",
						"type": "decimal",
						"precision": 2,
						"scale": 0
					},
					{
						"name": "CAPM_ID",
						"type": "nvarchar"
					},
					{
						"name": "APP_APPLY_ALL_FEES",
						"type": "nvarchar"
					},
					{
						"name": "APP_DEFAULT_ABC_MANAGED",
						"type": "nvarchar"
					},
					{
						"name": "APP_WEB",
						"type": "nvarchar"
					},
					{
						"name": "DOCT_ID_WEB_TERMS",
						"type": "nvarchar"
					},
					{
						"name": "APP_WEB_DESCRIPTION",
						"type": "nvarchar"
					},
					{
						"name": "APP_WEB_NOTE",
						"type": "nvarchar"
					},
					{
						"name": "APP_WEB_EMAIL_GREETING",
						"type": "nvarchar"
					},
					{
						"name": "APP_WEB_EMAIL_CLOSING",
						"type": "nvarchar"
					},
					{
						"name": "APM_ID",
						"type": "nvarchar"
					},
					{
						"name": "APP_COPY_CA_ABC_BILLING",
						"type": "nvarchar"
					},
					{
						"name": "PRO_ID",
						"type": "nvarchar"
					},
					{
						"name": "APP_DAYS_FROM_BEGIN_DATE",
						"type": "decimal",
						"precision": 2,
						"scale": 0
					},
					{
						"name": "APP_FREE_MONTHS_DEFAULT",
						"type": "decimal",
						"precision": 2,
						"scale": 0
					},
					{
						"name": "APP_FREE_MONTHS_MIN",
						"type": "decimal",
						"precision": 2,
						"scale": 0
					},
					{
						"name": "APP_FREE_MONTHS_MAX",
						"type": "decimal",
						"precision": 2,
						"scale": 0
					},
					{
						"name": "FMO_ID",
						"type": "nvarchar"
					},
					{
						"name": "LPO_ID",
						"type": "nvarchar"
					},
					{
						"name": "APP_SKIP_MONTHS",
						"type": "nvarchar"
					},
					{
						"name": "APP_LIMITED_AVAILABILITY",
						"type": "nvarchar"
					},
					{
						"name": "APP_FEE_DOM_FROM_PRIMARY",
						"type": "nvarchar"
					},
					{
						"name": "APP_PAYMENTS_VISIBLE",
						"type": "nvarchar"
					},
					{
						"name": "APP_FEES_VISIBLE",
						"type": "nvarchar"
					},
					{
						"name": "CGI_ID_COMM",
						"type": "nvarchar"
					},
					{
						"name": "CCV_ID",
						"type": "nvarchar"
					},
					{
						"name": "APP_DAY_OF_WEEK_DUE_DAY",
						"type": "decimal",
						"precision": 1,
						"scale": 0
					},
					{
						"name": "APP_PRIMARY_PHOTO_REQUIRED",
						"type": "nvarchar"
					},
					{
						"name": "APP_ACTIVE_PRESALE",
						"type": "nvarchar"
					},
					{
						"name": "APP_START_DATE",
						"type": "datetime2",
						"scale": 6
					},
					{
						"name": "APP_END_DATE",
						"type": "datetime2",
						"scale": 6
					},
					{
						"name": "PPC_ID",
						"type": "nvarchar"
					},
					{
						"name": "APP_AUTO_PAY_ZERO",
						"type": "nvarchar"
					},
					{
						"name": "PSF_ID_RENEWAL",
						"type": "nvarchar"
					},
					{
						"name": "APP_DOWN_PAYMENT_MAX_DAYS",
						"type": "decimal",
						"precision": 3,
						"scale": 0
					},
					{
						"name": "APP_DOWN_PAYMENT_SCHEDULE",
						"type": "nvarchar"
					},
					{
						"name": "APP_ALT_PAY_ELIGIBLE",
						"type": "nvarchar"
					},
					{
						"name": "APP_ALT_PAY_TYPE_PREFERRED",
						"type": "nvarchar"
					},
					{
						"name": "APP_ONLINE_SIGNUP_DRAFT_METHOD",
						"type": "nvarchar"
					},
					{
						"name": "APP_WEB_DISPLAY_LOCATION",
						"type": "nvarchar"
					},
					{
						"name": "APP_INTRO_OFFER_RESTRICTION",
						"type": "decimal",
						"precision": 1,
						"scale": 0
					},
					{
						"name": "APP_FORCE_FEE_AFTER_FIRST_DUE",
						"type": "nvarchar"
					},
					{
						"name": "APP_DISPLAY_NAME",
						"type": "nvarchar"
					},
					{
						"name": "APP_MEMBER_GROUP",
						"type": "nvarchar"
					}
				],
				"typeProperties": {
					"schema": "StgDatatrak",
					"table": "STG_AGREEMENTPAYMENTPLANS_INCR"
				}
			},
			"dependsOn": []
		},
		{
			"name": "[concat(parameters('factoryName'), '/SNK_SYN_DT_STG_AGREEMENTPAYMENTSCHEDULES_INCR')]",
			"type": "Microsoft.DataFactory/factories/datasets",
			"apiVersion": "2018-06-01",
			"properties": {
				"linkedServiceName": {
					"referenceName": "AzureSynapseAnalytics1",
					"type": "LinkedServiceReference"
				},
				"annotations": [],
				"type": "AzureSqlDWTable",
				"schema": [
					{
						"name": "VPD_ID",
						"type": "decimal",
						"precision": 6,
						"scale": 0
					},
					{
						"name": "APS_ID",
						"type": "nvarchar"
					},
					{
						"name": "APS_CREATED",
						"type": "datetime2",
						"scale": 6
					},
					{
						"name": "APS_MODIFIED",
						"type": "datetime2",
						"scale": 6
					},
					{
						"name": "APS_SCHEDULE_TYPE",
						"type": "decimal",
						"precision": 6,
						"scale": 0
					},
					{
						"name": "APS_RECURRING",
						"type": "nvarchar"
					},
					{
						"name": "APS_NUMBER_OF_PAYMENTS",
						"type": "decimal",
						"precision": 6,
						"scale": 0
					},
					{
						"name": "APS_AMOUNT",
						"type": "decimal",
						"precision": 8,
						"scale": 2
					},
					{
						"name": "APS_DEFAULT_AMOUNT",
						"type": "decimal",
						"precision": 8,
						"scale": 2
					},
					{
						"name": "APS_MIN_AMOUNT",
						"type": "decimal",
						"precision": 8,
						"scale": 2
					},
					{
						"name": "APS_MAX_AMOUNT",
						"type": "decimal",
						"precision": 8,
						"scale": 2
					},
					{
						"name": "APS_FIRST_DUE_DATE",
						"type": "datetime2",
						"scale": 6
					},
					{
						"name": "APS_SORT_ORDER",
						"type": "decimal",
						"precision": 6,
						"scale": 0
					},
					{
						"name": "A_ID",
						"type": "nvarchar"
					},
					{
						"name": "HPC_ID",
						"type": "nvarchar"
					},
					{
						"name": "APS_ACTIVE",
						"type": "nvarchar"
					}
				],
				"typeProperties": {
					"schema": "StgDatatrak",
					"table": "STG_AGREEMENTPAYMENTSCHEDULES_INCR"
				}
			},
			"dependsOn": []
		},
		{
			"name": "[concat(parameters('factoryName'), '/SNK_SYN_DT_STG_AGREEMENTPAYPLANRENEWTYPES_INCR')]",
			"type": "Microsoft.DataFactory/factories/datasets",
			"apiVersion": "2018-06-01",
			"properties": {
				"linkedServiceName": {
					"referenceName": "AzureSynapseAnalytics1",
					"type": "LinkedServiceReference"
				},
				"annotations": [],
				"type": "AzureSqlDWTable",
				"schema": [
					{
						"name": "VPD_ID",
						"type": "decimal",
						"precision": 6,
						"scale": 0
					},
					{
						"name": "PCGR_ID",
						"type": "nvarchar"
					},
					{
						"name": "PCGR_CREATED",
						"type": "datetime2",
						"scale": 6
					},
					{
						"name": "PCGR_MODIFIED",
						"type": "datetime2",
						"scale": 6
					},
					{
						"name": "PCGR_ACTIVE",
						"type": "nvarchar"
					},
					{
						"name": "PCGR_NAME",
						"type": "nvarchar"
					},
					{
						"name": "PCGR_ABC_CODE",
						"type": "nvarchar"
					},
					{
						"name": "PCGR_MODIFIED_DW",
						"type": "datetime2",
						"scale": 6
					},
					{
						"name": "PCGR_ADP_CODE",
						"type": "nvarchar"
					},
					{
						"name": "PCGR_ADP_EARNINGS_3_CODE",
						"type": "nvarchar"
					}
				],
				"typeProperties": {
					"schema": "StgDatatrak",
					"table": "STG_AGREEMENTPAYPLANRENEWTYPES_INCR"
				}
			},
			"dependsOn": []
		},
		{
			"name": "[concat(parameters('factoryName'), '/SNK_SYN_DT_STG_AGREEMENTS_INCR')]",
			"type": "Microsoft.DataFactory/factories/datasets",
			"apiVersion": "2018-06-01",
			"properties": {
				"linkedServiceName": {
					"referenceName": "AzureSynapseAnalytics1",
					"type": "LinkedServiceReference"
				},
				"annotations": [],
				"type": "AzureSqlDWTable",
				"schema": [
					{
						"name": "VPD_ID",
						"type": "decimal",
						"precision": 6,
						"scale": 0
					},
					{
						"name": "A_ID",
						"type": "nvarchar"
					},
					{
						"name": "A_CREATED",
						"type": "datetime2",
						"scale": 6
					},
					{
						"name": "A_MODIFIED",
						"type": "datetime2",
						"scale": 6
					},
					{
						"name": "A_ACTIVE",
						"type": "nvarchar"
					},
					{
						"name": "A_DEAD_COLUMN_1",
						"type": "nvarchar"
					},
					{
						"name": "A_DATE_JOINED",
						"type": "datetime2",
						"scale": 6
					},
					{
						"name": "A_DATE_SIGNED",
						"type": "datetime2",
						"scale": 6
					},
					{
						"name": "A_EFFECTIVITY_DATE",
						"type": "datetime2",
						"scale": 6
					},
					{
						"name": "A_EXPIRE_DATE",
						"type": "datetime2",
						"scale": 6
					},
					{
						"name": "A_DOWN_PAYMENT",
						"type": "decimal",
						"precision": 8,
						"scale": 2
					},
					{
						"name": "A_SALE_PRICE",
						"type": "decimal",
						"precision": 8,
						"scale": 2
					},
					{
						"name": "A_RENEWAL_TYPE",
						"type": "nvarchar"
					},
					{
						"name": "A_RENEWAL_DATE",
						"type": "datetime2",
						"scale": 6
					},
					{
						"name": "A_RENEWAL_TERM",
						"type": "nvarchar"
					},
					{
						"name": "A_RENEWAL_NUM_PAYMENTS",
						"type": "decimal",
						"precision": 6,
						"scale": 0
					},
					{
						"name": "A_RENEWAL_CASH_PRICE",
						"type": "decimal",
						"precision": 8,
						"scale": 2
					},
					{
						"name": "A_RENEWAL_COUPON_PRICE",
						"type": "decimal",
						"precision": 8,
						"scale": 2
					},
					{
						"name": "A_RENEWAL_EFT_PRICE",
						"type": "decimal",
						"precision": 8,
						"scale": 2
					},
					{
						"name": "A_PATRON_TYPE",
						"type": "nvarchar"
					},
					{
						"name": "A_AS400_SYNCED",
						"type": "nvarchar"
					},
					{
						"name": "A_LAST_SYNC_DATE",
						"type": "datetime2",
						"scale": 6
					},
					{
						"name": "A_STATUS_EFFECTIVE_DATE",
						"type": "datetime2",
						"scale": 6
					},
					{
						"name": "A_MISC_1",
						"type": "nvarchar"
					},
					{
						"name": "A_MISC_2",
						"type": "nvarchar"
					},
					{
						"name": "A_MISC_3",
						"type": "nvarchar"
					},
					{
						"name": "A_OVERPAYMENT",
						"type": "decimal",
						"precision": 8,
						"scale": 2
					},
					{
						"name": "A_REMAINING_BALANCE",
						"type": "decimal",
						"precision": 8,
						"scale": 2
					},
					{
						"name": "A_FIRST_DUE_DATE",
						"type": "datetime2",
						"scale": 6
					},
					{
						"name": "A_OLDEST_NEXT_DUE_DATE",
						"type": "datetime2",
						"scale": 6
					},
					{
						"name": "A_OLDEST_NEXT_DUE_AMOUNT",
						"type": "decimal",
						"precision": 8,
						"scale": 2
					},
					{
						"name": "A_NEXT_DUE_DATE",
						"type": "datetime2",
						"scale": 6
					},
					{
						"name": "A_NEXT_DUE_AMOUNT",
						"type": "decimal",
						"precision": 8,
						"scale": 2
					},
					{
						"name": "A_LAST_SCHEDULED_DUE_DATE",
						"type": "datetime2",
						"scale": 6
					},
					{
						"name": "A_LAST_PAYMENT_DATE",
						"type": "datetime2",
						"scale": 6
					},
					{
						"name": "A_LAST_PAYMENT_AMOUNT",
						"type": "decimal",
						"precision": 8,
						"scale": 2
					},
					{
						"name": "A_LAST_PAYMENT_CODE",
						"type": "nvarchar"
					},
					{
						"name": "A_LAST_PAYMENT_DESCRIPTION",
						"type": "nvarchar"
					},
					{
						"name": "A_LAST_REWRITE_DATE",
						"type": "datetime2",
						"scale": 6
					},
					{
						"name": "A_LAST_RENEWAL_DATE",
						"type": "datetime2",
						"scale": 6
					},
					{
						"name": "A_VISITS_ALLOWED",
						"type": "decimal",
						"precision": 6,
						"scale": 0
					},
					{
						"name": "A_VISITS_USED",
						"type": "decimal",
						"precision": 6,
						"scale": 0
					},
					{
						"name": "A_ISSUED_DATE",
						"type": "datetime2",
						"scale": 6
					},
					{
						"name": "A_FIRST_VISIT_DATE",
						"type": "datetime2",
						"scale": 6
					},
					{
						"name": "A_CONVERSION_DATE",
						"type": "datetime2",
						"scale": 6
					},
					{
						"name": "A_TOUR_DATE",
						"type": "datetime2",
						"scale": 6
					},
					{
						"name": "A_POSTED",
						"type": "datetime2",
						"scale": 6
					},
					{
						"name": "AB_ID",
						"type": "nvarchar"
					},
					{
						"name": "APM_ID",
						"type": "nvarchar"
					},
					{
						"name": "APP_ID",
						"type": "nvarchar"
					},
					{
						"name": "AT_ID",
						"type": "nvarchar"
					},
					{
						"name": "E_ID",
						"type": "nvarchar"
					},
					{
						"name": "M_ID",
						"type": "nvarchar"
					},
					{
						"name": "MC_ID",
						"type": "nvarchar"
					},
					{
						"name": "LPL_ID",
						"type": "nvarchar"
					},
					{
						"name": "M_ID_REFERRED",
						"type": "nvarchar"
					},
					{
						"name": "PSF_ID",
						"type": "nvarchar"
					},
					{
						"name": "SPL_ID",
						"type": "nvarchar"
					},
					{
						"name": "A_ID_MASTER",
						"type": "nvarchar"
					},
					{
						"name": "DOC_ID",
						"type": "nvarchar"
					},
					{
						"name": "A_THIRTY_DAYS",
						"type": "decimal",
						"precision": 8,
						"scale": 2
					},
					{
						"name": "A_SIXTY_DAYS",
						"type": "decimal",
						"precision": 8,
						"scale": 2
					},
					{
						"name": "A_NINETY_DAYS",
						"type": "decimal",
						"precision": 8,
						"scale": 2
					},
					{
						"name": "A_OVER_NINETY_DAYS",
						"type": "decimal",
						"precision": 8,
						"scale": 2
					},
					{
						"name": "A_LATE_FEE_TOTAL",
						"type": "decimal",
						"precision": 8,
						"scale": 2
					},
					{
						"name": "A_LATE_FEE_OLDEST_DATE",
						"type": "datetime2",
						"scale": 6
					},
					{
						"name": "A_SERVICE_FEE_TOTAL",
						"type": "decimal",
						"precision": 8,
						"scale": 2
					},
					{
						"name": "A_SERVICE_FEE_OLDEST_DATE",
						"type": "datetime2",
						"scale": 6
					},
					{
						"name": "A_RENEWAL_MAX_PAYMENT",
						"type": "decimal",
						"precision": 8,
						"scale": 2
					},
					{
						"name": "PSF_ID_RENEWAL",
						"type": "nvarchar"
					},
					{
						"name": "A_AGREEMENT_NUMBER",
						"type": "nvarchar"
					},
					{
						"name": "A_MISC_4",
						"type": "nvarchar"
					},
					{
						"name": "UDFTAB_ID",
						"type": "decimal",
						"precision": 4,
						"scale": 0
					},
					{
						"name": "UDFV_ID",
						"type": "nvarchar"
					},
					{
						"name": "AES_ID",
						"type": "nvarchar"
					},
					{
						"name": "AI_ID_CCI",
						"type": "nvarchar"
					},
					{
						"name": "AI_ID_EFTI",
						"type": "nvarchar"
					},
					{
						"name": "A_FREE_MONTHS",
						"type": "decimal",
						"precision": 2,
						"scale": 0
					},
					{
						"name": "SLOC_ID",
						"type": "nvarchar"
					},
					{
						"name": "SPL_ID_QUEUE",
						"type": "nvarchar"
					},
					{
						"name": "A_DEAD_COLUMN_2",
						"type": "nvarchar"
					},
					{
						"name": "A_MULTI_PAY",
						"type": "nvarchar"
					},
					{
						"name": "A_MODIFIED_DW",
						"type": "datetime2",
						"scale": 6
					},
					{
						"name": "A_HOLD_FREE_RECURRING",
						"type": "nvarchar"
					},
					{
						"name": "A_ACCOUNT_INFO_SYNC",
						"type": "nvarchar"
					},
					{
						"name": "A_SWITCHED_BILLING_DATE",
						"type": "datetime2",
						"scale": 6
					},
					{
						"name": "A_CANCEL_BY_DATE",
						"type": "datetime2",
						"scale": 6
					},
					{
						"name": "A_INVOICE_TOTAL_CALC",
						"type": "decimal",
						"precision": 8,
						"scale": 2
					},
					{
						"name": "A_INVOICE_MONTHLY_CALC",
						"type": "decimal",
						"precision": 8,
						"scale": 2
					},
					{
						"name": "A_FEE_TOTAL_CALC",
						"type": "decimal",
						"precision": 8,
						"scale": 2
					},
					{
						"name": "A_DOWN_PAYMENT_CALC",
						"type": "decimal",
						"precision": 8,
						"scale": 2
					},
					{
						"name": "POSST_ID",
						"type": "nvarchar"
					},
					{
						"name": "AET_ID",
						"type": "nvarchar"
					},
					{
						"name": "A_NON_MEMBER",
						"type": "nvarchar"
					},
					{
						"name": "A_DOWN_PAYMENT_FIRST_DUE_DATE",
						"type": "datetime2",
						"scale": 6
					},
					{
						"name": "A_DOWN_PAYMENT_NUM_OF_PAYMENTS",
						"type": "decimal",
						"precision": 2,
						"scale": 0
					},
					{
						"name": "PFREQ_ID_DOWN_PAYMENT",
						"type": "nvarchar"
					},
					{
						"name": "A_DOWN_PAYMENT_MAX_DAYS",
						"type": "decimal",
						"precision": 3,
						"scale": 0
					},
					{
						"name": "A_DOWN_PAYMENT_SCHEDULE",
						"type": "nvarchar"
					},
					{
						"name": "A_SILVER_SNEAKER_ID",
						"type": "nvarchar"
					},
					{
						"name": "APM_ID_LAST_BILLABLE",
						"type": "nvarchar"
					},
					{
						"name": "AI_ID_ALT_PAY",
						"type": "nvarchar"
					},
					{
						"name": "A_ALT_PAY_OFFERED",
						"type": "nvarchar"
					},
					{
						"name": "A_ALT_PAY_ACTIVE",
						"type": "nvarchar"
					},
					{
						"name": "A_MODIFIED_API",
						"type": "datetime2",
						"scale": 6
					},
					{
						"name": "A_OLD_PROSPECT_EXPIRE_DATE",
						"type": "datetime2",
						"scale": 6
					},
					{
						"name": "AC_ID",
						"type": "nvarchar"
					},
					{
						"name": "AES_ID_ORIGINAL",
						"type": "nvarchar"
					},
					{
						"name": "FIRC_ID",
						"type": "nvarchar"
					}
				],
				"typeProperties": {
					"schema": "StgDatatrak",
					"table": "STG_AGREEMENTS_INCR"
				}
			},
			"dependsOn": []
		},
		{
			"name": "[concat(parameters('factoryName'), '/SNK_SYN_DT_STG_AGREEMENTTYPELOOKUP_INCR')]",
			"type": "Microsoft.DataFactory/factories/datasets",
			"apiVersion": "2018-06-01",
			"properties": {
				"linkedServiceName": {
					"referenceName": "AzureSynapseAnalytics1",
					"type": "LinkedServiceReference"
				},
				"annotations": [],
				"type": "AzureSqlDWTable",
				"schema": [
					{
						"name": "VPD_ID",
						"type": "decimal",
						"precision": 6,
						"scale": 0
					},
					{
						"name": "ATL_ID",
						"type": "nvarchar"
					},
					{
						"name": "ATL_CREATED",
						"type": "datetime2",
						"scale": 6
					},
					{
						"name": "ATL_MODIFIED",
						"type": "datetime2",
						"scale": 6
					},
					{
						"name": "ATL_DEAD_COLUMN_2",
						"type": "nvarchar"
					},
					{
						"name": "ATL_ABC_ID",
						"type": "nvarchar"
					},
					{
						"name": "ATL_NAME",
						"type": "nvarchar"
					},
					{
						"name": "ATL_DESCRIPTION",
						"type": "nvarchar"
					},
					{
						"name": "ATL_DEAD_COLUMN_1",
						"type": "nvarchar"
					},
					{
						"name": "ATL_REQUIRED",
						"type": "nvarchar"
					},
					{
						"name": "SDT_ID",
						"type": "nvarchar"
					},
					{
						"name": "ATL_ALLOW_REMOTE_CHECK_IN",
						"type": "nvarchar"
					},
					{
						"name": "ATL_ACCESS_RESTRICTION",
						"type": "nvarchar"
					},
					{
						"name": "ATL_ACCESS_SCHEME",
						"type": "nvarchar"
					},
					{
						"name": "ATL_ACCESS_SCHEME_ONLY",
						"type": "nvarchar"
					},
					{
						"name": "ATL_MODIFIED_DW",
						"type": "datetime2",
						"scale": 6
					},
					{
						"name": "ATL_DEFAULT_CLUB_CREDIT_LIMIT",
						"type": "decimal",
						"precision": 8,
						"scale": 2
					}
				],
				"typeProperties": {
					"schema": "StgDatatrak",
					"table": "STG_AGREEMENTTYPELOOKUP_INCR"
				}
			},
			"dependsOn": []
		},
		{
			"name": "[concat(parameters('factoryName'), '/SNK_SYN_DT_STG_ALERTATTRIBUTES_INCR')]",
			"type": "Microsoft.DataFactory/factories/datasets",
			"apiVersion": "2018-06-01",
			"properties": {
				"linkedServiceName": {
					"referenceName": "AzureSynapseAnalytics1",
					"type": "LinkedServiceReference"
				},
				"annotations": [],
				"type": "AzureSqlDWTable",
				"schema": [
					{
						"name": "VPD_ID",
						"type": "decimal",
						"precision": 6,
						"scale": 0
					},
					{
						"name": "INCSC_ID",
						"type": "nvarchar"
					},
					{
						"name": "INCSC_CREATED",
						"type": "datetime2",
						"scale": 6
					},
					{
						"name": "INCSC_MODIFIED",
						"type": "datetime2",
						"scale": 6
					},
					{
						"name": "INCSC_SPLIT",
						"type": "decimal",
						"precision": 3,
						"scale": 0
					},
					{
						"name": "E_ID",
						"type": "nvarchar"
					},
					{
						"name": "INCS_ID",
						"type": "nvarchar"
					}
				],
				"typeProperties": {
					"schema": "StgDatatrak",
					"table": "STG_ALERTATTRIBUTES_INCR"
				}
			},
			"dependsOn": []
		},
		{
			"name": "[concat(parameters('factoryName'), '/SNK_SYN_DT_STG_ALERTHISTORY_INCR')]",
			"type": "Microsoft.DataFactory/factories/datasets",
			"apiVersion": "2018-06-01",
			"properties": {
				"linkedServiceName": {
					"referenceName": "AzureSynapseAnalytics1",
					"type": "LinkedServiceReference"
				},
				"annotations": [],
				"type": "AzureSqlDWTable",
				"schema": [
					{
						"name": "VPD_ID",
						"type": "decimal",
						"precision": 6,
						"scale": 0
					},
					{
						"name": "AH_ID",
						"type": "nvarchar"
					},
					{
						"name": "AH_CREATED",
						"type": "datetime2",
						"scale": 6
					},
					{
						"name": "AH_LEVEL",
						"type": "decimal",
						"precision": 6,
						"scale": 0
					},
					{
						"name": "AH_MESSAGE",
						"type": "nvarchar"
					},
					{
						"name": "AH_COLOR_HEX",
						"type": "nvarchar"
					},
					{
						"name": "AH_NOTE",
						"type": "nvarchar"
					},
					{
						"name": "AH_DISPLAY_ORDER",
						"type": "decimal",
						"precision": 6,
						"scale": 0
					},
					{
						"name": "AA_ID",
						"type": "nvarchar"
					},
					{
						"name": "CIL_ID",
						"type": "nvarchar"
					},
					{
						"name": "MAL_ID",
						"type": "nvarchar"
					},
					{
						"name": "AH_RECORD_ALERT",
						"type": "nvarchar"
					},
					{
						"name": "A_ID",
						"type": "nvarchar"
					}
				],
				"typeProperties": {
					"schema": "StgDatatrak",
					"table": "STG_ALERTHISTORY_INCR"
				}
			},
			"dependsOn": []
		},
		{
			"name": "[concat(parameters('factoryName'), '/SNK_SYN_DT_STG_Agreementpaymentplanschedules_INCR')]",
			"type": "Microsoft.DataFactory/factories/datasets",
			"apiVersion": "2018-06-01",
			"properties": {
				"linkedServiceName": {
					"referenceName": "AzureSynapseAnalytics1",
					"type": "LinkedServiceReference"
				},
				"annotations": [],
				"type": "AzureSqlDWTable",
				"schema": [
					{
						"name": "VPD_ID",
						"type": "decimal",
						"precision": 6,
						"scale": 0
					},
					{
						"name": "PCGR_ID",
						"type": "nvarchar"
					},
					{
						"name": "PCGR_CREATED",
						"type": "datetime2",
						"scale": 6
					},
					{
						"name": "PCGR_MODIFIED",
						"type": "datetime2",
						"scale": 6
					},
					{
						"name": "PCGR_ACTIVE",
						"type": "nvarchar"
					},
					{
						"name": "PCGR_NAME",
						"type": "nvarchar"
					},
					{
						"name": "PCGR_ABC_CODE",
						"type": "nvarchar"
					},
					{
						"name": "PCGR_MODIFIED_DW",
						"type": "datetime2",
						"scale": 6
					},
					{
						"name": "PCGR_ADP_CODE",
						"type": "nvarchar"
					},
					{
						"name": "PCGR_ADP_EARNINGS_3_CODE",
						"type": "nvarchar"
					}
				],
				"typeProperties": {
					"schema": "StgDatatrak",
					"table": "STG_AGREEMENTPAYMENTPLANSCHEDULES_INCR"
				}
			},
			"dependsOn": []
		},
		{
			"name": "[concat(parameters('factoryName'), '/SNK_SYN_DT_STG_CANCELREASONCODES_INCR')]",
			"type": "Microsoft.DataFactory/factories/datasets",
			"apiVersion": "2018-06-01",
			"properties": {
				"linkedServiceName": {
					"referenceName": "AzureSynapseAnalytics1",
					"type": "LinkedServiceReference"
				},
				"annotations": [],
				"type": "AzureSqlDWTable",
				"schema": [
					{
						"name": "VPD_ID",
						"type": "decimal",
						"precision": 6,
						"scale": 0
					},
					{
						"name": "CRO_ID",
						"type": "nvarchar"
					},
					{
						"name": "CRO_CREATED",
						"type": "datetime2",
						"scale": 6
					},
					{
						"name": "CRO_MODIFIED",
						"type": "datetime2",
						"scale": 6
					},
					{
						"name": "CRO_ACTIVE",
						"type": "nvarchar"
					},
					{
						"name": "CRO_NAME",
						"type": "nvarchar"
					},
					{
						"name": "CRO_ABC_CODE",
						"type": "nvarchar"
					}
				],
				"typeProperties": {
					"schema": "StgDatatrak",
					"table": "STG_CANCELREASONCODES_INCR"
				}
			},
			"dependsOn": []
		},
		{
			"name": "[concat(parameters('factoryName'), '/SNK_SYN_DT_STG_CATALOGITEMCATEGORIES_INCR')]",
			"type": "Microsoft.DataFactory/factories/datasets",
			"apiVersion": "2018-06-01",
			"properties": {
				"linkedServiceName": {
					"referenceName": "AzureSynapseAnalytics1",
					"type": "LinkedServiceReference"
				},
				"annotations": [],
				"type": "AzureSqlDWTable",
				"schema": [
					{
						"name": "VPD_ID",
						"type": "decimal",
						"precision": 6,
						"scale": 0
					},
					{
						"name": "CIC_ID",
						"type": "nvarchar"
					},
					{
						"name": "CIC_CREATED",
						"type": "datetime2",
						"scale": 6
					},
					{
						"name": "CIC_MODIFIED",
						"type": "datetime2",
						"scale": 6
					},
					{
						"name": "CIC_ACTIVE",
						"type": "nvarchar"
					},
					{
						"name": "CIC_ABC_CODE",
						"type": "nvarchar"
					},
					{
						"name": "CIC_NAME",
						"type": "nvarchar"
					},
					{
						"name": "CIC_DESCRIPTION",
						"type": "nvarchar"
					},
					{
						"name": "CIC_BUTTON_TEXT",
						"type": "nvarchar"
					},
					{
						"name": "CIC_GL_CODE",
						"type": "nvarchar"
					},
					{
						"name": "CIC_DISPLAY_IN_POS",
						"type": "nvarchar"
					},
					{
						"name": "CIC_POS_ONLY",
						"type": "nvarchar"
					},
					{
						"name": "CIC_SORT_ORDER",
						"type": "decimal",
						"precision": 6,
						"scale": 0
					},
					{
						"name": "SOURCE_SYSTEM",
						"type": "nvarchar"
					},
					{
						"name": "DW_CHANGE_DATE",
						"type": "datetime",
						"precision": 23,
						"scale": 3
					}
				],
				"typeProperties": {
					"schema": "StgDatatrak",
					"table": "STG_CATALOGITEMCATEGORIES_INCR"
				}
			},
			"dependsOn": []
		},
		{
			"name": "[concat(parameters('factoryName'), '/SNK_SYN_DT_STG_CATALOGITEMS_INCR')]",
			"type": "Microsoft.DataFactory/factories/datasets",
			"apiVersion": "2018-06-01",
			"properties": {
				"linkedServiceName": {
					"referenceName": "AzureSynapseAnalytics1",
					"type": "LinkedServiceReference"
				},
				"annotations": [],
				"type": "AzureSqlDWTable",
				"schema": [
					{
						"name": "VPD_ID",
						"type": "decimal",
						"precision": 6,
						"scale": 0
					},
					{
						"name": "CGI_ID",
						"type": "nvarchar"
					},
					{
						"name": "CGI_CREATED",
						"type": "datetime2",
						"scale": 6
					},
					{
						"name": "CGI_CREATED_LOCAL",
						"type": "datetime2",
						"scale": 6
					},
					{
						"name": "CGI_MODIFIED",
						"type": "datetime2",
						"scale": 6
					},
					{
						"name": "CGI_ACTIVE",
						"type": "nvarchar"
					},
					{
						"name": "CGI_SERVICE",
						"type": "nvarchar"
					},
					{
						"name": "CGI_REQUIRED",
						"type": "nvarchar"
					},
					{
						"name": "CGI_ABC_CODE",
						"type": "nvarchar"
					},
					{
						"name": "CGI_NAME",
						"type": "nvarchar"
					},
					{
						"name": "CGI_DESCRIPTION",
						"type": "nvarchar"
					},
					{
						"name": "CGI_DISCOUNT_TYPE_FIXED",
						"type": "nvarchar"
					},
					{
						"name": "CGI_SALE_PRICE",
						"type": "decimal",
						"precision": 8,
						"scale": 2
					},
					{
						"name": "CGI_SALE_PRICE_FIXED",
						"type": "nvarchar"
					},
					{
						"name": "CGI_DEFAULT_QUANTITY",
						"type": "decimal",
						"precision": 6,
						"scale": 0
					},
					{
						"name": "CGI_DEFAULT_QUANTITY_FIXED",
						"type": "nvarchar"
					},
					{
						"name": "CGI_BUTTON_TEXT",
						"type": "nvarchar"
					},
					{
						"name": "CGI_PROMPT_FOR_PRICE",
						"type": "nvarchar"
					},
					{
						"name": "CGI_PROMPT_FOR_PRICE_FIXED",
						"type": "nvarchar"
					},
					{
						"name": "CGI_L1_PERCENTAGE",
						"type": "decimal",
						"precision": 8,
						"scale": 2
					},
					{
						"name": "CGI_L1_FIXED_AMOUNT",
						"type": "decimal",
						"precision": 8,
						"scale": 2
					},
					{
						"name": "CGI_L2_PERCENTAGE",
						"type": "decimal",
						"precision": 8,
						"scale": 2
					},
					{
						"name": "CGI_L2_FIXED_AMOUNT",
						"type": "decimal",
						"precision": 8,
						"scale": 2
					},
					{
						"name": "CGI_L3_PERCENTAGE",
						"type": "decimal",
						"precision": 8,
						"scale": 2
					},
					{
						"name": "CGI_L3_FIXED_AMOUNT",
						"type": "decimal",
						"precision": 8,
						"scale": 2
					},
					{
						"name": "CGI_L_FIXED",
						"type": "nvarchar"
					},
					{
						"name": "CGI_UPC",
						"type": "nvarchar"
					},
					{
						"name": "CGI_ASSET",
						"type": "nvarchar"
					},
					{
						"name": "CGI_MEMBER_REQUIRED",
						"type": "decimal",
						"precision": 1,
						"scale": 0
					},
					{
						"name": "CGI_HOLD",
						"type": "nvarchar"
					},
					{
						"name": "CGI_HOLD_FIXED",
						"type": "nvarchar"
					},
					{
						"name": "CGI_ALLOW_DISCOUNT",
						"type": "nvarchar"
					},
					{
						"name": "CGI_ALLOW_DISCOUNT_FIXED",
						"type": "nvarchar"
					},
					{
						"name": "CGI_ALLOW_USER_DISCOUNT",
						"type": "nvarchar"
					},
					{
						"name": "CGI_ALLOW_USER_DISCOUNT_FIXED",
						"type": "nvarchar"
					},
					{
						"name": "CGI_SIZE",
						"type": "nvarchar"
					},
					{
						"name": "CGI_COLOR",
						"type": "nvarchar"
					},
					{
						"name": "CGI_CASE_QUANTITY",
						"type": "decimal",
						"precision": 6,
						"scale": 0
					},
					{
						"name": "CGI_STOCKABLE",
						"type": "nvarchar"
					},
					{
						"name": "CGI_PRINT_RECEIPT",
						"type": "nvarchar"
					},
					{
						"name": "CGI_PRINT_RECEIPT_FIXED",
						"type": "nvarchar"
					},
					{
						"name": "CGI_EMPLOYEE_REQUIRED",
						"type": "nvarchar"
					},
					{
						"name": "CGI_ONE_PER_TRANSACTION",
						"type": "nvarchar"
					},
					{
						"name": "CGI_PROMPT_FOR_NAME",
						"type": "nvarchar"
					},
					{
						"name": "CGI_ALLOW_FREE",
						"type": "nvarchar"
					},
					{
						"name": "CGI_ALLOW_CLUB_ACCOUNT",
						"type": "nvarchar"
					},
					{
						"name": "CG_ID",
						"type": "nvarchar"
					},
					{
						"name": "CIC_ID",
						"type": "nvarchar"
					},
					{
						"name": "CPIV_ID_ALTERNATE",
						"type": "nvarchar"
					},
					{
						"name": "CPIV_ID_PREFERRED",
						"type": "nvarchar"
					},
					{
						"name": "D_ID",
						"type": "nvarchar"
					},
					{
						"name": "PC_ID",
						"type": "nvarchar"
					},
					{
						"name": "SDT_ID",
						"type": "nvarchar"
					},
					{
						"name": "SEM_ID",
						"type": "nvarchar"
					},
					{
						"name": "TZL_ID_CREATED_LOCAL",
						"type": "nvarchar"
					},
					{
						"name": "CGI_ALLOW_INCREMENTAL_SERVICE",
						"type": "nvarchar"
					},
					{
						"name": "CIG_ID",
						"type": "nvarchar"
					},
					{
						"name": "CGI_ALLOW_DEDUCT",
						"type": "nvarchar"
					},
					{
						"name": "CGI_COMMISSION_REQUIRED",
						"type": "nvarchar"
					},
					{
						"name": "CGI_SERVICE_EMPLOYEE_REQUIRED",
						"type": "nvarchar"
					},
					{
						"name": "CGI_VERIFY_PIN",
						"type": "nvarchar"
					},
					{
						"name": "CGI_SERVICE_COLOR_BUTTON",
						"type": "nvarchar"
					},
					{
						"name": "CGI_SERVICE_COLOR_TEXT",
						"type": "nvarchar"
					},
					{
						"name": "CGI_SERVICES_COLOR_BUTTON",
						"type": "nvarchar"
					},
					{
						"name": "CGI_SERVICES_COLOR_TEXT",
						"type": "nvarchar"
					},
					{
						"name": "CGI_MIN_QUANTITY",
						"type": "decimal",
						"precision": 3,
						"scale": 0
					},
					{
						"name": "CGI_MAX_QUANTITY",
						"type": "decimal",
						"precision": 3,
						"scale": 0
					},
					{
						"name": "CGI_MODIFIED_DW",
						"type": "datetime2",
						"scale": 6
					},
					{
						"name": "CMG_ID",
						"type": "nvarchar"
					},
					{
						"name": "CGI_ONLINE",
						"type": "nvarchar"
					},
					{
						"name": "CGI_ONLINE_FIXED",
						"type": "nvarchar"
					},
					{
						"name": "CGI_ABC_PC_ID",
						"type": "nvarchar"
					},
					{
						"name": "CGI_ABC_PC_CLIENT_LEVEL",
						"type": "nvarchar"
					},
					{
						"name": "CGI_RECURRING_SERVICE_SEARCH",
						"type": "nvarchar"
					},
					{
						"name": "COSR_ID",
						"type": "nvarchar"
					},
					{
						"name": "CGI_ALLOW_CLUB_CREDIT",
						"type": "nvarchar"
					},
					{
						"name": "CGIPTR_ABC_CODE",
						"type": "nvarchar"
					},
					{
						"name": "CGI_ALLOW_CROSS_CLUB",
						"type": "nvarchar"
					}
				],
				"typeProperties": {
					"schema": "StgDatatrak",
					"table": "STG_CATALOGITEMS_INCR"
				}
			},
			"dependsOn": []
		},
		{
			"name": "[concat(parameters('factoryName'), '/SNK_SYN_DT_STG_CATALOGS_INCR')]",
			"type": "Microsoft.DataFactory/factories/datasets",
			"apiVersion": "2018-06-01",
			"properties": {
				"linkedServiceName": {
					"referenceName": "AzureSynapseAnalytics1",
					"type": "LinkedServiceReference"
				},
				"annotations": [],
				"type": "AzureSqlDWTable",
				"schema": [
					{
						"name": "VPD_ID",
						"type": "decimal",
						"precision": 6,
						"scale": 0
					},
					{
						"name": "CG_ID",
						"type": "nvarchar"
					},
					{
						"name": "CG_CREATED",
						"type": "datetime2",
						"scale": 6
					},
					{
						"name": "CG_MODIFIED",
						"type": "datetime2",
						"scale": 6
					},
					{
						"name": "CG_ACTIVE",
						"type": "nvarchar"
					},
					{
						"name": "CG_REQUIRED",
						"type": "nvarchar"
					},
					{
						"name": "CG_NAME",
						"type": "nvarchar"
					},
					{
						"name": "CG_NOTE",
						"type": "nvarchar"
					},
					{
						"name": "CG_VISIBLE",
						"type": "nvarchar"
					},
					{
						"name": "CG_ABC_CODE",
						"type": "nvarchar"
					}
				],
				"typeProperties": {
					"schema": "StgDatatrak",
					"table": "STG_CATALOGS_INCR"
				}
			},
			"dependsOn": []
		},
		{
			"name": "[concat(parameters('factoryName'), '/SNK_SYN_DT_STG_CHECKINLOGS_INCR')]",
			"type": "Microsoft.DataFactory/factories/datasets",
			"apiVersion": "2018-06-01",
			"properties": {
				"linkedServiceName": {
					"referenceName": "AzureSynapseAnalytics1",
					"type": "LinkedServiceReference"
				},
				"annotations": [],
				"type": "AzureSqlDWTable",
				"schema": [
					{
						"name": "VPD_ID",
						"type": "decimal",
						"precision": 6,
						"scale": 0
					},
					{
						"name": "CIL_ID",
						"type": "nvarchar"
					},
					{
						"name": "CIL_CHECKIN_DATE",
						"type": "datetime2",
						"scale": 6
					},
					{
						"name": "CIL_CHECKIN_DATE_LOCAL",
						"type": "datetime2",
						"scale": 6
					},
					{
						"name": "CIL_CHECKIN_DATE_ONLY",
						"type": "decimal",
						"precision": 8,
						"scale": 0
					},
					{
						"name": "CIL_AGREEMENT_NUM",
						"type": "nvarchar"
					},
					{
						"name": "CIL_AGREEMENT_TYPE",
						"type": "nvarchar"
					},
					{
						"name": "CIL_RENEWAL_TYPE",
						"type": "nvarchar"
					},
					{
						"name": "CIL_HAS_ALERTS",
						"type": "nvarchar"
					},
					{
						"name": "CIL_HAS_NOTES",
						"type": "nvarchar"
					},
					{
						"name": "CIL_OVERRIDE_STATE",
						"type": "nvarchar"
					},
					{
						"name": "CIL_ACKNOWLEDGED",
						"type": "nvarchar"
					},
					{
						"name": "CIL_STATION_ID",
						"type": "nvarchar"
					},
					{
						"name": "SPL_ID",
						"type": "nvarchar"
					},
					{
						"name": "TZL_ID_CHECKIN_DATE_LOCAL",
						"type": "nvarchar"
					},
					{
						"name": "M_ID",
						"type": "nvarchar"
					},
					{
						"name": "CIL_LAST_CHECKIN_DATE",
						"type": "datetime2",
						"scale": 6
					},
					{
						"name": "AH_ID",
						"type": "nvarchar"
					},
					{
						"name": "BES_ID",
						"type": "nvarchar"
					}
				],
				"typeProperties": {
					"schema": "StgDatatrak",
					"table": "STG_CHECKINLOGS_INCR"
				}
			},
			"dependsOn": []
		},
		{
			"name": "[concat(parameters('factoryName'), '/SNK_SYN_DT_STG_CHILDNOTES_INCR')]",
			"type": "Microsoft.DataFactory/factories/datasets",
			"apiVersion": "2018-06-01",
			"properties": {
				"linkedServiceName": {
					"referenceName": "AzureSynapseAnalytics1",
					"type": "LinkedServiceReference"
				},
				"annotations": [],
				"type": "AzureSqlDWTable",
				"schema": [
					{
						"name": "VPD_ID",
						"type": "decimal",
						"precision": 6,
						"scale": 0
					},
					{
						"name": "CN_ID",
						"type": "nvarchar"
					},
					{
						"name": "CN_CREATED",
						"type": "datetime2",
						"scale": 6
					},
					{
						"name": "CN_CREATED_LOCAL",
						"type": "datetime2",
						"scale": 6
					},
					{
						"name": "CN_MODIFIED",
						"type": "datetime2",
						"scale": 6
					},
					{
						"name": "CN_ACTIVE",
						"type": "nvarchar"
					},
					{
						"name": "CN_NOTE",
						"type": "nvarchar"
					},
					{
						"name": "E_ID",
						"type": "nvarchar"
					},
					{
						"name": "MCD_ID",
						"type": "nvarchar"
					},
					{
						"name": "TZL_ID_CREATED",
						"type": "nvarchar"
					}
				],
				"typeProperties": {
					"schema": "StgDatatrak",
					"table": "STG_CHILDNOTES_INCR"
				}
			},
			"dependsOn": []
		},
		{
			"name": "[concat(parameters('factoryName'), '/SNK_SYN_DT_STG_CHILDTIMETRACKING_INCR')]",
			"type": "Microsoft.DataFactory/factories/datasets",
			"apiVersion": "2018-06-01",
			"properties": {
				"linkedServiceName": {
					"referenceName": "AzureSynapseAnalytics1",
					"type": "LinkedServiceReference"
				},
				"annotations": [],
				"type": "AzureSqlDWTable",
				"schema": [
					{
						"name": "VPD_ID",
						"type": "decimal",
						"precision": 6,
						"scale": 0
					},
					{
						"name": "CTT_ID",
						"type": "nvarchar"
					},
					{
						"name": "CTT_CREATED",
						"type": "datetime2",
						"scale": 6
					},
					{
						"name": "CTT_MODIFIED",
						"type": "datetime2",
						"scale": 6
					},
					{
						"name": "CTT_ACTIVE",
						"type": "nvarchar"
					},
					{
						"name": "CTT_CLOCK_IN",
						"type": "datetime2",
						"scale": 6
					},
					{
						"name": "CTT_CLOCK_IN_ALTERED",
						"type": "datetime2",
						"scale": 6
					},
					{
						"name": "CTT_CLOCK_OUT",
						"type": "datetime2",
						"scale": 6
					},
					{
						"name": "CTT_CLOCK_OUT_ALTERED",
						"type": "datetime2",
						"scale": 6
					},
					{
						"name": "CTT_CHILD_CLOCK_IN_VERIFIED",
						"type": "nvarchar"
					},
					{
						"name": "CTT_CHILD_CLOCK_OUT_VERIFIED",
						"type": "nvarchar"
					},
					{
						"name": "CTT_MEMBER_CLOCK_IN_VERIFIED",
						"type": "nvarchar"
					},
					{
						"name": "CTT_MEMBER_CLOCK_OUT_VERIFIED",
						"type": "nvarchar"
					},
					{
						"name": "CTT_COMMENT",
						"type": "nvarchar"
					},
					{
						"name": "MCD_ID",
						"type": "nvarchar"
					},
					{
						"name": "SS_ID",
						"type": "nvarchar"
					},
					{
						"name": "TZL_ID_CLOCK_IN",
						"type": "nvarchar"
					},
					{
						"name": "TZL_ID_CLOCK_OUT",
						"type": "nvarchar"
					},
					{
						"name": "TZL_ID_CLOCK_IN_MODIFIED",
						"type": "nvarchar"
					},
					{
						"name": "TZL_ID_CLOCK_OUT_MODIFIED",
						"type": "nvarchar"
					},
					{
						"name": "E_ID_CLOCK_IN",
						"type": "nvarchar"
					},
					{
						"name": "E_ID_CLOCK_OUT",
						"type": "nvarchar"
					},
					{
						"name": "M_ID_CLOCK_IN",
						"type": "nvarchar"
					},
					{
						"name": "M_ID_CLOCK_OUT",
						"type": "nvarchar"
					},
					{
						"name": "SOURCE_SYSTEM",
						"type": "nvarchar"
					},
					{
						"name": "DW_CHANGE_DATE",
						"type": "datetime",
						"precision": 23,
						"scale": 3
					}
				],
				"typeProperties": {
					"schema": "StgDatatrak",
					"table": "STG_CHILDTIMETRACKING_INCR"
				}
			},
			"dependsOn": []
		},
		{
			"name": "[concat(parameters('factoryName'), '/SNK_SYN_DT_STG_DEPARTMENTS_INCR')]",
			"type": "Microsoft.DataFactory/factories/datasets",
			"apiVersion": "2018-06-01",
			"properties": {
				"linkedServiceName": {
					"referenceName": "AzureSynapseAnalytics1",
					"type": "LinkedServiceReference"
				},
				"annotations": [],
				"type": "AzureSqlDWTable",
				"schema": [
					{
						"name": "VPD_ID",
						"type": "decimal",
						"precision": 6,
						"scale": 0
					},
					{
						"name": "D_ID",
						"type": "nvarchar"
					},
					{
						"name": "D_CREATED",
						"type": "datetime2",
						"scale": 6
					},
					{
						"name": "D_MODIFIED",
						"type": "datetime2",
						"scale": 6
					},
					{
						"name": "D_ACTIVE",
						"type": "nvarchar"
					},
					{
						"name": "D_NAME",
						"type": "nvarchar"
					},
					{
						"name": "D_SHOW_IN_CALENDAR",
						"type": "nvarchar"
					},
					{
						"name": "D_SHOW_ONLINE",
						"type": "nvarchar"
					},
					{
						"name": "D_SALESPERSON_ONLINE",
						"type": "nvarchar"
					},
					{
						"name": "D_ADP_CODE",
						"type": "nvarchar"
					}
				],
				"typeProperties": {
					"schema": "StgDatatrak",
					"table": "STG_DEPARTMENTS_INCR"
				}
			},
			"dependsOn": []
		}
	]
}