{
	"$schema": "http://schema.management.azure.com/schemas/2015-01-01/deploymentTemplate.json#",
	"contentVersion": "1.0.0.0",
	"parameters": {
		"factoryName": {
			"type": "string",
			"metadata": "Data Factory name",
			"defaultValue": "PlanetFitnessDF"
		}
	},
	"variables": {
		"factoryId": "[concat('Microsoft.DataFactory/factories/', parameters('factoryName'))]"
	},
	"resources": [
		{
			"name": "[concat(parameters('factoryName'), '/SNK_SYN_RCM_ABCBILLING_CLIENT_TRANSACTION_FEE_INCR')]",
			"type": "Microsoft.DataFactory/factories/datasets",
			"apiVersion": "2018-06-01",
			"properties": {
				"linkedServiceName": {
					"referenceName": "AzureSynapseAnalytics1",
					"type": "LinkedServiceReference"
				},
				"annotations": [],
				"type": "AzureSqlDWTable",
				"schema": [
					{
						"name": "ctl_id",
						"type": "nvarchar"
					},
					{
						"name": "ctl_created",
						"type": "datetime2",
						"scale": 0
					},
					{
						"name": "ctl_modified",
						"type": "datetime2",
						"scale": 0
					},
					{
						"name": "ctl_abbreviation",
						"type": "nvarchar"
					},
					{
						"name": "ctl_code",
						"type": "int",
						"precision": 10
					}
				],
				"typeProperties": {
					"schema": "StgRCM",
					"table": "ABCBILLING_CLIENT_TRANSACTION_FEE_INCR"
				}
			},
			"dependsOn": []
		},
		{
			"name": "[concat(parameters('factoryName'), '/SNK_SYN_RCM_ABCBILLING_COLLECTION_PAYMENT_EVENT_INCR')]",
			"type": "Microsoft.DataFactory/factories/datasets",
			"apiVersion": "2018-06-01",
			"properties": {
				"linkedServiceName": {
					"referenceName": "AzureSynapseAnalytics1",
					"type": "LinkedServiceReference"
				},
				"annotations": [],
				"type": "AzureSqlDWTable",
				"schema": [
					{
						"name": "pay_id",
						"type": "nvarchar"
					},
					{
						"name": "loc_id",
						"type": "nvarchar"
					},
					{
						"name": "st_id",
						"type": "nvarchar"
					},
					{
						"name": "pay_posting_date",
						"type": "datetime2",
						"scale": 0
					},
					{
						"name": "pay_amount",
						"type": "decimal",
						"precision": 19,
						"scale": 4
					},
					{
						"name": "pame_id",
						"type": "nvarchar"
					},
					{
						"name": "pay_status",
						"type": "nvarchar"
					},
					{
						"name": "pay_payment_gateway_transaction_id",
						"type": "nvarchar"
					},
					{
						"name": "org_id",
						"type": "nvarchar"
					},
					{
						"name": "pay_created",
						"type": "datetime2",
						"scale": 0
					},
					{
						"name": "pay_modified",
						"type": "datetime2",
						"scale": 0
					},
					{
						"name": "reattempted_pay_id",
						"type": "varbinary"
					},
					{
						"name": "pay_type",
						"type": "nvarchar"
					},
					{
						"name": "pay_due_date",
						"type": "datetime2",
						"scale": 0
					},
					{
						"name": "agrm_id",
						"type": "nvarchar"
					},
					{
						"name": "tok_id",
						"type": "nvarchar"
					},
					{
						"name": "pay_number",
						"type": "nvarchar"
					},
					{
						"name": "pay_retry_count",
						"type": "smallint",
						"precision": 5
					},
					{
						"name": "tran_unique_transaction_number",
						"type": "nvarchar"
					},
					{
						"name": "payor_id",
						"type": "nvarchar"
					},
					{
						"name": "pay_effective_date",
						"type": "date"
					},
					{
						"name": "pay_Scheduled_date",
						"type": "date"
					},
					{
						"name": "bpay_id",
						"type": "nvarchar"
					},
					{
						"name": "pay_comment",
						"type": "nvarchar"
					},
					{
						"name": "source_loc_id",
						"type": "nvarchar"
					},
					{
						"name": "slb_id",
						"type": "nvarchar"
					},
					{
						"name": "led_type",
						"type": "varchar"
					},
					{
						"name": "pay_response_codes",
						"type": "varchar"
					},
					{
						"name": "ppt_id",
						"type": "nvarchar"
					}
				],
				"typeProperties": {
					"schema": "StgRCM",
					"table": "ABCBILLING_COLLECTION_PAYMENT_EVENT_INCR"
				}
			},
			"dependsOn": []
		},
		{
			"name": "[concat(parameters('factoryName'), '/SNK_SYN_RCM_ABCBILLING_Client_Account_INCR')]",
			"type": "Microsoft.DataFactory/factories/datasets",
			"apiVersion": "2018-06-01",
			"properties": {
				"linkedServiceName": {
					"referenceName": "AzureSynapseAnalytics1",
					"type": "LinkedServiceReference"
				},
				"annotations": [],
				"type": "AzureSqlDWTable",
				"schema": [
					{
						"name": "ctl_id",
						"type": "nvarchar"
					},
					{
						"name": "ctl_created",
						"type": "datetime2",
						"scale": 0
					},
					{
						"name": "ctl_modified",
						"type": "datetime2",
						"scale": 0
					},
					{
						"name": "ctl_abbreviation",
						"type": "nvarchar"
					},
					{
						"name": "ctl_code",
						"type": "int",
						"precision": 10
					}
				],
				"typeProperties": {
					"schema": "StgRCM",
					"table": "ABCBILLING_CLIENT_ACCOUNT_INCR"
				}
			},
			"dependsOn": []
		},
		{
			"name": "[concat(parameters('factoryName'), '/SNK_SYN_RCM_ABCBILLING_DEPOSIT_EVENT_INCR')]",
			"type": "Microsoft.DataFactory/factories/datasets",
			"apiVersion": "2018-06-01",
			"properties": {
				"linkedServiceName": {
					"referenceName": "AzureSynapseAnalytics1",
					"type": "LinkedServiceReference"
				},
				"annotations": [],
				"type": "AzureSqlDWTable",
				"schema": [
					{
						"name": "ctl_id",
						"type": "nvarchar"
					},
					{
						"name": "ctl_created",
						"type": "datetime2",
						"scale": 0
					},
					{
						"name": "ctl_modified",
						"type": "datetime2",
						"scale": 0
					},
					{
						"name": "ctl_abbreviation",
						"type": "nvarchar"
					},
					{
						"name": "ctl_code",
						"type": "int",
						"precision": 10
					}
				],
				"typeProperties": {
					"schema": "StgRCM",
					"table": "ABCBILLING_DEPOSIT_EVENT_INCR"
				}
			},
			"dependsOn": []
		},
		{
			"name": "[concat(parameters('factoryName'), '/SNK_SYN_RCM_ABCBILLING_DEPOSIT_INCR')]",
			"type": "Microsoft.DataFactory/factories/datasets",
			"apiVersion": "2018-06-01",
			"properties": {
				"linkedServiceName": {
					"referenceName": "AzureSynapseAnalytics1",
					"type": "LinkedServiceReference"
				},
				"annotations": [],
				"type": "AzureSqlDWTable",
				"schema": [
					{
						"name": "ctl_id",
						"type": "nvarchar"
					},
					{
						"name": "ctl_created",
						"type": "datetime2",
						"scale": 0
					},
					{
						"name": "ctl_modified",
						"type": "datetime2",
						"scale": 0
					},
					{
						"name": "ctl_abbreviation",
						"type": "nvarchar"
					},
					{
						"name": "ctl_code",
						"type": "int",
						"precision": 10
					}
				],
				"typeProperties": {
					"schema": "StgRCM",
					"table": "ABCBILLING_DEPOSIT_INCR"
				}
			},
			"dependsOn": []
		},
		{
			"name": "[concat(parameters('factoryName'), '/SNK_SYN_RCM_ABCBILLING_EVALUATION_SCHEDULE_INCR')]",
			"type": "Microsoft.DataFactory/factories/datasets",
			"apiVersion": "2018-06-01",
			"properties": {
				"linkedServiceName": {
					"referenceName": "AzureSynapseAnalytics1",
					"type": "LinkedServiceReference"
				},
				"annotations": [],
				"type": "AzureSqlDWTable",
				"schema": [
					{
						"name": "pay_id",
						"type": "nvarchar"
					},
					{
						"name": "loc_id",
						"type": "nvarchar"
					},
					{
						"name": "st_id",
						"type": "nvarchar"
					},
					{
						"name": "pay_posting_date",
						"type": "datetime2",
						"scale": 0
					},
					{
						"name": "pay_amount",
						"type": "decimal",
						"precision": 19,
						"scale": 4
					},
					{
						"name": "pame_id",
						"type": "nvarchar"
					},
					{
						"name": "pay_status",
						"type": "nvarchar"
					},
					{
						"name": "pay_payment_gateway_transaction_id",
						"type": "nvarchar"
					},
					{
						"name": "org_id",
						"type": "nvarchar"
					},
					{
						"name": "pay_created",
						"type": "datetime2",
						"scale": 0
					},
					{
						"name": "pay_modified",
						"type": "datetime2",
						"scale": 0
					},
					{
						"name": "reattempted_pay_id",
						"type": "varbinary"
					},
					{
						"name": "pay_type",
						"type": "nvarchar"
					},
					{
						"name": "pay_due_date",
						"type": "datetime2",
						"scale": 0
					},
					{
						"name": "agrm_id",
						"type": "nvarchar"
					},
					{
						"name": "tok_id",
						"type": "nvarchar"
					},
					{
						"name": "pay_number",
						"type": "nvarchar"
					},
					{
						"name": "pay_retry_count",
						"type": "smallint",
						"precision": 5
					},
					{
						"name": "tran_unique_transaction_number",
						"type": "nvarchar"
					},
					{
						"name": "payor_id",
						"type": "nvarchar"
					},
					{
						"name": "pay_effective_date",
						"type": "date"
					},
					{
						"name": "pay_Scheduled_date",
						"type": "date"
					},
					{
						"name": "bpay_id",
						"type": "nvarchar"
					},
					{
						"name": "pay_comment",
						"type": "nvarchar"
					},
					{
						"name": "source_loc_id",
						"type": "nvarchar"
					},
					{
						"name": "slb_id",
						"type": "nvarchar"
					},
					{
						"name": "led_type",
						"type": "varchar"
					},
					{
						"name": "pay_response_codes",
						"type": "varchar"
					},
					{
						"name": "ppt_id",
						"type": "nvarchar"
					}
				],
				"typeProperties": {
					"schema": "StgRCM",
					"table": "ABCBILLING_EVALUATION_SCHEDULE_INCR"
				}
			},
			"dependsOn": []
		},
		{
			"name": "[concat(parameters('factoryName'), '/SNK_SYN_RCM_ABCBILLING_FEE_SCHEDULE_INCR')]",
			"type": "Microsoft.DataFactory/factories/datasets",
			"apiVersion": "2018-06-01",
			"properties": {
				"linkedServiceName": {
					"referenceName": "AzureSynapseAnalytics1",
					"type": "LinkedServiceReference"
				},
				"annotations": [],
				"type": "AzureSqlDWTable",
				"schema": [
					{
						"name": "fs_id",
						"type": "nvarchar"
					},
					{
						"name": "fs_frequency",
						"type": "nvarchar"
					},
					{
						"name": "fs_first_due_date",
						"type": "date"
					},
					{
						"name": "fs_number_of_fees",
						"type": "int",
						"precision": 10
					},
					{
						"name": "sfc_id",
						"type": "nvarchar"
					},
					{
						"name": "fs_created",
						"type": "datetime2",
						"scale": 0
					},
					{
						"name": "fs_modified",
						"type": "datetime2",
						"scale": 0
					},
					{
						"name": "org_id",
						"type": "nvarchar"
					},
					{
						"name": "loc_id",
						"type": "nvarchar"
					},
					{
						"name": "fs_assessment_count",
						"type": "int",
						"precision": 10
					},
					{
						"name": "fs_next_scheduled_fee_date",
						"type": "date"
					}
				],
				"typeProperties": {
					"schema": "StgRCM",
					"table": "ABCBILLING_FEE_SCHEDULE_INCR"
				}
			},
			"dependsOn": []
		},
		{
			"name": "[concat(parameters('factoryName'), '/SNK_SYN_RCM_ABCBILLING_INVOICE_INCR')]",
			"type": "Microsoft.DataFactory/factories/datasets",
			"apiVersion": "2018-06-01",
			"properties": {
				"linkedServiceName": {
					"referenceName": "AzureSynapseAnalytics1",
					"type": "LinkedServiceReference"
				},
				"annotations": [],
				"type": "AzureSqlDWTable",
				"schema": [
					{
						"name": "ctl_id",
						"type": "nvarchar"
					},
					{
						"name": "ctl_created",
						"type": "datetime2",
						"scale": 0
					},
					{
						"name": "ctl_modified",
						"type": "datetime2",
						"scale": 0
					},
					{
						"name": "ctl_abbreviation",
						"type": "nvarchar"
					},
					{
						"name": "ctl_code",
						"type": "int",
						"precision": 10
					}
				],
				"typeProperties": {
					"schema": "StgRCM",
					"table": "ABCBILLING_INVOICE_INCR"
				}
			},
			"dependsOn": []
		},
		{
			"name": "[concat(parameters('factoryName'), '/SNK_SYN_RCM_ABCBILLING_INVOICE_ITEM_INCR')]",
			"type": "Microsoft.DataFactory/factories/datasets",
			"apiVersion": "2018-06-01",
			"properties": {
				"linkedServiceName": {
					"referenceName": "AzureSynapseAnalytics1",
					"type": "LinkedServiceReference"
				},
				"annotations": [],
				"type": "AzureSqlDWTable",
				"schema": [
					{
						"name": "pay_id",
						"type": "nvarchar"
					},
					{
						"name": "loc_id",
						"type": "nvarchar"
					},
					{
						"name": "st_id",
						"type": "nvarchar"
					},
					{
						"name": "pay_posting_date",
						"type": "datetime2",
						"scale": 0
					},
					{
						"name": "pay_amount",
						"type": "decimal",
						"precision": 19,
						"scale": 4
					},
					{
						"name": "pame_id",
						"type": "nvarchar"
					},
					{
						"name": "pay_status",
						"type": "nvarchar"
					},
					{
						"name": "pay_payment_gateway_transaction_id",
						"type": "nvarchar"
					},
					{
						"name": "org_id",
						"type": "nvarchar"
					},
					{
						"name": "pay_created",
						"type": "datetime2",
						"scale": 0
					},
					{
						"name": "pay_modified",
						"type": "datetime2",
						"scale": 0
					},
					{
						"name": "reattempted_pay_id",
						"type": "varbinary"
					},
					{
						"name": "pay_type",
						"type": "nvarchar"
					},
					{
						"name": "pay_due_date",
						"type": "datetime2",
						"scale": 0
					},
					{
						"name": "agrm_id",
						"type": "nvarchar"
					},
					{
						"name": "tok_id",
						"type": "nvarchar"
					},
					{
						"name": "pay_number",
						"type": "nvarchar"
					},
					{
						"name": "pay_retry_count",
						"type": "smallint",
						"precision": 5
					},
					{
						"name": "tran_unique_transaction_number",
						"type": "nvarchar"
					},
					{
						"name": "payor_id",
						"type": "nvarchar"
					},
					{
						"name": "pay_effective_date",
						"type": "date"
					},
					{
						"name": "pay_Scheduled_date",
						"type": "date"
					},
					{
						"name": "bpay_id",
						"type": "nvarchar"
					},
					{
						"name": "pay_comment",
						"type": "nvarchar"
					},
					{
						"name": "source_loc_id",
						"type": "nvarchar"
					},
					{
						"name": "slb_id",
						"type": "nvarchar"
					},
					{
						"name": "led_type",
						"type": "varchar"
					},
					{
						"name": "pay_response_codes",
						"type": "varchar"
					},
					{
						"name": "ppt_id",
						"type": "nvarchar"
					}
				],
				"typeProperties": {
					"schema": "StgRCM",
					"table": "ABCBILLING_INVOICE_ITEM_INCR"
				}
			},
			"dependsOn": []
		},
		{
			"name": "[concat(parameters('factoryName'), '/SNK_SYN_RCM_ABCBILLING_INVOICE_MEMBER_INCR')]",
			"type": "Microsoft.DataFactory/factories/datasets",
			"apiVersion": "2018-06-01",
			"properties": {
				"linkedServiceName": {
					"referenceName": "AzureSynapseAnalytics1",
					"type": "LinkedServiceReference"
				},
				"annotations": [],
				"type": "AzureSqlDWTable",
				"schema": [],
				"typeProperties": {
					"schema": "StgRCM",
					"table": "ABCBILLING_INVOICE_MEMBER_INCR"
				}
			},
			"dependsOn": []
		},
		{
			"name": "[concat(parameters('factoryName'), '/SNK_SYN_RCM_ABCBILLING_LINKED_TRANSACTION_ENTRY_INCR')]",
			"type": "Microsoft.DataFactory/factories/datasets",
			"apiVersion": "2018-06-01",
			"properties": {
				"linkedServiceName": {
					"referenceName": "AzureSynapseAnalytics1",
					"type": "LinkedServiceReference"
				},
				"annotations": [],
				"type": "AzureSqlDWTable",
				"schema": [
					{
						"name": "pay_id",
						"type": "nvarchar"
					},
					{
						"name": "loc_id",
						"type": "nvarchar"
					},
					{
						"name": "st_id",
						"type": "nvarchar"
					},
					{
						"name": "pay_posting_date",
						"type": "datetime2",
						"scale": 0
					},
					{
						"name": "pay_amount",
						"type": "decimal",
						"precision": 19,
						"scale": 4
					},
					{
						"name": "pame_id",
						"type": "nvarchar"
					},
					{
						"name": "pay_status",
						"type": "nvarchar"
					},
					{
						"name": "pay_payment_gateway_transaction_id",
						"type": "nvarchar"
					},
					{
						"name": "org_id",
						"type": "nvarchar"
					},
					{
						"name": "pay_created",
						"type": "datetime2",
						"scale": 0
					},
					{
						"name": "pay_modified",
						"type": "datetime2",
						"scale": 0
					},
					{
						"name": "reattempted_pay_id",
						"type": "varbinary"
					},
					{
						"name": "pay_type",
						"type": "nvarchar"
					},
					{
						"name": "pay_due_date",
						"type": "datetime2",
						"scale": 0
					},
					{
						"name": "agrm_id",
						"type": "nvarchar"
					},
					{
						"name": "tok_id",
						"type": "nvarchar"
					},
					{
						"name": "pay_number",
						"type": "nvarchar"
					},
					{
						"name": "pay_retry_count",
						"type": "smallint",
						"precision": 5
					},
					{
						"name": "tran_unique_transaction_number",
						"type": "nvarchar"
					},
					{
						"name": "payor_id",
						"type": "nvarchar"
					},
					{
						"name": "pay_effective_date",
						"type": "date"
					},
					{
						"name": "pay_Scheduled_date",
						"type": "date"
					},
					{
						"name": "bpay_id",
						"type": "nvarchar"
					},
					{
						"name": "pay_comment",
						"type": "nvarchar"
					},
					{
						"name": "source_loc_id",
						"type": "nvarchar"
					},
					{
						"name": "slb_id",
						"type": "nvarchar"
					},
					{
						"name": "led_type",
						"type": "varchar"
					},
					{
						"name": "pay_response_codes",
						"type": "varchar"
					},
					{
						"name": "ppt_id",
						"type": "nvarchar"
					}
				],
				"typeProperties": {
					"schema": "StgRCM",
					"table": "ABCBILLING_LINKED_TRANSACTION_ENTRY_INCR"
				}
			},
			"dependsOn": []
		},
		{
			"name": "[concat(parameters('factoryName'), '/SNK_SYN_RCM_ABCBILLING_MEMBER_TRANSACTION_FEE_CONFIG_INCR')]",
			"type": "Microsoft.DataFactory/factories/datasets",
			"apiVersion": "2018-06-01",
			"properties": {
				"linkedServiceName": {
					"referenceName": "AzureSynapseAnalytics1",
					"type": "LinkedServiceReference"
				},
				"annotations": [],
				"type": "AzureSqlDWTable",
				"schema": [
					{
						"name": "ctl_id",
						"type": "nvarchar"
					},
					{
						"name": "ctl_created",
						"type": "datetime2",
						"scale": 0
					},
					{
						"name": "ctl_modified",
						"type": "datetime2",
						"scale": 0
					},
					{
						"name": "ctl_abbreviation",
						"type": "nvarchar"
					},
					{
						"name": "ctl_code",
						"type": "int",
						"precision": 10
					}
				],
				"typeProperties": {
					"schema": "StgRCM",
					"table": "ABCBILLING_MEMBER_TRANSACTION_FEE_CONFIG_INCR"
				}
			},
			"dependsOn": []
		},
		{
			"name": "[concat(parameters('factoryName'), '/SNK_SYN_RCM_ABCBILLING_MEMBER_TRANSACTION_FEE_INCR')]",
			"type": "Microsoft.DataFactory/factories/datasets",
			"apiVersion": "2018-06-01",
			"properties": {
				"linkedServiceName": {
					"referenceName": "AzureSynapseAnalytics1",
					"type": "LinkedServiceReference"
				},
				"annotations": [],
				"type": "AzureSqlDWTable",
				"schema": [
					{
						"name": "mtf_id",
						"type": "nvarchar"
					},
					{
						"name": "mtfc_id",
						"type": "nvarchar"
					},
					{
						"name": "client_id",
						"type": "nvarchar"
					},
					{
						"name": "mtf_transaction_id",
						"type": "nvarchar"
					},
					{
						"name": "mtf_type",
						"type": "nvarchar"
					},
					{
						"name": "mtf_amount",
						"type": "decimal",
						"precision": 19,
						"scale": 4
					},
					{
						"name": "org_id",
						"type": "nvarchar"
					},
					{
						"name": "mtf_created",
						"type": "datetime2",
						"scale": 0
					},
					{
						"name": "mtf_modified",
						"type": "datetime2",
						"scale": 0
					},
					{
						"name": "mtf_status",
						"type": "nvarchar"
					},
					{
						"name": "mtf_number",
						"type": "nvarchar"
					},
					{
						"name": "mtf_config_type",
						"type": "nvarchar"
					},
					{
						"name": "mtf_due_date",
						"type": "datetime2",
						"scale": 0
					},
					{
						"name": "mtf_posting_date",
						"type": "datetime2",
						"scale": 0
					},
					{
						"name": "agrm_id",
						"type": "nvarchar"
					},
					{
						"name": "led_type",
						"type": "varchar"
					}
				],
				"typeProperties": {
					"schema": "StgRCM",
					"table": "ABCBILLING_MEMBER_TRANSACTION_FEE_INCR"
				}
			},
			"dependsOn": []
		},
		{
			"name": "[concat(parameters('factoryName'), '/SNK_SYN_RCM_ABCBILLING_PAYMENT_INCR')]",
			"type": "Microsoft.DataFactory/factories/datasets",
			"apiVersion": "2018-06-01",
			"properties": {
				"linkedServiceName": {
					"referenceName": "AzureSynapseAnalytics1",
					"type": "LinkedServiceReference"
				},
				"annotations": [],
				"type": "AzureSqlDWTable",
				"schema": [
					{
						"name": "pay_id",
						"type": "nvarchar"
					},
					{
						"name": "loc_id",
						"type": "nvarchar"
					},
					{
						"name": "st_id",
						"type": "nvarchar"
					},
					{
						"name": "pay_posting_date",
						"type": "datetime2",
						"scale": 0
					},
					{
						"name": "pay_amount",
						"type": "decimal",
						"precision": 19,
						"scale": 4
					},
					{
						"name": "pame_id",
						"type": "nvarchar"
					},
					{
						"name": "pay_status",
						"type": "nvarchar"
					},
					{
						"name": "pay_payment_gateway_transaction_id",
						"type": "nvarchar"
					},
					{
						"name": "org_id",
						"type": "nvarchar"
					},
					{
						"name": "pay_created",
						"type": "datetime2",
						"scale": 0
					},
					{
						"name": "pay_modified",
						"type": "datetime2",
						"scale": 0
					},
					{
						"name": "reattempted_pay_id",
						"type": "varbinary"
					},
					{
						"name": "pay_type",
						"type": "nvarchar"
					},
					{
						"name": "pay_due_date",
						"type": "datetime2",
						"scale": 0
					},
					{
						"name": "agrm_id",
						"type": "nvarchar"
					},
					{
						"name": "tok_id",
						"type": "nvarchar"
					},
					{
						"name": "pay_number",
						"type": "nvarchar"
					},
					{
						"name": "pay_retry_count",
						"type": "smallint",
						"precision": 5
					},
					{
						"name": "tran_unique_transaction_number",
						"type": "nvarchar"
					},
					{
						"name": "payor_id",
						"type": "nvarchar"
					},
					{
						"name": "pay_effective_date",
						"type": "date"
					},
					{
						"name": "pay_Scheduled_date",
						"type": "date"
					},
					{
						"name": "bpay_id",
						"type": "nvarchar"
					},
					{
						"name": "pay_comment",
						"type": "nvarchar"
					},
					{
						"name": "source_loc_id",
						"type": "nvarchar"
					},
					{
						"name": "slb_id",
						"type": "nvarchar"
					},
					{
						"name": "led_type",
						"type": "varchar"
					},
					{
						"name": "pay_response_codes",
						"type": "varchar"
					},
					{
						"name": "ppt_id",
						"type": "nvarchar"
					}
				],
				"typeProperties": {
					"schema": "StgRCM",
					"table": "ABCBILLING_PAYMENT_INCR"
				}
			},
			"dependsOn": []
		},
		{
			"name": "[concat(parameters('factoryName'), '/SNK_SYN_RCM_ABCBILLING_PAYMENT_INITIAL_ATTEMPT_INCR')]",
			"type": "Microsoft.DataFactory/factories/datasets",
			"apiVersion": "2018-06-01",
			"properties": {
				"linkedServiceName": {
					"referenceName": "AzureSynapseAnalytics1",
					"type": "LinkedServiceReference"
				},
				"annotations": [],
				"type": "AzureSqlDWTable",
				"schema": [
					{
						"name": "ctl_id",
						"type": "nvarchar"
					},
					{
						"name": "ctl_created",
						"type": "datetime2",
						"scale": 0
					},
					{
						"name": "ctl_modified",
						"type": "datetime2",
						"scale": 0
					},
					{
						"name": "ctl_abbreviation",
						"type": "nvarchar"
					},
					{
						"name": "ctl_code",
						"type": "int",
						"precision": 10
					}
				],
				"typeProperties": {
					"schema": "StgRCM",
					"table": "ABCBILLING_PAYMENT_INITIAL_ATTEMPT_INCR"
				}
			},
			"dependsOn": []
		},
		{
			"name": "[concat(parameters('factoryName'), '/SNK_SYN_RCM_ABCBILLING_PAYMENT_METHOD_INCR')]",
			"type": "Microsoft.DataFactory/factories/datasets",
			"apiVersion": "2018-06-01",
			"properties": {
				"linkedServiceName": {
					"referenceName": "AzureSynapseAnalytics1",
					"type": "LinkedServiceReference"
				},
				"annotations": [],
				"type": "AzureSqlDWTable",
				"schema": [
					{
						"name": "pay_id",
						"type": "nvarchar"
					},
					{
						"name": "loc_id",
						"type": "nvarchar"
					},
					{
						"name": "st_id",
						"type": "nvarchar"
					},
					{
						"name": "pay_posting_date",
						"type": "datetime2",
						"scale": 0
					},
					{
						"name": "pay_amount",
						"type": "decimal",
						"precision": 19,
						"scale": 4
					},
					{
						"name": "pame_id",
						"type": "nvarchar"
					},
					{
						"name": "pay_status",
						"type": "nvarchar"
					},
					{
						"name": "pay_payment_gateway_transaction_id",
						"type": "nvarchar"
					},
					{
						"name": "org_id",
						"type": "nvarchar"
					},
					{
						"name": "pay_created",
						"type": "datetime2",
						"scale": 0
					},
					{
						"name": "pay_modified",
						"type": "datetime2",
						"scale": 0
					},
					{
						"name": "reattempted_pay_id",
						"type": "varbinary"
					},
					{
						"name": "pay_type",
						"type": "nvarchar"
					},
					{
						"name": "pay_due_date",
						"type": "datetime2",
						"scale": 0
					},
					{
						"name": "agrm_id",
						"type": "nvarchar"
					},
					{
						"name": "tok_id",
						"type": "nvarchar"
					},
					{
						"name": "pay_number",
						"type": "nvarchar"
					},
					{
						"name": "pay_retry_count",
						"type": "smallint",
						"precision": 5
					},
					{
						"name": "tran_unique_transaction_number",
						"type": "nvarchar"
					},
					{
						"name": "payor_id",
						"type": "nvarchar"
					},
					{
						"name": "pay_effective_date",
						"type": "date"
					},
					{
						"name": "pay_Scheduled_date",
						"type": "date"
					},
					{
						"name": "bpay_id",
						"type": "nvarchar"
					},
					{
						"name": "pay_comment",
						"type": "nvarchar"
					},
					{
						"name": "source_loc_id",
						"type": "nvarchar"
					},
					{
						"name": "slb_id",
						"type": "nvarchar"
					},
					{
						"name": "led_type",
						"type": "varchar"
					},
					{
						"name": "pay_response_codes",
						"type": "varchar"
					},
					{
						"name": "ppt_id",
						"type": "nvarchar"
					}
				],
				"typeProperties": {
					"schema": "StgRCM",
					"table": "ABCBILLING_PAYMENT_METHOD_INCR"
				}
			},
			"dependsOn": []
		},
		{
			"name": "[concat(parameters('factoryName'), '/SNK_SYN_RCM_ABCBILLING_PAYOR_PROFILE_INCR')]",
			"type": "Microsoft.DataFactory/factories/datasets",
			"apiVersion": "2018-06-01",
			"properties": {
				"linkedServiceName": {
					"referenceName": "AzureSynapseAnalytics1",
					"type": "LinkedServiceReference"
				},
				"annotations": [],
				"type": "AzureSqlDWTable",
				"schema": [
					{
						"name": "pay_id",
						"type": "nvarchar"
					},
					{
						"name": "loc_id",
						"type": "nvarchar"
					},
					{
						"name": "st_id",
						"type": "nvarchar"
					},
					{
						"name": "pay_posting_date",
						"type": "datetime2",
						"scale": 0
					},
					{
						"name": "pay_amount",
						"type": "decimal",
						"precision": 19,
						"scale": 4
					},
					{
						"name": "pame_id",
						"type": "nvarchar"
					},
					{
						"name": "pay_status",
						"type": "nvarchar"
					},
					{
						"name": "pay_payment_gateway_transaction_id",
						"type": "nvarchar"
					},
					{
						"name": "org_id",
						"type": "nvarchar"
					},
					{
						"name": "pay_created",
						"type": "datetime2",
						"scale": 0
					},
					{
						"name": "pay_modified",
						"type": "datetime2",
						"scale": 0
					},
					{
						"name": "reattempted_pay_id",
						"type": "varbinary"
					},
					{
						"name": "pay_type",
						"type": "nvarchar"
					},
					{
						"name": "pay_due_date",
						"type": "datetime2",
						"scale": 0
					},
					{
						"name": "agrm_id",
						"type": "nvarchar"
					},
					{
						"name": "tok_id",
						"type": "nvarchar"
					},
					{
						"name": "pay_number",
						"type": "nvarchar"
					},
					{
						"name": "pay_retry_count",
						"type": "smallint",
						"precision": 5
					},
					{
						"name": "tran_unique_transaction_number",
						"type": "nvarchar"
					},
					{
						"name": "payor_id",
						"type": "nvarchar"
					},
					{
						"name": "pay_effective_date",
						"type": "date"
					},
					{
						"name": "pay_Scheduled_date",
						"type": "date"
					},
					{
						"name": "bpay_id",
						"type": "nvarchar"
					},
					{
						"name": "pay_comment",
						"type": "nvarchar"
					},
					{
						"name": "source_loc_id",
						"type": "nvarchar"
					},
					{
						"name": "slb_id",
						"type": "nvarchar"
					},
					{
						"name": "led_type",
						"type": "varchar"
					},
					{
						"name": "pay_response_codes",
						"type": "varchar"
					},
					{
						"name": "ppt_id",
						"type": "nvarchar"
					}
				],
				"typeProperties": {
					"schema": "StgRCM",
					"table": "ABCBILLING_PAYOR_PROFILE_INCR"
				}
			},
			"dependsOn": []
		},
		{
			"name": "[concat(parameters('factoryName'), '/SNK_SYN_RCM_ABCBILLING_POS_BANK_HOLIDAY_INCR')]",
			"type": "Microsoft.DataFactory/factories/datasets",
			"apiVersion": "2018-06-01",
			"properties": {
				"linkedServiceName": {
					"referenceName": "AzureSynapseAnalytics1",
					"type": "LinkedServiceReference"
				},
				"annotations": [],
				"type": "AzureSqlDWTable",
				"schema": [
					{
						"name": "ctl_id",
						"type": "nvarchar"
					},
					{
						"name": "ctl_created",
						"type": "datetime2",
						"scale": 0
					},
					{
						"name": "ctl_modified",
						"type": "datetime2",
						"scale": 0
					},
					{
						"name": "ctl_abbreviation",
						"type": "nvarchar"
					},
					{
						"name": "ctl_code",
						"type": "int",
						"precision": 10
					}
				],
				"typeProperties": {
					"schema": "StgRCM",
					"table": "ABCBILLING_POS_BANK_HOLIDAY_INCR"
				}
			},
			"dependsOn": []
		},
		{
			"name": "[concat(parameters('factoryName'), '/SNK_SYN_RCM_ABCBILLING_POS_CLIENT_ACCOUNT_ENTRY_INCR')]",
			"type": "Microsoft.DataFactory/factories/datasets",
			"apiVersion": "2018-06-01",
			"properties": {
				"linkedServiceName": {
					"referenceName": "AzureSynapseAnalytics1",
					"type": "LinkedServiceReference"
				},
				"annotations": [],
				"type": "AzureSqlDWTable",
				"schema": [
					{
						"name": "ctl_id",
						"type": "nvarchar"
					},
					{
						"name": "ctl_created",
						"type": "datetime2",
						"scale": 0
					},
					{
						"name": "ctl_modified",
						"type": "datetime2",
						"scale": 0
					},
					{
						"name": "ctl_abbreviation",
						"type": "nvarchar"
					},
					{
						"name": "ctl_code",
						"type": "int",
						"precision": 10
					}
				],
				"typeProperties": {
					"schema": "StgRCM",
					"table": "ABCBILLING_POS_CLIENT_ACCOUNT_ENTRY_INCR"
				}
			},
			"dependsOn": []
		},
		{
			"name": "[concat(parameters('factoryName'), '/SNK_SYN_RCM_ABCBILLING_POS_CLIENT_ACCOUNT_PAYMENT_METHOD_INCR')]",
			"type": "Microsoft.DataFactory/factories/datasets",
			"apiVersion": "2018-06-01",
			"properties": {
				"linkedServiceName": {
					"referenceName": "AzureSynapseAnalytics1",
					"type": "LinkedServiceReference"
				},
				"annotations": [],
				"type": "AzureSqlDWTable",
				"schema": [
					{
						"name": "ctl_id",
						"type": "nvarchar"
					},
					{
						"name": "ctl_created",
						"type": "datetime2",
						"scale": 0
					},
					{
						"name": "ctl_modified",
						"type": "datetime2",
						"scale": 0
					},
					{
						"name": "ctl_abbreviation",
						"type": "nvarchar"
					},
					{
						"name": "ctl_code",
						"type": "int",
						"precision": 10
					}
				],
				"typeProperties": {
					"schema": "StgRCM",
					"table": "ABCBILLING_POS_CLIENT_ACCOUNT_PAYMENT_METHOD_INCR"
				}
			},
			"dependsOn": []
		}
	]
}