{
	"$schema": "http://schema.management.azure.com/schemas/2015-01-01/deploymentTemplate.json#",
	"contentVersion": "1.0.0.0",
	"parameters": {
		"factoryName": {
			"type": "string",
			"metadata": "Data Factory name",
			"defaultValue": "PlanetFitnessDF"
		}
	},
	"variables": {
		"factoryId": "[concat('Microsoft.DataFactory/factories/', parameters('factoryName'))]"
	},
	"resources": [
		{
			"name": "[concat(parameters('factoryName'), '/SNK_RPT_NZ_PROSPECT_DIM')]",
			"type": "Microsoft.DataFactory/factories/datasets",
			"apiVersion": "2018-06-01",
			"properties": {
				"linkedServiceName": {
					"referenceName": "AzureSynapsePool",
					"type": "LinkedServiceReference"
				},
				"annotations": [],
				"type": "AzureSqlDWTable",
				"schema": [
					{
						"name": "PROSPECT_NUMBER_UNIQUE",
						"type": "varchar"
					},
					{
						"name": "PROSPECT_FIRST_NAME",
						"type": "varchar"
					},
					{
						"name": "PROSPECT_LAST_NAME",
						"type": "varchar"
					},
					{
						"name": "SOURCE",
						"type": "varchar"
					},
					{
						"name": "TOTALPROSPECTCOUNT",
						"type": "bigint",
						"precision": 19
					},
					{
						"name": "INSERTDATE",
						"type": "datetime",
						"precision": 23,
						"scale": 3
					}
				],
				"typeProperties": {
					"schema": "DAILYCOUNTS",
					"table": "RPT_NZ_PROSPECT_DIM"
				}
			},
			"dependsOn": []
		},
		{
			"name": "[concat(parameters('factoryName'), '/SNK_RPT_NZ_STATUS_CODE_DIM')]",
			"type": "Microsoft.DataFactory/factories/datasets",
			"apiVersion": "2018-06-01",
			"properties": {
				"linkedServiceName": {
					"referenceName": "AzureSynapsePool",
					"type": "LinkedServiceReference"
				},
				"annotations": [],
				"type": "AzureSqlDWTable",
				"schema": [
					{
						"name": "MEMBER_STATUS_CODE",
						"type": "varchar"
					},
					{
						"name": "MEMBER_STATUS_CODE_DESCRIPTION",
						"type": "varchar"
					},
					{
						"name": "ACTIVE_INDICATOR",
						"type": "varchar"
					},
					{
						"name": "TOTALSTATUSCODECOUNT",
						"type": "bigint",
						"precision": 19
					},
					{
						"name": "INSERTDATE",
						"type": "datetime",
						"precision": 23,
						"scale": 3
					}
				],
				"typeProperties": {
					"schema": "DAILYCOUNTS",
					"table": "RPT_NZ_STATUS_CODE_DIM"
				}
			},
			"dependsOn": []
		},
		{
			"name": "[concat(parameters('factoryName'), '/SNK_SNOW_FLATFILE_DIMADDTYPE')]",
			"type": "Microsoft.DataFactory/factories/datasets",
			"apiVersion": "2018-06-01",
			"properties": {
				"linkedServiceName": {
					"referenceName": "AzureBlob_PFSNOWINT",
					"type": "LinkedServiceReference"
				},
				"annotations": [],
				"type": "DelimitedText",
				"typeProperties": {
					"location": {
						"type": "AzureBlobStorageLocation",
						"fileName": {
							"value": "@concat('DIM_ADD_TYPE_',formatDatetime(utcnow(),'yyyy-MM-dd_hh:mm:ss'),'.csv')",
							"type": "Expression"
						},
						"folderPath": "DIMADDTYPE",
						"container": "snowuat"
					},
					"columnDelimiter": ",",
					"escapeChar": "\\",
					"quoteChar": "\""
				},
				"schema": []
			},
			"dependsOn": []
		},
		{
			"name": "[concat(parameters('factoryName'), '/SNK_SNOW_FLATFILE_DIMAMENITY')]",
			"type": "Microsoft.DataFactory/factories/datasets",
			"apiVersion": "2018-06-01",
			"properties": {
				"linkedServiceName": {
					"referenceName": "AzureBlob_PFSNOWINT",
					"type": "LinkedServiceReference"
				},
				"annotations": [],
				"type": "DelimitedText",
				"typeProperties": {
					"location": {
						"type": "AzureBlobStorageLocation",
						"fileName": {
							"value": "@concat('DIM_AMENITY_',formatDatetime(utcnow(),'yyyy-MM-dd_hh:mm:ss'),'.csv')",
							"type": "Expression"
						},
						"folderPath": "DIMAMENITY",
						"container": "snowuat"
					},
					"columnDelimiter": ",",
					"escapeChar": "\\",
					"quoteChar": "\""
				},
				"schema": []
			},
			"dependsOn": []
		},
		{
			"name": "[concat(parameters('factoryName'), '/SNK_SNOW_FLATFILE_DIMCATALOGUEITEM')]",
			"type": "Microsoft.DataFactory/factories/datasets",
			"apiVersion": "2018-06-01",
			"properties": {
				"linkedServiceName": {
					"referenceName": "AzureBlob_PFSNOWINT",
					"type": "LinkedServiceReference"
				},
				"annotations": [],
				"type": "DelimitedText",
				"typeProperties": {
					"location": {
						"type": "AzureBlobStorageLocation",
						"fileName": {
							"value": "@concat('DIM_CATALOG_ITEM_',formatDatetime(utcnow(),'yyyy-MM-dd_hh:mm:ss'),'.csv')",
							"type": "Expression"
						},
						"folderPath": "DIMCATALOGITEM",
						"container": "snowuat"
					},
					"columnDelimiter": ",",
					"escapeChar": "\\",
					"quoteChar": "\""
				},
				"schema": [
					{
						"type": "String"
					},
					{
						"type": "String"
					},
					{
						"type": "String"
					},
					{
						"type": "String"
					},
					{
						"type": "String"
					},
					{
						"type": "String"
					},
					{
						"type": "String"
					},
					{
						"type": "String"
					},
					{
						"type": "String"
					},
					{
						"type": "String"
					},
					{
						"type": "String"
					},
					{
						"type": "String"
					},
					{
						"type": "String"
					},
					{
						"type": "String"
					},
					{
						"type": "String"
					},
					{
						"type": "String"
					},
					{
						"type": "String"
					}
				]
			},
			"dependsOn": []
		},
		{
			"name": "[concat(parameters('factoryName'), '/SNK_SNOW_FLATFILE_DIMCHECKINALERT')]",
			"type": "Microsoft.DataFactory/factories/datasets",
			"apiVersion": "2018-06-01",
			"properties": {
				"linkedServiceName": {
					"referenceName": "AzureBlob_PFSNOWINT",
					"type": "LinkedServiceReference"
				},
				"annotations": [],
				"type": "DelimitedText",
				"typeProperties": {
					"location": {
						"type": "AzureBlobStorageLocation",
						"fileName": {
							"value": "@concat('DIM_CHECKIN_ALERT_',formatDatetime(utcnow(),'yyyy-MM-dd_hh:mm:ss'),'.csv')",
							"type": "Expression"
						},
						"folderPath": "DIMCHECKINALERT",
						"container": "snowuat"
					},
					"columnDelimiter": ",",
					"escapeChar": "\\",
					"quoteChar": "\""
				},
				"schema": []
			},
			"dependsOn": []
		},
		{
			"name": "[concat(parameters('factoryName'), '/SNK_SNOW_FLATFILE_DIMCLUB')]",
			"type": "Microsoft.DataFactory/factories/datasets",
			"apiVersion": "2018-06-01",
			"properties": {
				"linkedServiceName": {
					"referenceName": "AzureBlob_PFSNOWINT",
					"type": "LinkedServiceReference"
				},
				"annotations": [],
				"type": "DelimitedText",
				"typeProperties": {
					"location": {
						"type": "AzureBlobStorageLocation",
						"fileName": {
							"value": "@concat('DIMCLUB_',formatDatetime(utcnow(),'yyyy-MM-dd_hh:mm:ss'),'.csv')",
							"type": "Expression"
						},
						"folderPath": "DIMCLUB",
						"container": "snowuat"
					},
					"columnDelimiter": ",",
					"escapeChar": "\\",
					"quoteChar": "\""
				},
				"schema": []
			},
			"dependsOn": []
		},
		{
			"name": "[concat(parameters('factoryName'), '/SNK_SNOW_FLATFILE_DIMMEMBER')]",
			"type": "Microsoft.DataFactory/factories/datasets",
			"apiVersion": "2018-06-01",
			"properties": {
				"linkedServiceName": {
					"referenceName": "AzureBlob_PFSNOWINT",
					"type": "LinkedServiceReference"
				},
				"annotations": [],
				"type": "DelimitedText",
				"typeProperties": {
					"location": {
						"type": "AzureBlobStorageLocation",
						"fileName": {
							"value": "@concat('DIM_MEMBER_',formatDatetime(utcnow(),'yyyy-MM-dd_hh:mm:ss'),'.csv')",
							"type": "Expression"
						},
						"folderPath": "DIMMEMBER",
						"container": "snowuat"
					},
					"columnDelimiter": "^",
					"escapeChar": "",
					"quoteChar": ""
				},
				"schema": []
			},
			"dependsOn": []
		},
		{
			"name": "[concat(parameters('factoryName'), '/SNK_SNOW_FLATFILE_DIMMEMBERPAYMENTFREQUENCYCODELKUP')]",
			"type": "Microsoft.DataFactory/factories/datasets",
			"apiVersion": "2018-06-01",
			"properties": {
				"linkedServiceName": {
					"referenceName": "AzureBlob_PFSNOWINT",
					"type": "LinkedServiceReference"
				},
				"annotations": [],
				"type": "DelimitedText",
				"typeProperties": {
					"location": {
						"type": "AzureBlobStorageLocation",
						"fileName": {
							"value": "@concat('DIM_MEMBER_PAYMENT_FREQUENCY_CODE_',formatDatetime(utcnow(),'yyyy-MM-dd_hh:mm:ss'),'.csv')",
							"type": "Expression"
						},
						"folderPath": "DIMMEMBERPAYMENTFREQUENCYCODELKUP",
						"container": "snowuat"
					},
					"columnDelimiter": ",",
					"escapeChar": "\\",
					"quoteChar": "\""
				},
				"schema": []
			},
			"dependsOn": []
		},
		{
			"name": "[concat(parameters('factoryName'), '/SNK_SNOW_FLATFILE_DIMMEMBERSOURCECODELKUP')]",
			"type": "Microsoft.DataFactory/factories/datasets",
			"apiVersion": "2018-06-01",
			"properties": {
				"linkedServiceName": {
					"referenceName": "AzureBlob_PFSNOWINT",
					"type": "LinkedServiceReference"
				},
				"annotations": [],
				"type": "DelimitedText",
				"typeProperties": {
					"location": {
						"type": "AzureBlobStorageLocation",
						"fileName": {
							"value": "@concat('DIM_MEMBER_SOURCE_CODE_LKUP_',formatDatetime(utcnow(),'yyyy-MM-dd_hh:mm:ss'),'.csv')",
							"type": "Expression"
						},
						"folderPath": "DIMMEMBERSOURCECODELKUP",
						"container": "snowuat"
					},
					"columnDelimiter": ",",
					"escapeChar": "\\",
					"quoteChar": "\""
				},
				"schema": []
			},
			"dependsOn": []
		},
		{
			"name": "[concat(parameters('factoryName'), '/SNK_SNOW_FLATFILE_DIMMEMBERTYPE')]",
			"type": "Microsoft.DataFactory/factories/datasets",
			"apiVersion": "2018-06-01",
			"properties": {
				"linkedServiceName": {
					"referenceName": "AzureBlob_PFSNOWINT",
					"type": "LinkedServiceReference"
				},
				"annotations": [],
				"type": "DelimitedText",
				"typeProperties": {
					"location": {
						"type": "AzureBlobStorageLocation",
						"fileName": {
							"value": "@concat('DIM_MEMBER_TYPE_',formatDatetime(utcnow(),'yyyy-MM-dd_hh:mm:ss'),'.csv')",
							"type": "Expression"
						},
						"folderPath": "DIMMEMBERTYPE",
						"container": "snowuat"
					},
					"columnDelimiter": ",",
					"escapeChar": "\\",
					"quoteChar": "\""
				},
				"schema": []
			},
			"dependsOn": []
		},
		{
			"name": "[concat(parameters('factoryName'), '/SNK_SNOW_FLATFILE_DIMMEMBERTYPETOLKUP')]",
			"type": "Microsoft.DataFactory/factories/datasets",
			"apiVersion": "2018-06-01",
			"properties": {
				"linkedServiceName": {
					"referenceName": "AzureBlob_PFSNOWINT",
					"type": "LinkedServiceReference"
				},
				"annotations": [],
				"type": "DelimitedText",
				"typeProperties": {
					"location": {
						"type": "AzureBlobStorageLocation",
						"fileName": {
							"value": "@concat('DIM_MEMBER_TYPE_TO_LKUP_',formatDatetime(utcnow(),'yyyy-MM-dd_hh:mm:ss'),'.csv')",
							"type": "Expression"
						},
						"folderPath": "DIMMEMBERTYPETOLKUP",
						"container": "snowuat"
					},
					"columnDelimiter": ",",
					"escapeChar": "\\",
					"quoteChar": "\""
				},
				"schema": []
			},
			"dependsOn": []
		},
		{
			"name": "[concat(parameters('factoryName'), '/SNK_SNOW_FLATFILE_DIMOFFER')]",
			"type": "Microsoft.DataFactory/factories/datasets",
			"apiVersion": "2018-06-01",
			"properties": {
				"linkedServiceName": {
					"referenceName": "AzureBlob_PFSNOWINT",
					"type": "LinkedServiceReference"
				},
				"annotations": [],
				"type": "DelimitedText",
				"typeProperties": {
					"location": {
						"type": "AzureBlobStorageLocation",
						"fileName": {
							"value": "@concat('DIM_OFFER_',formatDatetime(utcnow(),'yyyy-MM-dd_hh:mm:ss'),'.csv')",
							"type": "Expression"
						},
						"folderPath": "DIMOFFER",
						"container": "snowuat"
					},
					"columnDelimiter": ",",
					"escapeChar": "\\",
					"quoteChar": "\""
				},
				"schema": []
			},
			"dependsOn": []
		},
		{
			"name": "[concat(parameters('factoryName'), '/SNK_SNOW_FLATFILE_DIMPAYMENTCODE')]",
			"type": "Microsoft.DataFactory/factories/datasets",
			"apiVersion": "2018-06-01",
			"properties": {
				"linkedServiceName": {
					"referenceName": "AzureBlob_PFSNOWINT",
					"type": "LinkedServiceReference"
				},
				"annotations": [],
				"type": "DelimitedText",
				"typeProperties": {
					"location": {
						"type": "AzureBlobStorageLocation",
						"fileName": {
							"value": "@concat('DIM_PAYMENT_CODE_',formatDatetime(utcnow(),'yyyy-MM-dd_hh:mm:ss'),'.csv')",
							"type": "Expression"
						},
						"folderPath": "DIMPAYMENTCODE",
						"container": "snowuat"
					},
					"columnDelimiter": ",",
					"escapeChar": "\\",
					"quoteChar": "\""
				},
				"schema": []
			},
			"dependsOn": []
		},
		{
			"name": "[concat(parameters('factoryName'), '/SNK_SNOW_FLATFILE_DIMPROFITCENTER')]",
			"type": "Microsoft.DataFactory/factories/datasets",
			"apiVersion": "2018-06-01",
			"properties": {
				"linkedServiceName": {
					"referenceName": "AzureBlob_PFSNOWINT",
					"type": "LinkedServiceReference"
				},
				"annotations": [],
				"type": "DelimitedText",
				"typeProperties": {
					"location": {
						"type": "AzureBlobStorageLocation",
						"fileName": {
							"value": "@concat('DIM_PROFIT_CENTER_',formatDatetime(utcnow(),'yyyy-MM-dd_hh:mm:ss'),'.csv')",
							"type": "Expression"
						},
						"folderPath": "DIMPROFITCENTER",
						"container": "snowuat"
					},
					"columnDelimiter": ",",
					"escapeChar": "\\",
					"quoteChar": "\""
				},
				"schema": []
			},
			"dependsOn": []
		},
		{
			"name": "[concat(parameters('factoryName'), '/SNK_SNOW_FLATFILE_DIMPROSPECT')]",
			"type": "Microsoft.DataFactory/factories/datasets",
			"apiVersion": "2018-06-01",
			"properties": {
				"linkedServiceName": {
					"referenceName": "AzureBlob_PFSNOWINT",
					"type": "LinkedServiceReference"
				},
				"annotations": [],
				"type": "DelimitedText",
				"typeProperties": {
					"location": {
						"type": "AzureBlobStorageLocation",
						"fileName": {
							"value": "@concat('DIM_PROSPECT_',formatDatetime(utcnow(),'yyyy-MM-dd_hh:mm:ss'),'.csv')",
							"type": "Expression"
						},
						"folderPath": "DIMPROSPECT",
						"container": "snowuat"
					},
					"columnDelimiter": "^",
					"escapeChar": "",
					"quoteChar": ""
				},
				"schema": []
			},
			"dependsOn": []
		},
		{
			"name": "[concat(parameters('factoryName'), '/SNK_SNOW_FLATFILE_DIMSALESPERSON')]",
			"type": "Microsoft.DataFactory/factories/datasets",
			"apiVersion": "2018-06-01",
			"properties": {
				"linkedServiceName": {
					"referenceName": "AzureBlob_PFSNOWINT",
					"type": "LinkedServiceReference"
				},
				"annotations": [],
				"type": "DelimitedText",
				"typeProperties": {
					"location": {
						"type": "AzureBlobStorageLocation",
						"fileName": {
							"value": "@concat('DIM_SALES_PERSON_',formatDatetime(utcnow(),'yyyy-MM-dd_hh:mm:ss'),'.csv')",
							"type": "Expression"
						},
						"folderPath": "DIMSALESPERSON",
						"container": "snowuat"
					},
					"columnDelimiter": ",",
					"escapeChar": "\\",
					"quoteChar": "\""
				},
				"schema": []
			},
			"dependsOn": []
		},
		{
			"name": "[concat(parameters('factoryName'), '/SNK_SNOW_FLATFILE_DIMSTATUSCODE')]",
			"type": "Microsoft.DataFactory/factories/datasets",
			"apiVersion": "2018-06-01",
			"properties": {
				"linkedServiceName": {
					"referenceName": "AzureBlob_PFSNOWINT",
					"type": "LinkedServiceReference"
				},
				"annotations": [],
				"type": "DelimitedText",
				"typeProperties": {
					"location": {
						"type": "AzureBlobStorageLocation",
						"fileName": {
							"value": "@concat('DIM_STATUS_CODE_',formatDatetime(utcnow(),'yyyy-MM-dd_hh:mm:ss_hh:mm:ss'),'.csv')",
							"type": "Expression"
						},
						"folderPath": "DIMSTATUSCODE",
						"container": "snowuat"
					},
					"columnDelimiter": ",",
					"escapeChar": "\\",
					"quoteChar": "\""
				},
				"schema": []
			},
			"dependsOn": []
		},
		{
			"name": "[concat(parameters('factoryName'), '/SNK_SNOW_FLATFILE_DIMSTATUSCODEACTIONTYPELKUP')]",
			"type": "Microsoft.DataFactory/factories/datasets",
			"apiVersion": "2018-06-01",
			"properties": {
				"linkedServiceName": {
					"referenceName": "AzureBlob_PFSNOWINT",
					"type": "LinkedServiceReference"
				},
				"annotations": [],
				"type": "DelimitedText",
				"typeProperties": {
					"location": {
						"type": "AzureBlobStorageLocation",
						"fileName": {
							"value": "@concat('DIM_STATUS_CODE_ACTION_TYPE_LKUP_',formatDatetime(utcnow(),'yyyy-MM-dd_hh:mm:ss'),'.csv')",
							"type": "Expression"
						},
						"folderPath": " DIMSTATUSCODEACTIONTYPELKUP",
						"container": "snowuat"
					},
					"columnDelimiter": ",",
					"escapeChar": "\\",
					"quoteChar": "\""
				},
				"schema": []
			},
			"dependsOn": []
		},
		{
			"name": "[concat(parameters('factoryName'), '/SNK_SNOW_FLATFILE_DimStatusCodeToLKUP')]",
			"type": "Microsoft.DataFactory/factories/datasets",
			"apiVersion": "2018-06-01",
			"properties": {
				"linkedServiceName": {
					"referenceName": "AzureBlob_PFSNOWINT",
					"type": "LinkedServiceReference"
				},
				"annotations": [],
				"type": "DelimitedText",
				"typeProperties": {
					"location": {
						"type": "AzureBlobStorageLocation",
						"fileName": {
							"value": "@concat('DIM_Status_Code_To_LKUP_',formatDatetime(utcnow(),'yyyy-MM-dd_hh:mm:ss'),'.csv')",
							"type": "Expression"
						},
						"folderPath": "DIMSTATUSCODETOLKUP",
						"container": "snowuat"
					},
					"columnDelimiter": ",",
					"escapeChar": "\\",
					"quoteChar": "\""
				},
				"schema": []
			},
			"dependsOn": []
		}
	]
}