{
	"$schema": "http://schema.management.azure.com/schemas/2015-01-01/deploymentTemplate.json#",
	"contentVersion": "1.0.0.0",
	"parameters": {
		"factoryName": {
			"type": "string",
			"metadata": "Data Factory name",
			"defaultValue": "PlanetFitnessDF"
		}
	},
	"variables": {
		"factoryId": "[concat('Microsoft.DataFactory/factories/', parameters('factoryName'))]"
	},
	"resources": [
		{
			"name": "[concat(parameters('factoryName'), '/RPT_NZ_ADD_TYPE_DIM')]",
			"type": "Microsoft.DataFactory/factories/datasets",
			"apiVersion": "2018-06-01",
			"properties": {
				"linkedServiceName": {
					"referenceName": "Snowflake1",
					"type": "LinkedServiceReference"
				},
				"annotations": [],
				"type": "SnowflakeTable",
				"schema": [
					{
						"name": "ADD_TYPE",
						"type": "VARCHAR",
						"precision": 0,
						"scale": 0
					},
					{
						"name": "CHANNEL",
						"type": "VARCHAR",
						"precision": 0,
						"scale": 0
					},
					{
						"name": "ADD_TYPE_SID",
						"type": "NUMBER",
						"precision": 38,
						"scale": 0
					},
					{
						"name": "TOTALADDTYPECOUNT",
						"type": "NUMBER",
						"precision": 18,
						"scale": 0
					}
				],
				"typeProperties": {
					"schema": "EDW",
					"table": "RPT_NZ_ADD_TYPE_DIM"
				}
			},
			"dependsOn": []
		},
		{
			"name": "[concat(parameters('factoryName'), '/RPT_NZ_AMENITY_DIM')]",
			"type": "Microsoft.DataFactory/factories/datasets",
			"apiVersion": "2018-06-01",
			"properties": {
				"linkedServiceName": {
					"referenceName": "Snowflake1",
					"type": "LinkedServiceReference"
				},
				"annotations": [],
				"type": "SnowflakeTable",
				"schema": [
					{
						"name": "AMENITY_DESC",
						"type": "VARCHAR",
						"precision": 0,
						"scale": 0
					},
					{
						"name": "AMENITY_STATUS",
						"type": "VARCHAR",
						"precision": 0,
						"scale": 0
					},
					{
						"name": "AMENITY_CATEGORY",
						"type": "VARCHAR",
						"precision": 0,
						"scale": 0
					},
					{
						"name": "TOTALAMENITYCOUNT",
						"type": "NUMBER",
						"precision": 18,
						"scale": 0
					}
				],
				"typeProperties": {
					"schema": "EDW",
					"table": "RPT_NZ_AMENITY_DIM"
				}
			},
			"dependsOn": []
		},
		{
			"name": "[concat(parameters('factoryName'), '/RPT_NZ_CATALOGUE_ITEM_DIM')]",
			"type": "Microsoft.DataFactory/factories/datasets",
			"apiVersion": "2018-06-01",
			"properties": {
				"linkedServiceName": {
					"referenceName": "Snowflake1",
					"type": "LinkedServiceReference"
				},
				"annotations": [],
				"type": "SnowflakeTable",
				"schema": [
					{
						"name": "CATALOGUE_ITEM_SNK",
						"type": "VARCHAR",
						"precision": 0,
						"scale": 0
					},
					{
						"name": "ITEM_NAME",
						"type": "VARCHAR",
						"precision": 0,
						"scale": 0
					},
					{
						"name": "ACTIVE_FLAG",
						"type": "NUMBER",
						"precision": 38,
						"scale": 0
					},
					{
						"name": "PROFIT_CENTER_GROUP",
						"type": "VARCHAR",
						"precision": 0,
						"scale": 0
					},
					{
						"name": "TOTALCOUNT",
						"type": "NUMBER",
						"precision": 18,
						"scale": 0
					}
				],
				"typeProperties": {
					"schema": "EDW",
					"table": "RPT_NZ_CATALOGUE_ITEM_DIM"
				}
			},
			"dependsOn": []
		},
		{
			"name": "[concat(parameters('factoryName'), '/RPT_NZ_CATALOGUE_ITEM_SALES_FACT')]",
			"type": "Microsoft.DataFactory/factories/datasets",
			"apiVersion": "2018-06-01",
			"properties": {
				"linkedServiceName": {
					"referenceName": "Snowflake1",
					"type": "LinkedServiceReference"
				},
				"annotations": [],
				"type": "SnowflakeTable",
				"schema": [
					{
						"name": "MEMBER_SNK",
						"type": "NUMBER",
						"precision": 38,
						"scale": 0
					},
					{
						"name": "CLUB_SNK",
						"type": "NUMBER",
						"precision": 38,
						"scale": 0
					},
					{
						"name": "CATALOGUE_ITEM_SNK",
						"type": "NUMBER",
						"precision": 38,
						"scale": 0
					},
					{
						"name": "TRANSACTION_DATE",
						"type": "TIMESTAMP_NTZ",
						"precision": 29,
						"scale": 9
					},
					{
						"name": "INCOME_TOTAL",
						"type": "NUMBER",
						"precision": 38,
						"scale": 2
					},
					{
						"name": "TOTALFACTCATALOGUEITEMSALESCOUNT",
						"type": "NUMBER",
						"precision": 18,
						"scale": 0
					}
				],
				"typeProperties": {
					"schema": "EDW",
					"table": "RPT_NZ_CATALOGUE_ITEM_SALES_FACT"
				}
			},
			"dependsOn": []
		},
		{
			"name": "[concat(parameters('factoryName'), '/RPT_NZ_CHECKIN_ALERT_DIM')]",
			"type": "Microsoft.DataFactory/factories/datasets",
			"apiVersion": "2018-06-01",
			"properties": {
				"linkedServiceName": {
					"referenceName": "Snowflake1",
					"type": "LinkedServiceReference"
				},
				"annotations": [],
				"type": "SnowflakeTable",
				"schema": [
					{
						"name": "CHECK_IN_ALERT",
						"type": "VARCHAR",
						"precision": 0,
						"scale": 0
					},
					{
						"name": "CHECK_IN_ALERT_DESCRIPTION",
						"type": "VARCHAR",
						"precision": 0,
						"scale": 0
					},
					{
						"name": "TOTALCOUNT",
						"type": "NUMBER",
						"precision": 18,
						"scale": 0
					}
				],
				"typeProperties": {
					"schema": "EDW",
					"table": "RPT_NZ_CHECKIN_ALERT_DIM"
				}
			},
			"dependsOn": []
		},
		{
			"name": "[concat(parameters('factoryName'), '/RPT_NZ_CHECKIN_ENTRY_CODE_LKUP3')]",
			"type": "Microsoft.DataFactory/factories/datasets",
			"apiVersion": "2018-06-01",
			"properties": {
				"linkedServiceName": {
					"referenceName": "Snowflake1",
					"type": "LinkedServiceReference"
				},
				"annotations": [],
				"type": "SnowflakeTable",
				"schema": [
					{
						"name": "CHECKIN_ENTRY_STATUS_CODE",
						"type": "VARCHAR",
						"precision": 0,
						"scale": 0
					},
					{
						"name": "CHECKIN_ENTRY_STATUS_CODE_DESCRIPTION",
						"type": "VARCHAR",
						"precision": 0,
						"scale": 0
					},
					{
						"name": "TOTALCOUNT",
						"type": "NUMBER",
						"precision": 18,
						"scale": 0
					}
				],
				"typeProperties": {
					"schema": "EDW",
					"table": "RPT_NZ_CHECKIN_ENTRY_CODE_LKUP"
				}
			},
			"dependsOn": []
		},
		{
			"name": "[concat(parameters('factoryName'), '/RPT_NZ_CORPORATE_MEMBERSHIP_PROMO_CODES_LKUP')]",
			"type": "Microsoft.DataFactory/factories/datasets",
			"apiVersion": "2018-06-01",
			"properties": {
				"linkedServiceName": {
					"referenceName": "Snowflake1",
					"type": "LinkedServiceReference"
				},
				"annotations": [],
				"type": "SnowflakeTable",
				"schema": [
					{
						"name": "COMPANY_NAME",
						"type": "VARCHAR",
						"precision": 0,
						"scale": 0
					},
					{
						"name": "PROMO_CODE",
						"type": "VARCHAR",
						"precision": 0,
						"scale": 0
					},
					{
						"name": "PAY_TYPE",
						"type": "VARCHAR",
						"precision": 0,
						"scale": 0
					},
					{
						"name": "TOTALCOUNT",
						"type": "NUMBER",
						"precision": 18,
						"scale": 0
					}
				],
				"typeProperties": {
					"schema": "EDW",
					"table": "RPT_NZ_CORPORATE_MEMBERSHIP_PROMO_CODES_LKUP"
				}
			},
			"dependsOn": []
		},
		{
			"name": "[concat(parameters('factoryName'), '/RPT_NZ_INVOICE_TYPE_LKUP')]",
			"type": "Microsoft.DataFactory/factories/datasets",
			"apiVersion": "2018-06-01",
			"properties": {
				"linkedServiceName": {
					"referenceName": "Snowflake1",
					"type": "LinkedServiceReference"
				},
				"annotations": [],
				"type": "SnowflakeTable",
				"schema": [
					{
						"name": "INVOICE_TYPE",
						"type": "VARCHAR",
						"precision": 0,
						"scale": 0
					},
					{
						"name": "INVOICE_TYPE_DESCRIPTION",
						"type": "VARCHAR",
						"precision": 0,
						"scale": 0
					},
					{
						"name": "TOTALINVOICECOUNT",
						"type": "NUMBER",
						"precision": 18,
						"scale": 0
					}
				],
				"typeProperties": {
					"schema": "EDW",
					"table": "RPT_NZ_INVOICE_TYPE_LKUP"
				}
			},
			"dependsOn": []
		},
		{
			"name": "[concat(parameters('factoryName'), '/RPT_NZ_MEMBER_ACTIONS_FACT')]",
			"type": "Microsoft.DataFactory/factories/datasets",
			"apiVersion": "2018-06-01",
			"properties": {
				"linkedServiceName": {
					"referenceName": "Snowflake1",
					"type": "LinkedServiceReference"
				},
				"annotations": [],
				"type": "SnowflakeTable",
				"schema": [
					{
						"name": "MEMBER_SNK",
						"type": "NUMBER",
						"precision": 38,
						"scale": 0
					},
					{
						"name": "ADD_TYPE_SID",
						"type": "NUMBER",
						"precision": 38,
						"scale": 0
					},
					{
						"name": "TYPE_OF_ACTION",
						"type": "VARCHAR",
						"precision": 0,
						"scale": 0
					},
					{
						"name": "TOTALMEMBERACTIONCOUNT",
						"type": "NUMBER",
						"precision": 18,
						"scale": 0
					}
				],
				"typeProperties": {
					"schema": "EDW",
					"table": "RPT_NZ_MEMBER_ACTIONS_FACT"
				}
			},
			"dependsOn": []
		},
		{
			"name": "[concat(parameters('factoryName'), '/RPT_NZ_MEMBER_ACTIONS_FACT_TYPE')]",
			"type": "Microsoft.DataFactory/factories/datasets",
			"apiVersion": "2018-06-01",
			"properties": {
				"linkedServiceName": {
					"referenceName": "Snowflake1",
					"type": "LinkedServiceReference"
				},
				"annotations": [],
				"type": "SnowflakeTable",
				"schema": [
					{
						"name": "CLUB_NUMBER",
						"type": "VARCHAR",
						"precision": 0,
						"scale": 0
					},
					{
						"name": "ACTION_DATE_SID",
						"type": "NUMBER",
						"precision": 38,
						"scale": 0
					},
					{
						"name": "TYPE_OF_ACTION",
						"type": "VARCHAR",
						"precision": 0,
						"scale": 0
					},
					{
						"name": "ACTIONTYPECOUNT",
						"type": "NUMBER",
						"precision": 18,
						"scale": 0
					}
				],
				"typeProperties": {
					"schema": "EDW",
					"table": "RPT_NZ_MEMBER_ACTIONS_FACT_TYPE"
				}
			},
			"dependsOn": []
		},
		{
			"name": "[concat(parameters('factoryName'), '/RPT_NZ_MEMBER_DIM_ADD_TYPE')]",
			"type": "Microsoft.DataFactory/factories/datasets",
			"apiVersion": "2018-06-01",
			"properties": {
				"linkedServiceName": {
					"referenceName": "Snowflake1",
					"type": "LinkedServiceReference"
				},
				"annotations": [],
				"type": "SnowflakeTable",
				"schema": [
					{
						"name": "ADD_TYPE",
						"type": "VARCHAR",
						"precision": 0,
						"scale": 0
					},
					{
						"name": "MEMADDCOUNT",
						"type": "NUMBER",
						"precision": 18,
						"scale": 0
					}
				],
				"typeProperties": {
					"schema": "EDW",
					"table": "RPT_NZ_MEMBER_DIM_ADD_TYPE"
				}
			},
			"dependsOn": []
		},
		{
			"name": "[concat(parameters('factoryName'), '/RPT_NZ_MEMBER_DIM_BIG_MEMBER')]",
			"type": "Microsoft.DataFactory/factories/datasets",
			"apiVersion": "2018-06-01",
			"properties": {
				"linkedServiceName": {
					"referenceName": "Snowflake1",
					"type": "LinkedServiceReference"
				},
				"annotations": [],
				"type": "SnowflakeTable",
				"schema": [
					{
						"name": "MEMBER_TYPE",
						"type": "VARCHAR",
						"precision": 0,
						"scale": 0
					},
					{
						"name": "ADD_TYPE",
						"type": "VARCHAR",
						"precision": 0,
						"scale": 0
					},
					{
						"name": "CLUB_NUMBER",
						"type": "VARCHAR",
						"precision": 0,
						"scale": 0
					},
					{
						"name": "PAYMENT_MODE",
						"type": "VARCHAR",
						"precision": 0,
						"scale": 0
					},
					{
						"name": "STATUS_CODE",
						"type": "VARCHAR",
						"precision": 0,
						"scale": 0
					},
					{
						"name": "MEMCLUBCOUNT",
						"type": "NUMBER",
						"precision": 18,
						"scale": 0
					}
				],
				"typeProperties": {
					"schema": "EDW",
					"table": "RPT_NZ_MEMBER_DIM_BIG_MEMBER"
				}
			},
			"dependsOn": []
		},
		{
			"name": "[concat(parameters('factoryName'), '/RPT_NZ_MEMBER_DIM_COUNT')]",
			"type": "Microsoft.DataFactory/factories/datasets",
			"apiVersion": "2018-06-01",
			"properties": {
				"linkedServiceName": {
					"referenceName": "Snowflake1",
					"type": "LinkedServiceReference"
				},
				"annotations": [],
				"type": "SnowflakeTable",
				"schema": [
					{
						"name": "MEMBER_NUMBER_UNIQUE",
						"type": "VARCHAR",
						"precision": 0,
						"scale": 0
					},
					{
						"name": "ADD_TYPE",
						"type": "VARCHAR",
						"precision": 0,
						"scale": 0
					},
					{
						"name": "STATUS_CODE",
						"type": "VARCHAR",
						"precision": 0,
						"scale": 0
					},
					{
						"name": "IS_ACTIVE",
						"type": "NUMBER",
						"precision": 38,
						"scale": 0
					},
					{
						"name": "TOTALCOUNT",
						"type": "NUMBER",
						"precision": 18,
						"scale": 0
					}
				],
				"typeProperties": {
					"schema": "EDW",
					"table": "RPT_NZ_MEMBER_DIM_COUNT"
				}
			},
			"dependsOn": []
		},
		{
			"name": "[concat(parameters('factoryName'), '/RPT_NZ_MEMBER_DIM_MEMBER_TYPE')]",
			"type": "Microsoft.DataFactory/factories/datasets",
			"apiVersion": "2018-06-01",
			"properties": {
				"linkedServiceName": {
					"referenceName": "Snowflake1",
					"type": "LinkedServiceReference"
				},
				"annotations": [],
				"type": "SnowflakeTable",
				"schema": [
					{
						"name": "MEMBER_TYPE",
						"type": "VARCHAR",
						"precision": 0,
						"scale": 0
					},
					{
						"name": "MEMTYPECOUNT",
						"type": "NUMBER",
						"precision": 18,
						"scale": 0
					}
				],
				"typeProperties": {
					"schema": "EDW",
					"table": "RPT_NZ_MEMBER_DIM_MEMBER_TYPE"
				}
			},
			"dependsOn": []
		},
		{
			"name": "[concat(parameters('factoryName'), '/RPT_NZ_MEMBER_DIM_MONTHLY_DUES')]",
			"type": "Microsoft.DataFactory/factories/datasets",
			"apiVersion": "2018-06-01",
			"properties": {
				"linkedServiceName": {
					"referenceName": "Snowflake1",
					"type": "LinkedServiceReference"
				},
				"annotations": [],
				"type": "SnowflakeTable",
				"schema": [
					{
						"name": "MONTHDUESUM",
						"type": "FLOAT",
						"precision": 15,
						"scale": 0
					}
				],
				"typeProperties": {
					"schema": "EDW",
					"table": "RPT_NZ_MEMBER_DIM_MONTHLY_DUES"
				}
			},
			"dependsOn": []
		},
		{
			"name": "[concat(parameters('factoryName'), '/RPT_NZ_MEMBER_DIM_PAYMENT_TYPE')]",
			"type": "Microsoft.DataFactory/factories/datasets",
			"apiVersion": "2018-06-01",
			"properties": {
				"linkedServiceName": {
					"referenceName": "Snowflake1",
					"type": "LinkedServiceReference"
				},
				"annotations": [],
				"type": "SnowflakeTable",
				"schema": [
					{
						"name": "PAYMENT_MODE",
						"type": "VARCHAR",
						"precision": 0,
						"scale": 0
					},
					{
						"name": "MEMPAYMENTCOUNT",
						"type": "NUMBER",
						"precision": 18,
						"scale": 0
					}
				],
				"typeProperties": {
					"schema": "EDW",
					"table": "RPT_NZ_MEMBER_DIM_PAYMENT_TYPE"
				}
			},
			"dependsOn": []
		},
		{
			"name": "[concat(parameters('factoryName'), '/RPT_NZ_MEMBER_INVOICES_FACT')]",
			"type": "Microsoft.DataFactory/factories/datasets",
			"apiVersion": "2018-06-01",
			"properties": {
				"linkedServiceName": {
					"referenceName": "Snowflake1",
					"type": "LinkedServiceReference"
				},
				"annotations": [],
				"type": "SnowflakeTable",
				"schema": [
					{
						"name": "MEMBER_NUMBER_UNIQUE",
						"type": "VARCHAR",
						"precision": 0,
						"scale": 0
					},
					{
						"name": "INVOICE_TYPE",
						"type": "VARCHAR",
						"precision": 0,
						"scale": 0
					},
					{
						"name": "INVOICE_AMOUNT",
						"type": "NUMBER",
						"precision": 38,
						"scale": 2
					},
					{
						"name": "TOTALFACTMEMBERINVOICESCOUNT",
						"type": "NUMBER",
						"precision": 18,
						"scale": 0
					}
				],
				"typeProperties": {
					"schema": "EDW",
					"table": "RPT_NZ_MEMBER_INVOICES_FACT"
				}
			},
			"dependsOn": []
		},
		{
			"name": "[concat(parameters('factoryName'), '/RPT_NZ_MEMBER_USAGE_FACT')]",
			"type": "Microsoft.DataFactory/factories/datasets",
			"apiVersion": "2018-06-01",
			"properties": {
				"linkedServiceName": {
					"referenceName": "Snowflake1",
					"type": "LinkedServiceReference"
				},
				"annotations": [],
				"type": "SnowflakeTable",
				"schema": [
					{
						"name": "MEMBER_NUMBER_UNIQUE",
						"type": "VARCHAR",
						"precision": 0,
						"scale": 0
					},
					{
						"name": "HOME_CLUB_SNK",
						"type": "NUMBER",
						"precision": 38,
						"scale": 0
					},
					{
						"name": "VISIT_DATE_TIME",
						"type": "TIMESTAMP_NTZ",
						"precision": 29,
						"scale": 9
					},
					{
						"name": "TYPE_OF_CHECKIN_OR_AMENITY",
						"type": "VARCHAR",
						"precision": 0,
						"scale": 0
					},
					{
						"name": "TOTALMEMBERUSAGECOUNT",
						"type": "NUMBER",
						"precision": 18,
						"scale": 0
					}
				],
				"typeProperties": {
					"schema": "EDW",
					"table": "RPT_NZ_MEMBER_USAGE_FACT"
				}
			},
			"dependsOn": []
		},
		{
			"name": "[concat(parameters('factoryName'), '/RPT_NZ_OFFER_DIM')]",
			"type": "Microsoft.DataFactory/factories/datasets",
			"apiVersion": "2018-06-01",
			"properties": {
				"linkedServiceName": {
					"referenceName": "Snowflake1",
					"type": "LinkedServiceReference"
				},
				"annotations": [],
				"type": "SnowflakeTable",
				"schema": [
					{
						"name": "OFFER_SNK",
						"type": "NUMBER",
						"precision": 38,
						"scale": 0
					},
					{
						"name": "MEMBER_TYPE_SID",
						"type": "NUMBER",
						"precision": 38,
						"scale": 0
					},
					{
						"name": "SPECIAL_OFFER_ID",
						"type": "VARCHAR",
						"precision": 0,
						"scale": 0
					},
					{
						"name": "TOTAOFFERLCOUNT",
						"type": "NUMBER",
						"precision": 18,
						"scale": 0
					}
				],
				"typeProperties": {
					"schema": "EDW",
					"table": "RPT_NZ_OFFER_DIM"
				}
			},
			"dependsOn": []
		},
		{
			"name": "[concat(parameters('factoryName'), '/RPT_NZ_PAYMENT_CODE_DIM')]",
			"type": "Microsoft.DataFactory/factories/datasets",
			"apiVersion": "2018-06-01",
			"properties": {
				"linkedServiceName": {
					"referenceName": "Snowflake1",
					"type": "LinkedServiceReference"
				},
				"annotations": [],
				"type": "SnowflakeTable",
				"schema": [
					{
						"name": "PAYMENT_CODE",
						"type": "VARCHAR",
						"precision": 0,
						"scale": 0
					},
					{
						"name": "PAYMENT_CODE_DESC",
						"type": "VARCHAR",
						"precision": 0,
						"scale": 0
					},
					{
						"name": "PAYMENT_CODE_TYPE",
						"type": "VARCHAR",
						"precision": 0,
						"scale": 0
					},
					{
						"name": "TOTALPAYMENTCOUNT",
						"type": "NUMBER",
						"precision": 18,
						"scale": 0
					}
				],
				"typeProperties": {
					"schema": "EDW",
					"table": "RPT_NZ_PAYMENT_CODE_DIM"
				}
			},
			"dependsOn": []
		}
	]
}