{
	"$schema": "http://schema.management.azure.com/schemas/2015-01-01/deploymentTemplate.json#",
	"contentVersion": "1.0.0.0",
	"parameters": {
		"factoryName": {
			"type": "string",
			"metadata": "Data Factory name",
			"defaultValue": "PlanetFitnessDF"
		},
		"AZURE_BLOB_STORAGE_SNOWDEV_connectionString": {
			"type": "secureString",
			"metadata": "Secure string for 'connectionString' of 'AZURE_BLOB_STORAGE_SNOWDEV'"
		},
		"AzureBlob_connectionString": {
			"type": "secureString",
			"metadata": "Secure string for 'connectionString' of 'AzureBlob'"
		},
		"AzureBlobStorage1_connectionString": {
			"type": "secureString",
			"metadata": "Secure string for 'connectionString' of 'AzureBlobStorage1'"
		},
		"AzureDataLakeStorage1_accountKey": {
			"type": "secureString",
			"metadata": "Secure string for 'accountKey' of 'AzureDataLakeStorage1'"
		},
		"integrationRuntimeSSISPF_properties_typeProperties_ssisProperties_catalogInfo_catalogServerEndpoint": {
			"type": "string",
			"defaultValue": "fitnessbidb1.database.windows.net"
		},
		"integrationRuntimeSSISPF_properties_typeProperties_ssisProperties_catalogInfo_catalogAdminUserName": {
			"type": "string",
			"defaultValue": "FBIADMIN"
		},
		"integrationRuntimeSSISPF_properties_typeProperties_ssisProperties_catalogInfo_catalogAdminPassword": {
			"type": "secureString"
		},
		"integrationRuntimepf_properties_typeProperties_linkedInfo_resourceId": {
			"type": "string",
			"defaultValue": "/subscriptions/11423360-c96a-4d92-8e58-806b30cd5e72/resourcegroups/ABC_TEST/providers/Microsoft.DataFactory/factories/DatafactoryABCtesting/integrationruntimes/integrationRuntime1"
		},
		"AZURE_BLOB_STORAGE_sasUri": {
			"type": "secureString",
			"metadata": "Secure string for 'sasUri' of 'AZURE_BLOB_STORAGE'"
		},
		"AzureBlob_PFSNOWINT_sasUri": {
			"type": "secureString",
			"metadata": "Secure string for 'sasUri' of 'AzureBlob_PFSNOWINT'"
		},
		"AzureDataLakeStorage1_properties_typeProperties_url": {
			"type": "string",
			"defaultValue": "https://pfunited.dfs.core.windows.net/"
		}
	},
	"variables": {
		"factoryId": "[concat('Microsoft.DataFactory/factories/', parameters('factoryName'))]"
	},
	"resources": [
		{
			"name": "[concat(parameters('factoryName'), '/Trigger Load_Source_Oracle_Group3')]",
			"type": "Microsoft.DataFactory/factories/triggers",
			"apiVersion": "2018-06-01",
			"properties": {
				"description": "Trigger Load_Source_Oracle_Group3 Schedule",
				"annotations": [],
				"runtimeState": "Stopped",
				"pipelines": [],
				"type": "ScheduleTrigger",
				"typeProperties": {
					"recurrence": {
						"frequency": "Hour",
						"interval": 5,
						"startTime": "2022-12-27T14:23:00Z",
						"timeZone": "UTC"
					}
				}
			},
			"dependsOn": []
		},
		{
			"name": "[concat(parameters('factoryName'), '/Trigger_5sa')]",
			"type": "Microsoft.DataFactory/factories/triggers",
			"apiVersion": "2018-06-01",
			"properties": {
				"annotations": [],
				"runtimeState": "Stopped",
				"pipelines": [],
				"type": "ScheduleTrigger",
				"typeProperties": {
					"recurrence": {
						"frequency": "Hour",
						"interval": 6,
						"startTime": "2021-07-09T18:40:00Z",
						"timeZone": "UTC"
					}
				}
			},
			"dependsOn": []
		},
		{
			"name": "[concat(parameters('factoryName'), '/Trigger_9ug')]",
			"type": "Microsoft.DataFactory/factories/triggers",
			"apiVersion": "2018-06-01",
			"properties": {
				"annotations": [],
				"runtimeState": "Stopped",
				"type": "TumblingWindowTrigger",
				"typeProperties": {
					"frequency": "Hour",
					"interval": 1,
					"startTime": "2021-07-09T16:18:00Z",
					"delay": "00:00:00",
					"maxConcurrency": 50,
					"retryPolicy": {
						"intervalInSeconds": 30
					},
					"dependsOn": []
				}
			},
			"dependsOn": []
		},
		{
			"name": "[concat(parameters('factoryName'), '/Trigger_kys')]",
			"type": "Microsoft.DataFactory/factories/triggers",
			"apiVersion": "2018-06-01",
			"properties": {
				"annotations": [],
				"runtimeState": "Stopped",
				"type": "TumblingWindowTrigger",
				"typeProperties": {
					"frequency": "Hour",
					"interval": 1,
					"startTime": "2021-07-06T19:48:00Z",
					"delay": "00:00:00",
					"maxConcurrency": 50,
					"retryPolicy": {
						"intervalInSeconds": 30
					},
					"dependsOn": []
				}
			},
			"dependsOn": []
		},
		{
			"name": "[concat(parameters('factoryName'), '/Trigger_qbx')]",
			"type": "Microsoft.DataFactory/factories/triggers",
			"apiVersion": "2018-06-01",
			"properties": {
				"annotations": [],
				"runtimeState": "Stopped",
				"type": "TumblingWindowTrigger",
				"typeProperties": {
					"frequency": "Hour",
					"interval": 24,
					"startTime": "2021-08-02T19:47:00Z",
					"delay": "00:00:00",
					"maxConcurrency": 50,
					"retryPolicy": {
						"intervalInSeconds": 30
					},
					"dependsOn": []
				}
			},
			"dependsOn": []
		},
		{
			"name": "[concat(parameters('factoryName'), '/Trigger_z6k')]",
			"type": "Microsoft.DataFactory/factories/triggers",
			"apiVersion": "2018-06-01",
			"properties": {
				"annotations": [],
				"runtimeState": "Stopped",
				"type": "TumblingWindowTrigger",
				"typeProperties": {
					"frequency": "Hour",
					"interval": 24,
					"startTime": "2021-07-06T19:56:00Z",
					"delay": "00:00:00",
					"maxConcurrency": 50,
					"retryPolicy": {
						"intervalInSeconds": 30
					},
					"dependsOn": []
				}
			},
			"dependsOn": []
		},
		{
			"name": "[concat(parameters('factoryName'), '/intRunSnow')]",
			"type": "Microsoft.DataFactory/factories/integrationRuntimes",
			"apiVersion": "2018-06-01",
			"properties": {
				"type": "Managed",
				"typeProperties": {
					"computeProperties": {
						"location": "East US",
						"dataFlowProperties": {
							"computeType": "MemoryOptimized",
							"coreCount": 32,
							"timeToLive": 10,
							"cleanup": false
						}
					}
				}
			},
			"dependsOn": []
		},
		{
			"name": "[concat(parameters('factoryName'), '/integrationRuntime1')]",
			"type": "Microsoft.DataFactory/factories/integrationRuntimes",
			"apiVersion": "2018-06-01",
			"properties": {
				"type": "Managed",
				"typeProperties": {
					"computeProperties": {
						"location": "AutoResolve",
						"dataFlowProperties": {
							"computeType": "General",
							"coreCount": 8,
							"timeToLive": 10,
							"cleanup": false
						}
					}
				}
			},
			"dependsOn": []
		},
		{
			"name": "[concat(parameters('factoryName'), '/integrationRuntime2')]",
			"type": "Microsoft.DataFactory/factories/integrationRuntimes",
			"apiVersion": "2018-06-01",
			"properties": {
				"type": "Managed",
				"typeProperties": {
					"computeProperties": {
						"location": "AutoResolve",
						"dataFlowProperties": {
							"computeType": "General",
							"coreCount": 8,
							"timeToLive": 10,
							"cleanup": false
						}
					}
				}
			},
			"dependsOn": []
		},
		{
			"name": "[concat(parameters('factoryName'), '/integrationRuntimePFEDW')]",
			"type": "Microsoft.DataFactory/factories/integrationRuntimes",
			"apiVersion": "2018-06-01",
			"properties": {
				"type": "Managed",
				"description": "Integration Runtime for EDW Data loads only",
				"typeProperties": {
					"computeProperties": {
						"location": "West US",
						"dataFlowProperties": {
							"computeType": "General",
							"coreCount": 16,
							"timeToLive": 10,
							"cleanup": false
						}
					}
				}
			},
			"dependsOn": []
		},
		{
			"name": "[concat(parameters('factoryName'), '/integrationRuntimePFVMSNOW')]",
			"type": "Microsoft.DataFactory/factories/integrationRuntimes",
			"apiVersion": "2018-06-01",
			"properties": {
				"type": "SelfHosted",
				"typeProperties": {}
			},
			"dependsOn": []
		},
		{
			"name": "[concat(parameters('factoryName'), '/integrationRuntimeSSISPF')]",
			"type": "Microsoft.DataFactory/factories/integrationRuntimes",
			"apiVersion": "2018-06-01",
			"properties": {
				"type": "Managed",
				"description": "SSIS PF",
				"typeProperties": {
					"computeProperties": {
						"location": "East US",
						"nodeSize": "Standard_D8_v3",
						"numberOfNodes": 2,
						"maxParallelExecutionsPerNode": 8
					},
					"ssisProperties": {
						"catalogInfo": {
							"catalogServerEndpoint": "[parameters('integrationRuntimeSSISPF_properties_typeProperties_ssisProperties_catalogInfo_catalogServerEndpoint')]",
							"catalogAdminUserName": "[parameters('integrationRuntimeSSISPF_properties_typeProperties_ssisProperties_catalogInfo_catalogAdminUserName')]",
							"catalogAdminPassword": {
								"type": "SecureString",
								"value": "[parameters('integrationRuntimeSSISPF_properties_typeProperties_ssisProperties_catalogInfo_catalogAdminPassword')]"
							},
							"catalogPricingTier": "S1"
						},
						"edition": "Standard",
						"licenseType": "LicenseIncluded"
					}
				}
			},
			"dependsOn": []
		},
		{
			"name": "[concat(parameters('factoryName'), '/integrationRuntimepf')]",
			"type": "Microsoft.DataFactory/factories/integrationRuntimes",
			"apiVersion": "2018-06-01",
			"properties": {
				"type": "SelfHosted",
				"typeProperties": {
					"linkedInfo": {
						"resourceId": "[parameters('integrationRuntimepf_properties_typeProperties_linkedInfo_resourceId')]",
						"authorizationType": "Rbac"
					}
				}
			},
			"dependsOn": []
		},
		{
			"name": "[concat(parameters('factoryName'), '/default')]",
			"type": "Microsoft.DataFactory/factories/managedVirtualNetworks",
			"apiVersion": "2018-06-01",
			"properties": {},
			"dependsOn": []
		},
		{
			"name": "[concat(parameters('factoryName'), '/AZURE_BLOB_STORAGE')]",
			"type": "Microsoft.DataFactory/factories/linkedServices",
			"apiVersion": "2018-06-01",
			"properties": {
				"annotations": [],
				"type": "AzureBlobStorage",
				"typeProperties": {
					"sasUri": "[parameters('AZURE_BLOB_STORAGE_sasUri')]"
				},
				"connectVia": {
					"referenceName": "integrationRuntimePFVMSNOW",
					"type": "IntegrationRuntimeReference"
				}
			},
			"dependsOn": [
				"[concat(variables('factoryId'), '/integrationRuntimes/integrationRuntimePFVMSNOW')]"
			]
		},
		{
			"name": "[concat(parameters('factoryName'), '/AZURE_BLOB_STORAGE_SNOWDEV')]",
			"type": "Microsoft.DataFactory/factories/linkedServices",
			"apiVersion": "2018-06-01",
			"properties": {
				"annotations": [],
				"type": "AzureBlobStorage",
				"typeProperties": {
					"connectionString": "[parameters('AZURE_BLOB_STORAGE_SNOWDEV_connectionString')]"
				},
				"connectVia": {
					"referenceName": "integrationRuntimePFVMSNOW",
					"type": "IntegrationRuntimeReference"
				}
			},
			"dependsOn": [
				"[concat(variables('factoryId'), '/integrationRuntimes/integrationRuntimePFVMSNOW')]"
			]
		},
		{
			"name": "[concat(parameters('factoryName'), '/AzureBlob')]",
			"type": "Microsoft.DataFactory/factories/linkedServices",
			"apiVersion": "2018-06-01",
			"properties": {
				"annotations": [],
				"type": "AzureBlobStorage",
				"typeProperties": {
					"connectionString": "[parameters('AzureBlob_connectionString')]"
				},
				"connectVia": {
					"referenceName": "integrationRuntimePFVMSNOW",
					"type": "IntegrationRuntimeReference"
				}
			},
			"dependsOn": [
				"[concat(variables('factoryId'), '/integrationRuntimes/integrationRuntimePFVMSNOW')]"
			]
		},
		{
			"name": "[concat(parameters('factoryName'), '/AzureBlobStorage1')]",
			"type": "Microsoft.DataFactory/factories/linkedServices",
			"apiVersion": "2018-06-01",
			"properties": {
				"annotations": [],
				"type": "AzureBlobStorage",
				"typeProperties": {
					"connectionString": "[parameters('AzureBlobStorage1_connectionString')]"
				},
				"connectVia": {
					"referenceName": "integrationRuntime1",
					"type": "IntegrationRuntimeReference"
				}
			},
			"dependsOn": [
				"[concat(variables('factoryId'), '/integrationRuntimes/integrationRuntime1')]"
			]
		},
		{
			"name": "[concat(parameters('factoryName'), '/AzureBlob_PFSNOWINT')]",
			"type": "Microsoft.DataFactory/factories/linkedServices",
			"apiVersion": "2018-06-01",
			"properties": {
				"annotations": [],
				"type": "AzureBlobStorage",
				"typeProperties": {
					"sasUri": "[parameters('AzureBlob_PFSNOWINT_sasUri')]"
				},
				"connectVia": {
					"referenceName": "intRunSnow",
					"type": "IntegrationRuntimeReference"
				}
			},
			"dependsOn": [
				"[concat(variables('factoryId'), '/integrationRuntimes/intRunSnow')]"
			]
		},
		{
			"name": "[concat(parameters('factoryName'), '/AzureDataLakeStorage1')]",
			"type": "Microsoft.DataFactory/factories/linkedServices",
			"apiVersion": "2018-06-01",
			"properties": {
				"annotations": [],
				"type": "AzureBlobFS",
				"typeProperties": {
					"url": "[parameters('AzureDataLakeStorage1_properties_typeProperties_url')]",
					"accountKey": {
						"type": "SecureString",
						"value": "[parameters('AzureDataLakeStorage1_accountKey')]"
					}
				},
				"connectVia": {
					"referenceName": "integrationRuntime1",
					"type": "IntegrationRuntimeReference"
				}
			},
			"dependsOn": [
				"[concat(variables('factoryId'), '/integrationRuntimes/integrationRuntime1')]"
			]
		}
	]
}