{
	"$schema": "http://schema.management.azure.com/schemas/2015-01-01/deploymentTemplate.json#",
	"contentVersion": "1.0.0.0",
	"parameters": {
		"factoryName": {
			"type": "string",
			"metadata": "Data Factory name",
			"defaultValue": "PlanetFitnessDF"
		}
	},
	"variables": {
		"factoryId": "[concat('Microsoft.DataFactory/factories/', parameters('factoryName'))]"
	},
	"resources": [
		{
			"name": "[concat(parameters('factoryName'), '/AzureSqlTable13')]",
			"type": "Microsoft.DataFactory/factories/datasets",
			"apiVersion": "2018-06-01",
			"properties": {
				"linkedServiceName": {
					"referenceName": "fitness bi",
					"type": "LinkedServiceReference"
				},
				"annotations": [],
				"type": "AzureSqlTable",
				"schema": [],
				"typeProperties": {}
			},
			"dependsOn": []
		},
		{
			"name": "[concat(parameters('factoryName'), '/AzureSqlTable14')]",
			"type": "Microsoft.DataFactory/factories/datasets",
			"apiVersion": "2018-06-01",
			"properties": {
				"linkedServiceName": {
					"referenceName": "fitness bi",
					"type": "LinkedServiceReference"
				},
				"annotations": [],
				"type": "AzureSqlTable",
				"schema": [],
				"typeProperties": {
					"schema": "dbo",
					"table": "checkins_Debra"
				}
			},
			"dependsOn": []
		},
		{
			"name": "[concat(parameters('factoryName'), '/AzureSqlTable15')]",
			"type": "Microsoft.DataFactory/factories/datasets",
			"apiVersion": "2018-06-01",
			"properties": {
				"linkedServiceName": {
					"referenceName": "AzureSqlDatabase3",
					"type": "LinkedServiceReference"
				},
				"annotations": [],
				"type": "AzureSqlTable",
				"schema": [
					{
						"name": "VPD_ID",
						"type": "decimal",
						"precision": 6,
						"scale": 0
					},
					{
						"name": "CIL_ID",
						"type": "nvarchar"
					},
					{
						"name": "CIL_CHECKIN_DATE",
						"type": "datetime2",
						"scale": 6
					},
					{
						"name": "CIL_CHECKIN_DATE_LOCAL",
						"type": "datetime2",
						"scale": 6
					},
					{
						"name": "CIL_CHECKIN_DATE_ONLY",
						"type": "decimal",
						"precision": 8,
						"scale": 0
					},
					{
						"name": "CIL_AGREEMENT_NUM",
						"type": "nvarchar"
					},
					{
						"name": "CIL_AGREEMENT_TYPE",
						"type": "nvarchar"
					},
					{
						"name": "CIL_RENEWAL_TYPE",
						"type": "nvarchar"
					},
					{
						"name": "CIL_HAS_ALERTS",
						"type": "nvarchar"
					},
					{
						"name": "CIL_HAS_NOTES",
						"type": "nvarchar"
					},
					{
						"name": "CIL_OVERRIDE_STATE",
						"type": "nvarchar"
					},
					{
						"name": "CIL_ACKNOWLEDGED",
						"type": "nvarchar"
					},
					{
						"name": "CIL_STATION_ID",
						"type": "nvarchar"
					},
					{
						"name": "SPL_ID",
						"type": "nvarchar"
					},
					{
						"name": "TZL_ID_CHECKIN_DATE_LOCAL",
						"type": "nvarchar"
					},
					{
						"name": "M_ID",
						"type": "nvarchar"
					},
					{
						"name": "CIL_LAST_CHECKIN_DATE",
						"type": "datetime2",
						"scale": 6
					},
					{
						"name": "AH_ID",
						"type": "nvarchar"
					},
					{
						"name": "BES_ID",
						"type": "nvarchar"
					}
				],
				"typeProperties": {
					"schema": "StgDatatrak",
					"table": "STG_CHECKINLOGS_INCR"
				}
			},
			"dependsOn": []
		},
		{
			"name": "[concat(parameters('factoryName'), '/AzureSqlTable16')]",
			"type": "Microsoft.DataFactory/factories/datasets",
			"apiVersion": "2018-06-01",
			"properties": {
				"linkedServiceName": {
					"referenceName": "AzureSqlDatabase3",
					"type": "LinkedServiceReference"
				},
				"annotations": [],
				"type": "AzureSqlTable",
				"schema": [
					{
						"name": "VPD_ID",
						"type": "decimal",
						"precision": 6,
						"scale": 0
					},
					{
						"name": "CIL_ID",
						"type": "nvarchar"
					},
					{
						"name": "CIL_CHECKIN_DATE",
						"type": "datetime2",
						"scale": 6
					},
					{
						"name": "CIL_CHECKIN_DATE_LOCAL",
						"type": "datetime2",
						"scale": 6
					},
					{
						"name": "CIL_CHECKIN_DATE_ONLY",
						"type": "decimal",
						"precision": 8,
						"scale": 0
					},
					{
						"name": "CIL_AGREEMENT_NUM",
						"type": "nvarchar"
					},
					{
						"name": "CIL_AGREEMENT_TYPE",
						"type": "nvarchar"
					},
					{
						"name": "CIL_RENEWAL_TYPE",
						"type": "nvarchar"
					},
					{
						"name": "CIL_HAS_ALERTS",
						"type": "nvarchar"
					},
					{
						"name": "CIL_HAS_NOTES",
						"type": "nvarchar"
					},
					{
						"name": "CIL_OVERRIDE_STATE",
						"type": "nvarchar"
					},
					{
						"name": "CIL_ACKNOWLEDGED",
						"type": "nvarchar"
					},
					{
						"name": "CIL_STATION_ID",
						"type": "nvarchar"
					},
					{
						"name": "SPL_ID",
						"type": "nvarchar"
					},
					{
						"name": "TZL_ID_CHECKIN_DATE_LOCAL",
						"type": "nvarchar"
					},
					{
						"name": "M_ID",
						"type": "nvarchar"
					},
					{
						"name": "CIL_LAST_CHECKIN_DATE",
						"type": "datetime2",
						"scale": 6
					},
					{
						"name": "AH_ID",
						"type": "nvarchar"
					},
					{
						"name": "BES_ID",
						"type": "nvarchar"
					},
					{
						"name": "SOURCE_SYSTEM",
						"type": "nvarchar"
					},
					{
						"name": "DW_CHANGE_DATE",
						"type": "datetime",
						"precision": 23,
						"scale": 3
					}
				],
				"typeProperties": {
					"schema": "StgDatatrak",
					"table": "STG_CHECKINLOGS"
				}
			},
			"dependsOn": []
		},
		{
			"name": "[concat(parameters('factoryName'), '/AzureSqlTable17')]",
			"type": "Microsoft.DataFactory/factories/datasets",
			"apiVersion": "2018-06-01",
			"properties": {
				"linkedServiceName": {
					"referenceName": "fitness bi",
					"type": "LinkedServiceReference"
				},
				"annotations": [],
				"type": "AzureSqlTable",
				"schema": [],
				"typeProperties": {
					"schema": "dbo",
					"table": "gymsales_people"
				}
			},
			"dependsOn": []
		},
		{
			"name": "[concat(parameters('factoryName'), '/AzureSqlTable18')]",
			"type": "Microsoft.DataFactory/factories/datasets",
			"apiVersion": "2018-06-01",
			"properties": {
				"linkedServiceName": {
					"referenceName": "fitness bi",
					"type": "LinkedServiceReference"
				},
				"annotations": [],
				"type": "AzureSqlTable",
				"schema": [
					{
						"name": "MemberKey",
						"type": "bigint",
						"precision": 19
					},
					{
						"name": "MemberType",
						"type": "nvarchar"
					},
					{
						"name": "addressLine1",
						"type": "nvarchar"
					},
					{
						"name": "barcode",
						"type": "nvarchar"
					},
					{
						"name": "birthDate",
						"type": "datetime2",
						"scale": 7
					},
					{
						"name": "city",
						"type": "nvarchar"
					},
					{
						"name": "countryCode",
						"type": "nvarchar"
					},
					{
						"name": "createdTimestamp",
						"type": "datetime2",
						"scale": 7
					},
					{
						"name": "email",
						"type": "nvarchar"
					},
					{
						"name": "firstCheckInTimestamp",
						"type": "datetime2",
						"scale": 7
					},
					{
						"name": "firstName",
						"type": "nvarchar"
					},
					{
						"name": "FitBiDateCreatedUTC",
						"type": "datetime2",
						"scale": 7
					},
					{
						"name": "FitBiDateModifiedUTC",
						"type": "datetime2",
						"scale": 7
					},
					{
						"name": "Club_Key",
						"type": "bigint",
						"precision": 19
					},
					{
						"name": "gender",
						"type": "nvarchar"
					},
					{
						"name": "group",
						"type": "nvarchar"
					},
					{
						"name": "hasPhoto",
						"type": "bit"
					},
					{
						"name": "homeClub",
						"type": "nvarchar"
					},
					{
						"name": "insert_dt",
						"type": "datetime2",
						"scale": 7
					},
					{
						"name": "isActive",
						"type": "bit"
					},
					{
						"name": "isConvertedProspect",
						"type": "bit"
					},
					{
						"name": "joinStatus",
						"type": "nvarchar"
					},
					{
						"name": "lastCheckInTimestamp",
						"type": "datetime2",
						"scale": 7
					},
					{
						"name": "lastName",
						"type": "nvarchar"
					},
					{
						"name": "Id",
						"type": "nvarchar"
					},
					{
						"name": "Status",
						"type": "nvarchar"
					},
					{
						"name": "StatusDate",
						"type": "datetime2",
						"scale": 7
					},
					{
						"name": "StatusReason",
						"type": "nvarchar"
					},
					{
						"name": "personal",
						"type": "nvarchar"
					},
					{
						"name": "postalCode",
						"type": "nvarchar"
					},
					{
						"name": "state",
						"type": "nvarchar"
					},
					{
						"name": "totalCheckInCount",
						"type": "bigint",
						"precision": 19
					},
					{
						"name": "agreementEntrySource",
						"type": "nvarchar"
					},
					{
						"name": "agreementEntrySourceReportName",
						"type": "nvarchar"
					},
					{
						"name": "beginDate",
						"type": "datetime2",
						"scale": 7
					},
					{
						"name": "campaignkey",
						"type": "bigint",
						"precision": 19
					},
					{
						"name": "expirationDate",
						"type": "datetime2",
						"scale": 7
					},
					{
						"name": "issueDate",
						"type": "datetime2",
						"scale": 7
					},
					{
						"name": "leadPriority",
						"type": "nvarchar"
					},
					{
						"name": "locationState",
						"type": "nvarchar"
					},
					{
						"name": "middleInitial",
						"type": "nvarchar"
					},
					{
						"name": "misc1",
						"type": "nvarchar"
					},
					{
						"name": "misc2",
						"type": "nvarchar"
					},
					{
						"name": "primaryPhone",
						"type": "nvarchar"
					},
					{
						"name": "referringMemberKey",
						"type": "bigint",
						"precision": 19
					},
					{
						"name": "salesPersonKey",
						"type": "bigint",
						"precision": 19
					},
					{
						"name": "tourDate",
						"type": "datetime2",
						"scale": 7
					},
					{
						"name": "visitsAllowed",
						"type": "bigint",
						"precision": 19
					},
					{
						"name": "visitsUsed",
						"type": "bigint",
						"precision": 19
					},
					{
						"name": "workPhone",
						"type": "nvarchar"
					},
					{
						"name": "record_eff_from_dt",
						"type": "datetime2",
						"scale": 7
					},
					{
						"name": "record_eff_to_dt",
						"type": "datetime2",
						"scale": 7
					},
					{
						"name": "commissionLevel",
						"type": "bigint",
						"precision": 19
					},
					{
						"name": "startDate",
						"type": "datetime2",
						"scale": 7
					},
					{
						"name": "terminationDate",
						"type": "datetime2",
						"scale": 7
					},
					{
						"name": "trainingLevel",
						"type": "nvarchar"
					},
					{
						"name": "wage",
						"type": "real",
						"precision": 7
					},
					{
						"name": "HomePhone",
						"type": "nvarchar"
					},
					{
						"name": "CellPhone",
						"type": "nvarchar"
					},
					{
						"name": "Prospect_Key",
						"type": "bigint",
						"precision": 19
					},
					{
						"name": "EmergencyAvailability",
						"type": "nvarchar"
					},
					{
						"name": "Emergencyext",
						"type": "nvarchar"
					},
					{
						"name": "EmergencyPhone",
						"type": "nvarchar"
					},
					{
						"name": "Age_Class",
						"type": "varchar"
					},
					{
						"name": "AllCareNum",
						"type": "nvarchar"
					},
					{
						"name": "WellnessProgramID",
						"type": "nvarchar"
					},
					{
						"name": "Fitbimemberactive",
						"type": "bit"
					},
					{
						"name": "vpd_id",
						"type": "decimal",
						"precision": 6,
						"scale": 0
					},
					{
						"name": "insertDt",
						"type": "datetime",
						"precision": 23,
						"scale": 3
					},
					{
						"name": "ModifiedDt",
						"type": "datetime",
						"precision": 23,
						"scale": 3
					},
					{
						"name": "memberCd",
						"type": "varchar"
					},
					{
						"name": "source_key",
						"type": "int",
						"precision": 10
					},
					{
						"name": "DeletedDate",
						"type": "datetime",
						"precision": 23,
						"scale": 3
					}
				],
				"typeProperties": {
					"schema": "DimFact",
					"table": "DimMember"
				}
			},
			"dependsOn": []
		},
		{
			"name": "[concat(parameters('factoryName'), '/AzureSqlTable19')]",
			"type": "Microsoft.DataFactory/factories/datasets",
			"apiVersion": "2018-06-01",
			"properties": {
				"linkedServiceName": {
					"referenceName": "AzureSqlDatabase2",
					"type": "LinkedServiceReference"
				},
				"annotations": [],
				"type": "AzureSqlTable",
				"schema": [
					{
						"name": "CheckinKey",
						"type": "bigint",
						"precision": 19
					},
					{
						"name": "Club_Key",
						"type": "bigint",
						"precision": 19
					},
					{
						"name": "checkInId",
						"type": "nvarchar"
					},
					{
						"name": "MemberKey",
						"type": "bigint",
						"precision": 19
					},
					{
						"name": "StationKey",
						"type": "bigint",
						"precision": 19
					},
					{
						"name": "checkInStatus",
						"type": "nvarchar"
					},
					{
						"name": "checkInTimestamp",
						"type": "datetime2",
						"scale": 7
					},
					{
						"name": "homeClub",
						"type": "bigint",
						"precision": 19
					},
					{
						"name": "checkInMessage",
						"type": "nvarchar"
					},
					{
						"name": "FitBiDateModifiedUTC",
						"type": "datetime2",
						"scale": 7
					},
					{
						"name": "InsertDt",
						"type": "datetime2",
						"scale": 7
					},
					{
						"name": "StationName",
						"type": "nvarchar"
					},
					{
						"name": "vpd_id",
						"type": "decimal",
						"precision": 6,
						"scale": 0
					},
					{
						"name": "IsDeleted",
						"type": "bit"
					}
				],
				"typeProperties": {
					"schema": "DimFact",
					"table": "FactCheckIn"
				}
			},
			"dependsOn": []
		},
		{
			"name": "[concat(parameters('factoryName'), '/AzureSqlTable2')]",
			"type": "Microsoft.DataFactory/factories/datasets",
			"apiVersion": "2018-06-01",
			"properties": {
				"linkedServiceName": {
					"referenceName": "AzureSqlDatabase2",
					"type": "LinkedServiceReference"
				},
				"annotations": [],
				"type": "AzureSqlTable",
				"schema": [],
				"typeProperties": {
					"schema": "ABCPI",
					"table": "STG_PROFITCENTERGROUPS_INCR"
				}
			},
			"dependsOn": []
		},
		{
			"name": "[concat(parameters('factoryName'), '/AzureSqlTable20')]",
			"type": "Microsoft.DataFactory/factories/datasets",
			"apiVersion": "2018-06-01",
			"properties": {
				"linkedServiceName": {
					"referenceName": "PlanetFitnessProd",
					"type": "LinkedServiceReference"
				},
				"annotations": [],
				"type": "AzureSqlTable",
				"schema": [],
				"typeProperties": {
					"schema": "Supreme",
					"table": "Pending_Cancel_Date"
				}
			},
			"dependsOn": []
		},
		{
			"name": "[concat(parameters('factoryName'), '/AzureSqlTable21')]",
			"type": "Microsoft.DataFactory/factories/datasets",
			"apiVersion": "2018-06-01",
			"properties": {
				"linkedServiceName": {
					"referenceName": "AzureSqlDatabase4",
					"type": "LinkedServiceReference"
				},
				"annotations": [],
				"type": "AzureSqlTable",
				"schema": [
					{
						"name": "Id",
						"type": "bigint",
						"precision": 19
					},
					{
						"name": "ClubNumber",
						"type": "nvarchar"
					},
					{
						"name": "MemberId",
						"type": "nvarchar"
					},
					{
						"name": "AllCareNum",
						"type": "nvarchar"
					},
					{
						"name": "InsertDt",
						"type": "datetime",
						"precision": 23,
						"scale": 3
					},
					{
						"name": "IsProcessed",
						"type": "bit"
					}
				],
				"typeProperties": {
					"schema": "AbcFin",
					"table": "CNWAllCare"
				}
			},
			"dependsOn": []
		},
		{
			"name": "[concat(parameters('factoryName'), '/AzureSqlTable22')]",
			"type": "Microsoft.DataFactory/factories/datasets",
			"apiVersion": "2018-06-01",
			"properties": {
				"linkedServiceName": {
					"referenceName": "fitness bi",
					"type": "LinkedServiceReference"
				},
				"annotations": [],
				"type": "AzureSqlTable",
				"schema": [],
				"typeProperties": {
					"schema": "accounting",
					"table": "MemberSnapShot"
				}
			},
			"dependsOn": []
		},
		{
			"name": "[concat(parameters('factoryName'), '/AzureSqlTable3')]",
			"type": "Microsoft.DataFactory/factories/datasets",
			"apiVersion": "2018-06-01",
			"properties": {
				"linkedServiceName": {
					"referenceName": "AzureSqlDatabase2",
					"type": "LinkedServiceReference"
				},
				"annotations": [],
				"type": "AzureSqlTable",
				"schema": [],
				"typeProperties": {
					"schema": "dbo",
					"table": "dates_vw"
				}
			},
			"dependsOn": []
		},
		{
			"name": "[concat(parameters('factoryName'), '/AzureSqlTable4')]",
			"type": "Microsoft.DataFactory/factories/datasets",
			"apiVersion": "2018-06-01",
			"properties": {
				"linkedServiceName": {
					"referenceName": "AzureSqlDatabase2",
					"type": "LinkedServiceReference"
				},
				"annotations": [],
				"type": "AzureSqlTable",
				"schema": [],
				"typeProperties": {
					"schema": "dbo",
					"table": "CBAForma"
				}
			},
			"dependsOn": []
		},
		{
			"name": "[concat(parameters('factoryName'), '/AzureSqlTable5')]",
			"type": "Microsoft.DataFactory/factories/datasets",
			"apiVersion": "2018-06-01",
			"properties": {
				"linkedServiceName": {
					"referenceName": "AzureSqlDatabase2",
					"type": "LinkedServiceReference"
				},
				"annotations": [],
				"type": "AzureSqlTable",
				"schema": [],
				"typeProperties": {
					"schema": "dbo",
					"table": "cbarfc"
				}
			},
			"dependsOn": []
		},
		{
			"name": "[concat(parameters('factoryName'), '/AzureSqlTable6')]",
			"type": "Microsoft.DataFactory/factories/datasets",
			"apiVersion": "2018-06-01",
			"properties": {
				"linkedServiceName": {
					"referenceName": "AzureSqlDatabase2",
					"type": "LinkedServiceReference"
				},
				"annotations": [],
				"type": "AzureSqlTable",
				"schema": [],
				"typeProperties": {
					"schema": "dbo",
					"table": "profitcentertest2"
				}
			},
			"dependsOn": []
		},
		{
			"name": "[concat(parameters('factoryName'), '/AzureSqlTable7')]",
			"type": "Microsoft.DataFactory/factories/datasets",
			"apiVersion": "2018-06-01",
			"properties": {
				"linkedServiceName": {
					"referenceName": "AzureSqlDatabase2",
					"type": "LinkedServiceReference"
				},
				"annotations": [],
				"type": "AzureSqlTable",
				"schema": [],
				"typeProperties": {
					"schema": "dbo",
					"table": "cbfil"
				}
			},
			"dependsOn": []
		},
		{
			"name": "[concat(parameters('factoryName'), '/AzureSqlTable8')]",
			"type": "Microsoft.DataFactory/factories/datasets",
			"apiVersion": "2018-06-01",
			"properties": {
				"linkedServiceName": {
					"referenceName": "AzureSqlDatabase2",
					"type": "LinkedServiceReference"
				},
				"annotations": [],
				"type": "AzureSqlTable",
				"schema": [],
				"typeProperties": {
					"schema": "dbo",
					"table": "UDF_FILEDS"
				}
			},
			"dependsOn": []
		},
		{
			"name": "[concat(parameters('factoryName'), '/AzureSqlTable9')]",
			"type": "Microsoft.DataFactory/factories/datasets",
			"apiVersion": "2018-06-01",
			"properties": {
				"linkedServiceName": {
					"referenceName": "AzureSqlDatabase2",
					"type": "LinkedServiceReference"
				},
				"annotations": [],
				"type": "AzureSqlTable",
				"schema": [],
				"typeProperties": {
					"schema": "DimFact",
					"table": "Dim_Anytime_Iseries_Members"
				}
			},
			"dependsOn": []
		},
		{
			"name": "[concat(parameters('factoryName'), '/AzureSynapseAnalyticsDB')]",
			"type": "Microsoft.DataFactory/factories/datasets",
			"apiVersion": "2018-06-01",
			"properties": {
				"linkedServiceName": {
					"referenceName": "AzureSynapseAnalytics1",
					"type": "LinkedServiceReference"
				},
				"annotations": [],
				"type": "AzureSqlDWTable",
				"schema": [
					{
						"name": "VPD_ID",
						"type": "decimal",
						"precision": 6,
						"scale": 0
					},
					{
						"name": "ATL_ID",
						"type": "nvarchar"
					},
					{
						"name": "ATL_CREATED",
						"type": "datetime2",
						"scale": 6
					},
					{
						"name": "ATL_MODIFIED",
						"type": "datetime2",
						"scale": 6
					},
					{
						"name": "ATL_DEAD_COLUMN_2",
						"type": "nvarchar"
					},
					{
						"name": "ATL_ABC_ID",
						"type": "nvarchar"
					},
					{
						"name": "ATL_NAME",
						"type": "nvarchar"
					},
					{
						"name": "ATL_DESCRIPTION",
						"type": "nvarchar"
					},
					{
						"name": "ATL_DEAD_COLUMN_1",
						"type": "nvarchar"
					},
					{
						"name": "ATL_REQUIRED",
						"type": "nvarchar"
					},
					{
						"name": "SDT_ID",
						"type": "nvarchar"
					},
					{
						"name": "ATL_ALLOW_REMOTE_CHECK_IN",
						"type": "nvarchar"
					},
					{
						"name": "ATL_ACCESS_RESTRICTION",
						"type": "nvarchar"
					},
					{
						"name": "ATL_ACCESS_SCHEME",
						"type": "nvarchar"
					},
					{
						"name": "ATL_ACCESS_SCHEME_ONLY",
						"type": "nvarchar"
					},
					{
						"name": "ATL_MODIFIED_DW",
						"type": "datetime2",
						"scale": 6
					},
					{
						"name": "ATL_DEFAULT_CLUB_CREDIT_LIMIT",
						"type": "decimal",
						"precision": 8,
						"scale": 2
					}
				],
				"typeProperties": {}
			},
			"dependsOn": []
		},
		{
			"name": "[concat(parameters('factoryName'), '/AzureSynapseAnalyticsTable1')]",
			"type": "Microsoft.DataFactory/factories/datasets",
			"apiVersion": "2018-06-01",
			"properties": {
				"linkedServiceName": {
					"referenceName": "AzureSynapseAnalytics1",
					"type": "LinkedServiceReference"
				},
				"annotations": [],
				"type": "AzureSqlDWTable",
				"schema": [],
				"typeProperties": {
					"schema": "DimFact",
					"table": "DimMember"
				}
			},
			"dependsOn": []
		}
	]
}