{
	"$schema": "http://schema.management.azure.com/schemas/2015-01-01/deploymentTemplate.json#",
	"contentVersion": "1.0.0.0",
	"parameters": {
		"factoryName": {
			"type": "string",
			"metadata": "Data Factory name",
			"defaultValue": "PlanetFitnessDF"
		}
	},
	"variables": {
		"factoryId": "[concat('Microsoft.DataFactory/factories/', parameters('factoryName'))]"
	},
	"resources": [
		{
			"name": "[concat(parameters('factoryName'), '/RPT_NZ_PROFIT_CENTER_DIM')]",
			"type": "Microsoft.DataFactory/factories/datasets",
			"apiVersion": "2018-06-01",
			"properties": {
				"linkedServiceName": {
					"referenceName": "Snowflake1",
					"type": "LinkedServiceReference"
				},
				"annotations": [],
				"type": "SnowflakeTable",
				"schema": [
					{
						"name": "PROFIT_CENTER_CODE",
						"type": "VARCHAR",
						"precision": 0,
						"scale": 0
					},
					{
						"name": "PROFIT_CENTER_CODE_DESC",
						"type": "VARCHAR",
						"precision": 0,
						"scale": 0
					},
					{
						"name": "PROFIT_CENTER_GROUP",
						"type": "VARCHAR",
						"precision": 0,
						"scale": 0
					},
					{
						"name": "TOTALPROFITCENTERCOUNT",
						"type": "NUMBER",
						"precision": 18,
						"scale": 0
					}
				],
				"typeProperties": {
					"schema": "EDW",
					"table": "RPT_NZ_PROFIT_CENTER_DIM"
				}
			},
			"dependsOn": []
		},
		{
			"name": "[concat(parameters('factoryName'), '/RPT_NZ_PROSPECT_DIM')]",
			"type": "Microsoft.DataFactory/factories/datasets",
			"apiVersion": "2018-06-01",
			"properties": {
				"linkedServiceName": {
					"referenceName": "Snowflake1",
					"type": "LinkedServiceReference"
				},
				"annotations": [],
				"type": "SnowflakeTable",
				"schema": [
					{
						"name": "PROSPECT_NUMBER_UNIQUE",
						"type": "VARCHAR",
						"precision": 0,
						"scale": 0
					},
					{
						"name": "PROSPECT_FIRST_NAME",
						"type": "VARCHAR",
						"precision": 0,
						"scale": 0
					},
					{
						"name": "PROSPECT_LAST_NAME",
						"type": "VARCHAR",
						"precision": 0,
						"scale": 0
					},
					{
						"name": "SOURCE",
						"type": "VARCHAR",
						"precision": 0,
						"scale": 0
					},
					{
						"name": "TOTALPROSPECTCOUNT",
						"type": "NUMBER",
						"precision": 18,
						"scale": 0
					}
				],
				"typeProperties": {
					"schema": "EDW",
					"table": "RPT_NZ_PROSPECT_DIM"
				}
			},
			"dependsOn": []
		},
		{
			"name": "[concat(parameters('factoryName'), '/RPT_NZ_STATUS_CODE_DIM')]",
			"type": "Microsoft.DataFactory/factories/datasets",
			"apiVersion": "2018-06-01",
			"properties": {
				"linkedServiceName": {
					"referenceName": "Snowflake1",
					"type": "LinkedServiceReference"
				},
				"annotations": [],
				"type": "SnowflakeTable",
				"schema": [
					{
						"name": "MEMBER_STATUS_CODE",
						"type": "VARCHAR",
						"precision": 0,
						"scale": 0
					},
					{
						"name": "MEMBER_STATUS_CODE_DESCRIPTION",
						"type": "VARCHAR",
						"precision": 0,
						"scale": 0
					},
					{
						"name": "ACTIVE_INDICATOR",
						"type": "VARCHAR",
						"precision": 0,
						"scale": 0
					},
					{
						"name": "TOTALSTATUSCODECOUNT",
						"type": "NUMBER",
						"precision": 18,
						"scale": 0
					}
				],
				"typeProperties": {
					"schema": "EDW",
					"table": "RPT_NZ_STATUS_CODE_DIM"
				}
			},
			"dependsOn": []
		},
		{
			"name": "[concat(parameters('factoryName'), '/RestResource1')]",
			"type": "Microsoft.DataFactory/factories/datasets",
			"apiVersion": "2018-06-01",
			"properties": {
				"linkedServiceName": {
					"referenceName": "RestService1",
					"type": "LinkedServiceReference"
				},
				"annotations": [],
				"type": "RestResource",
				"typeProperties": {
					"relativeUrl": "/data/members"
				},
				"schema": []
			},
			"dependsOn": []
		},
		{
			"name": "[concat(parameters('factoryName'), '/SNK_ABCFIN_STG_CALENDAR_EVENTS_MEMBERS_DELETED_CHECK')]",
			"type": "Microsoft.DataFactory/factories/datasets",
			"apiVersion": "2018-06-01",
			"properties": {
				"linkedServiceName": {
					"referenceName": "AzureSqlDatabase2",
					"type": "LinkedServiceReference"
				},
				"annotations": [],
				"type": "AzureSqlTable",
				"schema": [],
				"typeProperties": {
					"schema": "ABCFIN",
					"table": "stg_calendar_events_members_deleted_check"
				}
			},
			"dependsOn": []
		},
		{
			"name": "[concat(parameters('factoryName'), '/SNK_ABCFIN_STG_CLUB_EVENTS_DELETED_CHECK')]",
			"type": "Microsoft.DataFactory/factories/datasets",
			"apiVersion": "2018-06-01",
			"properties": {
				"linkedServiceName": {
					"referenceName": "AzureSqlDatabase2",
					"type": "LinkedServiceReference"
				},
				"annotations": [],
				"type": "AzureSqlTable",
				"schema": [],
				"typeProperties": {
					"schema": "ABCFIN",
					"table": "stg_club_events_deleted_Check"
				}
			},
			"dependsOn": []
		},
		{
			"name": "[concat(parameters('factoryName'), '/SNK_ABCPI_STG_BPDPMTDLY3_INCR')]",
			"type": "Microsoft.DataFactory/factories/datasets",
			"apiVersion": "2018-06-01",
			"properties": {
				"description": "SNK_ABCPI_STG_BPDPMTDLY3 staging table load",
				"linkedServiceName": {
					"referenceName": "AzureSqlDatabase2",
					"type": "LinkedServiceReference"
				},
				"annotations": [],
				"type": "AzureSqlTable",
				"schema": [],
				"typeProperties": {
					"schema": "ABCPI",
					"table": "STG_BPDPMTDLY3_INCR"
				}
			},
			"dependsOn": []
		},
		{
			"name": "[concat(parameters('factoryName'), '/SNK_ABCPI_STG_BPDTAX_INCR')]",
			"type": "Microsoft.DataFactory/factories/datasets",
			"apiVersion": "2018-06-01",
			"properties": {
				"linkedServiceName": {
					"referenceName": "AzureSqlDatabase2",
					"type": "LinkedServiceReference"
				},
				"annotations": [],
				"type": "AzureSqlTable",
				"schema": [],
				"typeProperties": {
					"schema": "ABCPI",
					"table": "STG_BPDTAX_INCR"
				}
			},
			"dependsOn": []
		},
		{
			"name": "[concat(parameters('factoryName'), '/SNK_ABCPI_STG_CCFILEXT_INCR')]",
			"type": "Microsoft.DataFactory/factories/datasets",
			"apiVersion": "2018-06-01",
			"properties": {
				"description": "SNK_ABCPI_STG_CCFILEXT staging table load",
				"linkedServiceName": {
					"referenceName": "AzureSqlDatabase2",
					"type": "LinkedServiceReference"
				},
				"annotations": [],
				"type": "AzureSqlTable",
				"schema": [],
				"typeProperties": {
					"schema": "ABCPI",
					"table": "STG_CCFILEXT_INCR"
				}
			},
			"dependsOn": []
		},
		{
			"name": "[concat(parameters('factoryName'), '/SNK_ABCPI_STG_CHECKINLOGS_DELETED_CHECK_INCR')]",
			"type": "Microsoft.DataFactory/factories/datasets",
			"apiVersion": "2018-06-01",
			"properties": {
				"linkedServiceName": {
					"referenceName": "AzureSqlDatabase2",
					"type": "LinkedServiceReference"
				},
				"annotations": [],
				"type": "AzureSqlTable",
				"schema": [],
				"typeProperties": {
					"schema": "abcpi",
					"table": "STG_CHECKINLOGS_DELETED_CHECK_INCR"
				}
			},
			"dependsOn": []
		},
		{
			"name": "[concat(parameters('factoryName'), '/SNK_ABCPI_STG_CNFILL04_INCR')]",
			"type": "Microsoft.DataFactory/factories/datasets",
			"apiVersion": "2018-06-01",
			"properties": {
				"description": "SNK_ABCPI_STG_CNFILL04 staging table load",
				"linkedServiceName": {
					"referenceName": "AzureSqlDatabase2",
					"type": "LinkedServiceReference"
				},
				"annotations": [],
				"type": "AzureSqlTable",
				"schema": [],
				"typeProperties": {
					"schema": "ABCPI",
					"table": "STG_CNFILL04_INCR"
				}
			},
			"dependsOn": []
		},
		{
			"name": "[concat(parameters('factoryName'), '/SNK_ABCPI_STG_COLLECTIONS_BY_AGE_DETAIL_INCR')]",
			"type": "Microsoft.DataFactory/factories/datasets",
			"apiVersion": "2018-06-01",
			"properties": {
				"description": "SNK_ABCPI_STG_COLLECTIONS_BY_AGE_\nDETAIL staging table load",
				"linkedServiceName": {
					"referenceName": "AzureSqlDatabase2",
					"type": "LinkedServiceReference"
				},
				"annotations": [],
				"type": "AzureSqlTable",
				"schema": [],
				"typeProperties": {
					"schema": "abcpi",
					"table": "STG_COLLECTIONS_BY_AGE_DETAIL_INCR"
				}
			},
			"dependsOn": []
		},
		{
			"name": "[concat(parameters('factoryName'), '/SNK_ABCPI_STG_COLLECTIONS_BY_AGE_DTL_INCR')]",
			"type": "Microsoft.DataFactory/factories/datasets",
			"apiVersion": "2018-06-01",
			"properties": {
				"description": "SNK_ABCPI_STG_COLLECTIONS_BY_AGE_\nDTL staging table load",
				"linkedServiceName": {
					"referenceName": "AzureSqlDatabase2",
					"type": "LinkedServiceReference"
				},
				"annotations": [],
				"type": "AzureSqlTable",
				"schema": [],
				"typeProperties": {
					"schema": "ABCPI",
					"table": "STG_COLLECTIONS_BY_AGE_DTL_INCR"
				}
			},
			"dependsOn": []
		},
		{
			"name": "[concat(parameters('factoryName'), '/SNK_ABCPI_STG_COLLECTIONS_BY_AGE_INCR')]",
			"type": "Microsoft.DataFactory/factories/datasets",
			"apiVersion": "2018-06-01",
			"properties": {
				"description": "SNK_ABCPI_STG_COLLECTIONS_BY_AGE staging table load",
				"linkedServiceName": {
					"referenceName": "AzureSqlDatabase2",
					"type": "LinkedServiceReference"
				},
				"annotations": [],
				"type": "AzureSqlTable",
				"schema": [],
				"typeProperties": {
					"schema": "ABCPI",
					"table": "STG_COLLECTIONS_BY_AGE_INCR"
				}
			},
			"dependsOn": []
		},
		{
			"name": "[concat(parameters('factoryName'), '/SNK_ABCPI_STG_COLLECTIONS_BY_AGE_SUMMARY_INCR')]",
			"type": "Microsoft.DataFactory/factories/datasets",
			"apiVersion": "2018-06-01",
			"properties": {
				"description": "SNK_ABCPI_STG_COLLECTIONS_BY_AGE_\nSUMMARY staging table load",
				"linkedServiceName": {
					"referenceName": "AzureSqlDatabase2",
					"type": "LinkedServiceReference"
				},
				"annotations": [],
				"type": "AzureSqlTable",
				"schema": [],
				"typeProperties": {
					"schema": "ABCPI",
					"table": "STG_COLLECTIONS_BY_AGE_SUMMARY_INCR"
				}
			},
			"dependsOn": []
		},
		{
			"name": "[concat(parameters('factoryName'), '/SNK_ABCPI_STG_CTFILCCTR_INCR')]",
			"type": "Microsoft.DataFactory/factories/datasets",
			"apiVersion": "2018-06-01",
			"properties": {
				"description": "SNK_ABCPI_STG_CTFILCCTR staging table load",
				"linkedServiceName": {
					"referenceName": "AzureSqlDatabase2",
					"type": "LinkedServiceReference"
				},
				"annotations": [],
				"type": "AzureSqlTable",
				"schema": [],
				"typeProperties": {
					"schema": "ABCPI",
					"table": "STG_CTFILCCTR_INCR"
				}
			},
			"dependsOn": []
		},
		{
			"name": "[concat(parameters('factoryName'), '/SNK_ABCPI_STG_CWEXT_INCR')]",
			"type": "Microsoft.DataFactory/factories/datasets",
			"apiVersion": "2018-06-01",
			"properties": {
				"description": "SNK_ABCPI_STG_CWEXT staging table load",
				"linkedServiceName": {
					"referenceName": "AzureSqlDatabase2",
					"type": "LinkedServiceReference"
				},
				"annotations": [],
				"type": "AzureSqlTable",
				"schema": [],
				"typeProperties": {
					"schema": "ABCPI",
					"table": "STG_CWEXT_INCR"
				}
			},
			"dependsOn": []
		},
		{
			"name": "[concat(parameters('factoryName'), '/SNK_ABCPI_STG_CWFIL_INCR')]",
			"type": "Microsoft.DataFactory/factories/datasets",
			"apiVersion": "2018-06-01",
			"properties": {
				"description": "SNK_ABCPI_STG_CWFIL staging table load",
				"linkedServiceName": {
					"referenceName": "AzureSqlDatabase2",
					"type": "LinkedServiceReference"
				},
				"annotations": [],
				"type": "AzureSqlTable",
				"schema": [],
				"typeProperties": {
					"schema": "ABCPI",
					"table": "STG_CWFIL_INCR"
				}
			},
			"dependsOn": []
		},
		{
			"name": "[concat(parameters('factoryName'), '/SNK_ABCPI_STG_DAILY_DEDUCTION_REIMBRSMNT_VW')]",
			"type": "Microsoft.DataFactory/factories/datasets",
			"apiVersion": "2018-06-01",
			"properties": {
				"linkedServiceName": {
					"referenceName": "AzureSqlDatabase2",
					"type": "LinkedServiceReference"
				},
				"annotations": [],
				"type": "AzureSqlTable",
				"schema": [],
				"typeProperties": {
					"schema": "ABCPI",
					"table": "STG_DAILY_DEDUCTION_REIMBRSMNT_VW_INCR"
				}
			},
			"dependsOn": []
		},
		{
			"name": "[concat(parameters('factoryName'), '/SNK_ABCPI_STG_DATECONV_INCR')]",
			"type": "Microsoft.DataFactory/factories/datasets",
			"apiVersion": "2018-06-01",
			"properties": {
				"description": "SNK_ABCPI_STG_DATECONV staging table load",
				"linkedServiceName": {
					"referenceName": "AzureSqlDatabase2",
					"type": "LinkedServiceReference"
				},
				"annotations": [],
				"type": "AzureSqlTable",
				"schema": [],
				"typeProperties": {
					"schema": "ABCPI",
					"table": "STG_DATECON_INCR"
				}
			},
			"dependsOn": []
		}
	]
}