{
	"$schema": "http://schema.management.azure.com/schemas/2015-01-01/deploymentTemplate.json#",
	"contentVersion": "1.0.0.0",
	"parameters": {
		"factoryName": {
			"type": "string",
			"metadata": "Data Factory name",
			"defaultValue": "PlanetFitnessDF"
		},
		"AZURE_BLOB_STORAGE_SNOWDEV_connectionString": {
			"type": "secureString",
			"metadata": "Secure string for 'connectionString' of 'AZURE_BLOB_STORAGE_SNOWDEV'"
		},
		"AzureBlob_connectionString": {
			"type": "secureString",
			"metadata": "Secure string for 'connectionString' of 'AzureBlob'"
		},
		"AzureBlobStorage1_connectionString": {
			"type": "secureString",
			"metadata": "Secure string for 'connectionString' of 'AzureBlobStorage1'"
		},
		"AzureDataLakeStorage1_accountKey": {
			"type": "secureString",
			"metadata": "Secure string for 'accountKey' of 'AzureDataLakeStorage1'"
		},
		"AzureSqlDatabase1_connectionString": {
			"type": "secureString",
			"metadata": "Secure string for 'connectionString' of 'AzureSqlDatabase1'"
		},
		"AzureSqlDatabase2_connectionString": {
			"type": "secureString",
			"metadata": "Secure string for 'connectionString' of 'AzureSqlDatabase2'"
		},
		"AzureSqlDatabase3_connectionString": {
			"type": "secureString",
			"metadata": "Secure string for 'connectionString' of 'AzureSqlDatabase3'"
		},
		"AzureSqlDatabase3PFcopy_connectionString": {
			"type": "secureString",
			"metadata": "Secure string for 'connectionString' of 'AzureSqlDatabase3PFcopy'"
		},
		"AzureSqlDatabase4_connectionString": {
			"type": "secureString",
			"metadata": "Secure string for 'connectionString' of 'AzureSqlDatabase4'"
		},
		"AzureSqlDatabaseHyper_connectionString": {
			"type": "secureString",
			"metadata": "Secure string for 'connectionString' of 'AzureSqlDatabaseHyper'"
		},
		"AzureSqlDatabasePFBC_connectionString": {
			"type": "secureString",
			"metadata": "Secure string for 'connectionString' of 'AzureSqlDatabasePFBC'"
		},
		"AzureSynapseAnalytics1_connectionString": {
			"type": "secureString",
			"metadata": "Secure string for 'connectionString' of 'AzureSynapseAnalytics1'"
		},
		"AzureSynapsePool_connectionString": {
			"type": "secureString",
			"metadata": "Secure string for 'connectionString' of 'AzureSynapsePool'"
		},
		"AzureTableStorage1_connectionString": {
			"type": "secureString",
			"metadata": "Secure string for 'connectionString' of 'AzureTableStorage1'"
		},
		"Fitness_BI_Replica_connectionString": {
			"type": "secureString",
			"metadata": "Secure string for 'connectionString' of 'Fitness_BI_Replica'"
		},
		"Iseries_Prod_connectionString": {
			"type": "secureString",
			"metadata": "Secure string for 'connectionString' of 'Iseries_Prod'"
		},
		"Oracle1_connectionString": {
			"type": "secureString",
			"metadata": "Secure string for 'connectionString' of 'Oracle1'"
		},
		"Oracle2_connectionString": {
			"type": "secureString",
			"metadata": "Secure string for 'connectionString' of 'Oracle2'"
		},
		"Oracle3_connectionString": {
			"type": "secureString",
			"metadata": "Secure string for 'connectionString' of 'Oracle3'"
		},
		"OraclePFView_connectionString": {
			"type": "secureString",
			"metadata": "Secure string for 'connectionString' of 'OraclePFView'"
		},
		"PlanetFitnessProd_connectionString": {
			"type": "secureString",
			"metadata": "Secure string for 'connectionString' of 'PlanetFitnessProd'"
		},
		"RCMProd_ABCBilling_POS_connectionString": {
			"type": "secureString",
			"metadata": "Secure string for 'connectionString' of 'RCMProd_ABCBilling_POS'"
		},
		"RCMProd_ABCbilling_connectionString": {
			"type": "secureString",
			"metadata": "Secure string for 'connectionString' of 'RCMProd_ABCbilling'"
		},
		"RCMProd_Catalog_connectionString": {
			"type": "secureString",
			"metadata": "Secure string for 'connectionString' of 'RCMProd_Catalog'"
		},
		"RCMProd_HardCollection_connectionString": {
			"type": "secureString",
			"metadata": "Secure string for 'connectionString' of 'RCMProd_HardCollection'"
		},
		"RCMProd_Organization_connectionString": {
			"type": "secureString",
			"metadata": "Secure string for 'connectionString' of 'RCMProd_Organization'"
		},
		"RCMProd_Taxation_connectionString": {
			"type": "secureString",
			"metadata": "Secure string for 'connectionString' of 'RCMProd_Taxation'"
		},
		"RCMProd_member_transfer_connectionString": {
			"type": "secureString",
			"metadata": "Secure string for 'connectionString' of 'RCMProd_member_transfer'"
		},
		"SQLPoolAS_connectionString": {
			"type": "secureString",
			"metadata": "Secure string for 'connectionString' of 'SQLPoolAS'"
		},
		"Sftp1_password": {
			"type": "secureString",
			"metadata": "Secure string for 'password' of 'Sftp1'"
		},
		"Snowflake1_connectionString": {
			"type": "secureString",
			"metadata": "Secure string for 'connectionString' of 'Snowflake1'"
		},
		"fitness bi_connectionString": {
			"type": "secureString",
			"metadata": "Secure string for 'connectionString' of 'fitness bi'"
		},
		"gymsales_connectionString": {
			"type": "secureString",
			"metadata": "Secure string for 'connectionString' of 'gymsales'"
		},
		"stage_link_blob_connectionString": {
			"type": "secureString",
			"metadata": "Secure string for 'connectionString' of 'stage_link_blob'"
		},
		"AZURE_BLOB_STORAGE_sasUri": {
			"type": "secureString",
			"metadata": "Secure string for 'sasUri' of 'AZURE_BLOB_STORAGE'"
		},
		"AzureBlob_PFSNOWINT_sasUri": {
			"type": "secureString",
			"metadata": "Secure string for 'sasUri' of 'AzureBlob_PFSNOWINT'"
		},
		"AzureDataLakeStorage1_properties_typeProperties_url": {
			"type": "string",
			"defaultValue": "https://pfunited.dfs.core.windows.net/"
		},
		"RestService1_properties_typeProperties_url": {
			"type": "string",
			"defaultValue": "https://abc.vi-partners-test.xyz"
		},
		"Sftp1_properties_typeProperties_host": {
			"type": "string",
			"defaultValue": "secureftp.abcfinancial.com"
		},
		"Sftp1_properties_typeProperties_userName": {
			"type": "string",
			"defaultValue": "litlereportpull"
		},
		"linkedService1_sasUri": {
			"type": "secureString",
			"metadata": "Secure string for 'sasUri' of 'linkedService1'"
		},
		"integrationRuntimeSSISPF_properties_typeProperties_ssisProperties_catalogInfo_catalogServerEndpoint": {
			"type": "string",
			"defaultValue": "fitnessbidb1.database.windows.net"
		},
		"integrationRuntimeSSISPF_properties_typeProperties_ssisProperties_catalogInfo_catalogAdminUserName": {
			"type": "string",
			"defaultValue": "FBIADMIN"
		},
		"integrationRuntimeSSISPF_properties_typeProperties_ssisProperties_catalogInfo_catalogAdminPassword": {
			"type": "secureString"
		},
		"integrationRuntimepf_properties_typeProperties_linkedInfo_resourceId": {
			"type": "string",
			"defaultValue": "/subscriptions/11423360-c96a-4d92-8e58-806b30cd5e72/resourcegroups/ABC_TEST/providers/Microsoft.DataFactory/factories/DatafactoryABCtesting/integrationruntimes/integrationRuntime1"
		},
		"AzureSqlDatabase1_properties_privateLinkResourceId": {
			"type": "string",
			"defaultValue": "/subscriptions/11423360-c96a-4d92-8e58-806b30cd5e72/resourceGroups/SQL_DB/providers/Microsoft.Sql/servers/fitnessbidb1"
		},
		"AzureSqlDatabase1_properties_groupId": {
			"type": "string",
			"defaultValue": "sqlServer"
		},
		"AzureSqlDatabase1_properties_fqdns": {
			"type": "array",
			"defaultValue": [
				"fitnessbidb1.database.windows.net"
			]
		},
		"containerUri": {
			"type": "string",
			"metadata": "URI to storage account containing linked ARM templates"
		},
		"containerSasToken": {
			"type": "string",
			"metadata": "Sas token to storage account containing linked ARM templates"
		}
	},
	"variables": {
		"factoryId": "[concat('Microsoft.DataFactory/factories/', parameters('factoryName'))]"
	},
	"resources": [
		{
			"name": "PlanetFitnessDF_ArmTemplate_0",
			"type": "Microsoft.Resources/deployments",
			"apiVersion": "2018-02-01",
			"properties": {
				"mode": "incremental",
				"templateLink": {
					"uri": "[concat(parameters('containerUri'), '/ArmTemplate_0.json', parameters('containerSasToken'))]",
					"contentVersion": "1.0.0.0"
				},
				"parameters": {
					"factoryName": {
						"value": "[parameters('factoryName')]"
					}
				}
			},
			"dependsOn": []
		},
		{
			"name": "PlanetFitnessDF_ArmTemplate_1",
			"type": "Microsoft.Resources/deployments",
			"apiVersion": "2018-02-01",
			"properties": {
				"mode": "incremental",
				"templateLink": {
					"uri": "[concat(parameters('containerUri'), '/ArmTemplate_1.json', parameters('containerSasToken'))]",
					"contentVersion": "1.0.0.0"
				},
				"parameters": {
					"factoryName": {
						"value": "[parameters('factoryName')]"
					},
					"AZURE_BLOB_STORAGE_SNOWDEV_connectionString": {
						"value": "[parameters('AZURE_BLOB_STORAGE_SNOWDEV_connectionString')]"
					},
					"AzureBlob_connectionString": {
						"value": "[parameters('AzureBlob_connectionString')]"
					},
					"AzureBlobStorage1_connectionString": {
						"value": "[parameters('AzureBlobStorage1_connectionString')]"
					},
					"AzureDataLakeStorage1_accountKey": {
						"value": "[parameters('AzureDataLakeStorage1_accountKey')]"
					},
					"integrationRuntimeSSISPF_properties_typeProperties_ssisProperties_catalogInfo_catalogServerEndpoint": {
						"value": "[parameters('integrationRuntimeSSISPF_properties_typeProperties_ssisProperties_catalogInfo_catalogServerEndpoint')]"
					},
					"integrationRuntimeSSISPF_properties_typeProperties_ssisProperties_catalogInfo_catalogAdminUserName": {
						"value": "[parameters('integrationRuntimeSSISPF_properties_typeProperties_ssisProperties_catalogInfo_catalogAdminUserName')]"
					},
					"integrationRuntimeSSISPF_properties_typeProperties_ssisProperties_catalogInfo_catalogAdminPassword": {
						"value": "[parameters('integrationRuntimeSSISPF_properties_typeProperties_ssisProperties_catalogInfo_catalogAdminPassword')]"
					},
					"integrationRuntimepf_properties_typeProperties_linkedInfo_resourceId": {
						"value": "[parameters('integrationRuntimepf_properties_typeProperties_linkedInfo_resourceId')]"
					},
					"AZURE_BLOB_STORAGE_sasUri": {
						"value": "[parameters('AZURE_BLOB_STORAGE_sasUri')]"
					},
					"AzureBlob_PFSNOWINT_sasUri": {
						"value": "[parameters('AzureBlob_PFSNOWINT_sasUri')]"
					},
					"AzureDataLakeStorage1_properties_typeProperties_url": {
						"value": "[parameters('AzureDataLakeStorage1_properties_typeProperties_url')]"
					}
				}
			},
			"dependsOn": [
				"[resourceId('Microsoft.Resources/deployments', 'PlanetFitnessDF_ArmTemplate_0')]"
			]
		},
		{
			"name": "PlanetFitnessDF_ArmTemplate_2",
			"type": "Microsoft.Resources/deployments",
			"apiVersion": "2018-02-01",
			"properties": {
				"mode": "incremental",
				"templateLink": {
					"uri": "[concat(parameters('containerUri'), '/ArmTemplate_2.json', parameters('containerSasToken'))]",
					"contentVersion": "1.0.0.0"
				},
				"parameters": {
					"factoryName": {
						"value": "[parameters('factoryName')]"
					},
					"AzureSqlDatabase1_connectionString": {
						"value": "[parameters('AzureSqlDatabase1_connectionString')]"
					},
					"AzureSqlDatabase2_connectionString": {
						"value": "[parameters('AzureSqlDatabase2_connectionString')]"
					},
					"AzureSqlDatabase3_connectionString": {
						"value": "[parameters('AzureSqlDatabase3_connectionString')]"
					},
					"AzureSqlDatabase3PFcopy_connectionString": {
						"value": "[parameters('AzureSqlDatabase3PFcopy_connectionString')]"
					},
					"AzureSqlDatabase4_connectionString": {
						"value": "[parameters('AzureSqlDatabase4_connectionString')]"
					},
					"AzureSqlDatabaseHyper_connectionString": {
						"value": "[parameters('AzureSqlDatabaseHyper_connectionString')]"
					},
					"AzureSqlDatabasePFBC_connectionString": {
						"value": "[parameters('AzureSqlDatabasePFBC_connectionString')]"
					},
					"AzureSynapseAnalytics1_connectionString": {
						"value": "[parameters('AzureSynapseAnalytics1_connectionString')]"
					},
					"AzureSynapsePool_connectionString": {
						"value": "[parameters('AzureSynapsePool_connectionString')]"
					},
					"AzureTableStorage1_connectionString": {
						"value": "[parameters('AzureTableStorage1_connectionString')]"
					},
					"Fitness_BI_Replica_connectionString": {
						"value": "[parameters('Fitness_BI_Replica_connectionString')]"
					},
					"Iseries_Prod_connectionString": {
						"value": "[parameters('Iseries_Prod_connectionString')]"
					},
					"Oracle1_connectionString": {
						"value": "[parameters('Oracle1_connectionString')]"
					},
					"Oracle2_connectionString": {
						"value": "[parameters('Oracle2_connectionString')]"
					},
					"Oracle3_connectionString": {
						"value": "[parameters('Oracle3_connectionString')]"
					},
					"OraclePFView_connectionString": {
						"value": "[parameters('OraclePFView_connectionString')]"
					},
					"PlanetFitnessProd_connectionString": {
						"value": "[parameters('PlanetFitnessProd_connectionString')]"
					},
					"RCMProd_ABCBilling_POS_connectionString": {
						"value": "[parameters('RCMProd_ABCBilling_POS_connectionString')]"
					},
					"RCMProd_ABCbilling_connectionString": {
						"value": "[parameters('RCMProd_ABCbilling_connectionString')]"
					},
					"RCMProd_Catalog_connectionString": {
						"value": "[parameters('RCMProd_Catalog_connectionString')]"
					}
				}
			},
			"dependsOn": [
				"[resourceId('Microsoft.Resources/deployments', 'PlanetFitnessDF_ArmTemplate_1')]"
			]
		},
		{
			"name": "PlanetFitnessDF_ArmTemplate_3",
			"type": "Microsoft.Resources/deployments",
			"apiVersion": "2018-02-01",
			"properties": {
				"mode": "incremental",
				"templateLink": {
					"uri": "[concat(parameters('containerUri'), '/ArmTemplate_3.json', parameters('containerSasToken'))]",
					"contentVersion": "1.0.0.0"
				},
				"parameters": {
					"factoryName": {
						"value": "[parameters('factoryName')]"
					},
					"RCMProd_HardCollection_connectionString": {
						"value": "[parameters('RCMProd_HardCollection_connectionString')]"
					},
					"RCMProd_Organization_connectionString": {
						"value": "[parameters('RCMProd_Organization_connectionString')]"
					},
					"RCMProd_Taxation_connectionString": {
						"value": "[parameters('RCMProd_Taxation_connectionString')]"
					},
					"RCMProd_member_transfer_connectionString": {
						"value": "[parameters('RCMProd_member_transfer_connectionString')]"
					},
					"SQLPoolAS_connectionString": {
						"value": "[parameters('SQLPoolAS_connectionString')]"
					},
					"Sftp1_password": {
						"value": "[parameters('Sftp1_password')]"
					},
					"Snowflake1_connectionString": {
						"value": "[parameters('Snowflake1_connectionString')]"
					},
					"fitness bi_connectionString": {
						"value": "[parameters('fitness bi_connectionString')]"
					},
					"gymsales_connectionString": {
						"value": "[parameters('gymsales_connectionString')]"
					},
					"stage_link_blob_connectionString": {
						"value": "[parameters('stage_link_blob_connectionString')]"
					},
					"RestService1_properties_typeProperties_url": {
						"value": "[parameters('RestService1_properties_typeProperties_url')]"
					},
					"Sftp1_properties_typeProperties_host": {
						"value": "[parameters('Sftp1_properties_typeProperties_host')]"
					},
					"Sftp1_properties_typeProperties_userName": {
						"value": "[parameters('Sftp1_properties_typeProperties_userName')]"
					},
					"linkedService1_sasUri": {
						"value": "[parameters('linkedService1_sasUri')]"
					},
					"AzureSqlDatabase1_properties_privateLinkResourceId": {
						"value": "[parameters('AzureSqlDatabase1_properties_privateLinkResourceId')]"
					},
					"AzureSqlDatabase1_properties_groupId": {
						"value": "[parameters('AzureSqlDatabase1_properties_groupId')]"
					},
					"AzureSqlDatabase1_properties_fqdns": {
						"value": "[parameters('AzureSqlDatabase1_properties_fqdns')]"
					}
				}
			},
			"dependsOn": [
				"[resourceId('Microsoft.Resources/deployments', 'PlanetFitnessDF_ArmTemplate_2')]"
			]
		},
		{
			"name": "PlanetFitnessDF_ArmTemplate_4",
			"type": "Microsoft.Resources/deployments",
			"apiVersion": "2018-02-01",
			"properties": {
				"mode": "incremental",
				"templateLink": {
					"uri": "[concat(parameters('containerUri'), '/ArmTemplate_4.json', parameters('containerSasToken'))]",
					"contentVersion": "1.0.0.0"
				},
				"parameters": {
					"factoryName": {
						"value": "[parameters('factoryName')]"
					}
				}
			},
			"dependsOn": [
				"[resourceId('Microsoft.Resources/deployments', 'PlanetFitnessDF_ArmTemplate_3')]"
			]
		},
		{
			"name": "PlanetFitnessDF_ArmTemplate_5",
			"type": "Microsoft.Resources/deployments",
			"apiVersion": "2018-02-01",
			"properties": {
				"mode": "incremental",
				"templateLink": {
					"uri": "[concat(parameters('containerUri'), '/ArmTemplate_5.json', parameters('containerSasToken'))]",
					"contentVersion": "1.0.0.0"
				},
				"parameters": {
					"factoryName": {
						"value": "[parameters('factoryName')]"
					}
				}
			},
			"dependsOn": [
				"[resourceId('Microsoft.Resources/deployments', 'PlanetFitnessDF_ArmTemplate_4')]"
			]
		},
		{
			"name": "PlanetFitnessDF_ArmTemplate_6",
			"type": "Microsoft.Resources/deployments",
			"apiVersion": "2018-02-01",
			"properties": {
				"mode": "incremental",
				"templateLink": {
					"uri": "[concat(parameters('containerUri'), '/ArmTemplate_6.json', parameters('containerSasToken'))]",
					"contentVersion": "1.0.0.0"
				},
				"parameters": {
					"factoryName": {
						"value": "[parameters('factoryName')]"
					}
				}
			},
			"dependsOn": [
				"[resourceId('Microsoft.Resources/deployments', 'PlanetFitnessDF_ArmTemplate_5')]"
			]
		},
		{
			"name": "PlanetFitnessDF_ArmTemplate_7",
			"type": "Microsoft.Resources/deployments",
			"apiVersion": "2018-02-01",
			"properties": {
				"mode": "incremental",
				"templateLink": {
					"uri": "[concat(parameters('containerUri'), '/ArmTemplate_7.json', parameters('containerSasToken'))]",
					"contentVersion": "1.0.0.0"
				},
				"parameters": {
					"factoryName": {
						"value": "[parameters('factoryName')]"
					}
				}
			},
			"dependsOn": [
				"[resourceId('Microsoft.Resources/deployments', 'PlanetFitnessDF_ArmTemplate_6')]"
			]
		},
		{
			"name": "PlanetFitnessDF_ArmTemplate_8",
			"type": "Microsoft.Resources/deployments",
			"apiVersion": "2018-02-01",
			"properties": {
				"mode": "incremental",
				"templateLink": {
					"uri": "[concat(parameters('containerUri'), '/ArmTemplate_8.json', parameters('containerSasToken'))]",
					"contentVersion": "1.0.0.0"
				},
				"parameters": {
					"factoryName": {
						"value": "[parameters('factoryName')]"
					}
				}
			},
			"dependsOn": [
				"[resourceId('Microsoft.Resources/deployments', 'PlanetFitnessDF_ArmTemplate_7')]"
			]
		},
		{
			"name": "PlanetFitnessDF_ArmTemplate_9",
			"type": "Microsoft.Resources/deployments",
			"apiVersion": "2018-02-01",
			"properties": {
				"mode": "incremental",
				"templateLink": {
					"uri": "[concat(parameters('containerUri'), '/ArmTemplate_9.json', parameters('containerSasToken'))]",
					"contentVersion": "1.0.0.0"
				},
				"parameters": {
					"factoryName": {
						"value": "[parameters('factoryName')]"
					}
				}
			},
			"dependsOn": [
				"[resourceId('Microsoft.Resources/deployments', 'PlanetFitnessDF_ArmTemplate_8')]"
			]
		},
		{
			"name": "PlanetFitnessDF_ArmTemplate_10",
			"type": "Microsoft.Resources/deployments",
			"apiVersion": "2018-02-01",
			"properties": {
				"mode": "incremental",
				"templateLink": {
					"uri": "[concat(parameters('containerUri'), '/ArmTemplate_10.json', parameters('containerSasToken'))]",
					"contentVersion": "1.0.0.0"
				},
				"parameters": {
					"factoryName": {
						"value": "[parameters('factoryName')]"
					}
				}
			},
			"dependsOn": [
				"[resourceId('Microsoft.Resources/deployments', 'PlanetFitnessDF_ArmTemplate_9')]"
			]
		},
		{
			"name": "PlanetFitnessDF_ArmTemplate_11",
			"type": "Microsoft.Resources/deployments",
			"apiVersion": "2018-02-01",
			"properties": {
				"mode": "incremental",
				"templateLink": {
					"uri": "[concat(parameters('containerUri'), '/ArmTemplate_11.json', parameters('containerSasToken'))]",
					"contentVersion": "1.0.0.0"
				},
				"parameters": {
					"factoryName": {
						"value": "[parameters('factoryName')]"
					}
				}
			},
			"dependsOn": [
				"[resourceId('Microsoft.Resources/deployments', 'PlanetFitnessDF_ArmTemplate_10')]"
			]
		},
		{
			"name": "PlanetFitnessDF_ArmTemplate_12",
			"type": "Microsoft.Resources/deployments",
			"apiVersion": "2018-02-01",
			"properties": {
				"mode": "incremental",
				"templateLink": {
					"uri": "[concat(parameters('containerUri'), '/ArmTemplate_12.json', parameters('containerSasToken'))]",
					"contentVersion": "1.0.0.0"
				},
				"parameters": {
					"factoryName": {
						"value": "[parameters('factoryName')]"
					}
				}
			},
			"dependsOn": [
				"[resourceId('Microsoft.Resources/deployments', 'PlanetFitnessDF_ArmTemplate_11')]"
			]
		},
		{
			"name": "PlanetFitnessDF_ArmTemplate_13",
			"type": "Microsoft.Resources/deployments",
			"apiVersion": "2018-02-01",
			"properties": {
				"mode": "incremental",
				"templateLink": {
					"uri": "[concat(parameters('containerUri'), '/ArmTemplate_13.json', parameters('containerSasToken'))]",
					"contentVersion": "1.0.0.0"
				},
				"parameters": {
					"factoryName": {
						"value": "[parameters('factoryName')]"
					}
				}
			},
			"dependsOn": [
				"[resourceId('Microsoft.Resources/deployments', 'PlanetFitnessDF_ArmTemplate_12')]"
			]
		},
		{
			"name": "PlanetFitnessDF_ArmTemplate_14",
			"type": "Microsoft.Resources/deployments",
			"apiVersion": "2018-02-01",
			"properties": {
				"mode": "incremental",
				"templateLink": {
					"uri": "[concat(parameters('containerUri'), '/ArmTemplate_14.json', parameters('containerSasToken'))]",
					"contentVersion": "1.0.0.0"
				},
				"parameters": {
					"factoryName": {
						"value": "[parameters('factoryName')]"
					}
				}
			},
			"dependsOn": [
				"[resourceId('Microsoft.Resources/deployments', 'PlanetFitnessDF_ArmTemplate_13')]"
			]
		},
		{
			"name": "PlanetFitnessDF_ArmTemplate_15",
			"type": "Microsoft.Resources/deployments",
			"apiVersion": "2018-02-01",
			"properties": {
				"mode": "incremental",
				"templateLink": {
					"uri": "[concat(parameters('containerUri'), '/ArmTemplate_15.json', parameters('containerSasToken'))]",
					"contentVersion": "1.0.0.0"
				},
				"parameters": {
					"factoryName": {
						"value": "[parameters('factoryName')]"
					}
				}
			},
			"dependsOn": [
				"[resourceId('Microsoft.Resources/deployments', 'PlanetFitnessDF_ArmTemplate_14')]"
			]
		},
		{
			"name": "PlanetFitnessDF_ArmTemplate_16",
			"type": "Microsoft.Resources/deployments",
			"apiVersion": "2018-02-01",
			"properties": {
				"mode": "incremental",
				"templateLink": {
					"uri": "[concat(parameters('containerUri'), '/ArmTemplate_16.json', parameters('containerSasToken'))]",
					"contentVersion": "1.0.0.0"
				},
				"parameters": {
					"factoryName": {
						"value": "[parameters('factoryName')]"
					}
				}
			},
			"dependsOn": [
				"[resourceId('Microsoft.Resources/deployments', 'PlanetFitnessDF_ArmTemplate_15')]"
			]
		},
		{
			"name": "PlanetFitnessDF_ArmTemplate_17",
			"type": "Microsoft.Resources/deployments",
			"apiVersion": "2018-02-01",
			"properties": {
				"mode": "incremental",
				"templateLink": {
					"uri": "[concat(parameters('containerUri'), '/ArmTemplate_17.json', parameters('containerSasToken'))]",
					"contentVersion": "1.0.0.0"
				},
				"parameters": {
					"factoryName": {
						"value": "[parameters('factoryName')]"
					}
				}
			},
			"dependsOn": [
				"[resourceId('Microsoft.Resources/deployments', 'PlanetFitnessDF_ArmTemplate_16')]"
			]
		},
		{
			"name": "PlanetFitnessDF_ArmTemplate_18",
			"type": "Microsoft.Resources/deployments",
			"apiVersion": "2018-02-01",
			"properties": {
				"mode": "incremental",
				"templateLink": {
					"uri": "[concat(parameters('containerUri'), '/ArmTemplate_18.json', parameters('containerSasToken'))]",
					"contentVersion": "1.0.0.0"
				},
				"parameters": {
					"factoryName": {
						"value": "[parameters('factoryName')]"
					}
				}
			},
			"dependsOn": [
				"[resourceId('Microsoft.Resources/deployments', 'PlanetFitnessDF_ArmTemplate_17')]"
			]
		},
		{
			"name": "PlanetFitnessDF_ArmTemplate_19",
			"type": "Microsoft.Resources/deployments",
			"apiVersion": "2018-02-01",
			"properties": {
				"mode": "incremental",
				"templateLink": {
					"uri": "[concat(parameters('containerUri'), '/ArmTemplate_19.json', parameters('containerSasToken'))]",
					"contentVersion": "1.0.0.0"
				},
				"parameters": {
					"factoryName": {
						"value": "[parameters('factoryName')]"
					}
				}
			},
			"dependsOn": [
				"[resourceId('Microsoft.Resources/deployments', 'PlanetFitnessDF_ArmTemplate_18')]"
			]
		},
		{
			"name": "PlanetFitnessDF_ArmTemplate_20",
			"type": "Microsoft.Resources/deployments",
			"apiVersion": "2018-02-01",
			"properties": {
				"mode": "incremental",
				"templateLink": {
					"uri": "[concat(parameters('containerUri'), '/ArmTemplate_20.json', parameters('containerSasToken'))]",
					"contentVersion": "1.0.0.0"
				},
				"parameters": {
					"factoryName": {
						"value": "[parameters('factoryName')]"
					}
				}
			},
			"dependsOn": [
				"[resourceId('Microsoft.Resources/deployments', 'PlanetFitnessDF_ArmTemplate_19')]"
			]
		},
		{
			"name": "PlanetFitnessDF_ArmTemplate_21",
			"type": "Microsoft.Resources/deployments",
			"apiVersion": "2018-02-01",
			"properties": {
				"mode": "incremental",
				"templateLink": {
					"uri": "[concat(parameters('containerUri'), '/ArmTemplate_21.json', parameters('containerSasToken'))]",
					"contentVersion": "1.0.0.0"
				},
				"parameters": {
					"factoryName": {
						"value": "[parameters('factoryName')]"
					}
				}
			},
			"dependsOn": [
				"[resourceId('Microsoft.Resources/deployments', 'PlanetFitnessDF_ArmTemplate_20')]"
			]
		},
		{
			"name": "PlanetFitnessDF_ArmTemplate_22",
			"type": "Microsoft.Resources/deployments",
			"apiVersion": "2018-02-01",
			"properties": {
				"mode": "incremental",
				"templateLink": {
					"uri": "[concat(parameters('containerUri'), '/ArmTemplate_22.json', parameters('containerSasToken'))]",
					"contentVersion": "1.0.0.0"
				},
				"parameters": {
					"factoryName": {
						"value": "[parameters('factoryName')]"
					}
				}
			},
			"dependsOn": [
				"[resourceId('Microsoft.Resources/deployments', 'PlanetFitnessDF_ArmTemplate_21')]"
			]
		},
		{
			"name": "PlanetFitnessDF_ArmTemplate_23",
			"type": "Microsoft.Resources/deployments",
			"apiVersion": "2018-02-01",
			"properties": {
				"mode": "incremental",
				"templateLink": {
					"uri": "[concat(parameters('containerUri'), '/ArmTemplate_23.json', parameters('containerSasToken'))]",
					"contentVersion": "1.0.0.0"
				},
				"parameters": {
					"factoryName": {
						"value": "[parameters('factoryName')]"
					}
				}
			},
			"dependsOn": [
				"[resourceId('Microsoft.Resources/deployments', 'PlanetFitnessDF_ArmTemplate_22')]"
			]
		},
		{
			"name": "PlanetFitnessDF_ArmTemplate_24",
			"type": "Microsoft.Resources/deployments",
			"apiVersion": "2018-02-01",
			"properties": {
				"mode": "incremental",
				"templateLink": {
					"uri": "[concat(parameters('containerUri'), '/ArmTemplate_24.json', parameters('containerSasToken'))]",
					"contentVersion": "1.0.0.0"
				},
				"parameters": {
					"factoryName": {
						"value": "[parameters('factoryName')]"
					}
				}
			},
			"dependsOn": [
				"[resourceId('Microsoft.Resources/deployments', 'PlanetFitnessDF_ArmTemplate_23')]"
			]
		},
		{
			"name": "PlanetFitnessDF_ArmTemplate_25",
			"type": "Microsoft.Resources/deployments",
			"apiVersion": "2018-02-01",
			"properties": {
				"mode": "incremental",
				"templateLink": {
					"uri": "[concat(parameters('containerUri'), '/ArmTemplate_25.json', parameters('containerSasToken'))]",
					"contentVersion": "1.0.0.0"
				},
				"parameters": {
					"factoryName": {
						"value": "[parameters('factoryName')]"
					}
				}
			},
			"dependsOn": [
				"[resourceId('Microsoft.Resources/deployments', 'PlanetFitnessDF_ArmTemplate_24')]"
			]
		},
		{
			"name": "PlanetFitnessDF_ArmTemplate_26",
			"type": "Microsoft.Resources/deployments",
			"apiVersion": "2018-02-01",
			"properties": {
				"mode": "incremental",
				"templateLink": {
					"uri": "[concat(parameters('containerUri'), '/ArmTemplate_26.json', parameters('containerSasToken'))]",
					"contentVersion": "1.0.0.0"
				},
				"parameters": {
					"factoryName": {
						"value": "[parameters('factoryName')]"
					}
				}
			},
			"dependsOn": [
				"[resourceId('Microsoft.Resources/deployments', 'PlanetFitnessDF_ArmTemplate_25')]"
			]
		},
		{
			"name": "PlanetFitnessDF_ArmTemplate_27",
			"type": "Microsoft.Resources/deployments",
			"apiVersion": "2018-02-01",
			"properties": {
				"mode": "incremental",
				"templateLink": {
					"uri": "[concat(parameters('containerUri'), '/ArmTemplate_27.json', parameters('containerSasToken'))]",
					"contentVersion": "1.0.0.0"
				},
				"parameters": {
					"factoryName": {
						"value": "[parameters('factoryName')]"
					}
				}
			},
			"dependsOn": [
				"[resourceId('Microsoft.Resources/deployments', 'PlanetFitnessDF_ArmTemplate_26')]"
			]
		},
		{
			"name": "PlanetFitnessDF_ArmTemplate_28",
			"type": "Microsoft.Resources/deployments",
			"apiVersion": "2018-02-01",
			"properties": {
				"mode": "incremental",
				"templateLink": {
					"uri": "[concat(parameters('containerUri'), '/ArmTemplate_28.json', parameters('containerSasToken'))]",
					"contentVersion": "1.0.0.0"
				},
				"parameters": {
					"factoryName": {
						"value": "[parameters('factoryName')]"
					}
				}
			},
			"dependsOn": [
				"[resourceId('Microsoft.Resources/deployments', 'PlanetFitnessDF_ArmTemplate_27')]"
			]
		},
		{
			"name": "PlanetFitnessDF_ArmTemplate_29",
			"type": "Microsoft.Resources/deployments",
			"apiVersion": "2018-02-01",
			"properties": {
				"mode": "incremental",
				"templateLink": {
					"uri": "[concat(parameters('containerUri'), '/ArmTemplate_29.json', parameters('containerSasToken'))]",
					"contentVersion": "1.0.0.0"
				},
				"parameters": {
					"factoryName": {
						"value": "[parameters('factoryName')]"
					}
				}
			},
			"dependsOn": [
				"[resourceId('Microsoft.Resources/deployments', 'PlanetFitnessDF_ArmTemplate_28')]"
			]
		},
		{
			"name": "PlanetFitnessDF_ArmTemplate_30",
			"type": "Microsoft.Resources/deployments",
			"apiVersion": "2018-02-01",
			"properties": {
				"mode": "incremental",
				"templateLink": {
					"uri": "[concat(parameters('containerUri'), '/ArmTemplate_30.json', parameters('containerSasToken'))]",
					"contentVersion": "1.0.0.0"
				},
				"parameters": {
					"factoryName": {
						"value": "[parameters('factoryName')]"
					}
				}
			},
			"dependsOn": [
				"[resourceId('Microsoft.Resources/deployments', 'PlanetFitnessDF_ArmTemplate_29')]"
			]
		},
		{
			"name": "PlanetFitnessDF_ArmTemplate_31",
			"type": "Microsoft.Resources/deployments",
			"apiVersion": "2018-02-01",
			"properties": {
				"mode": "incremental",
				"templateLink": {
					"uri": "[concat(parameters('containerUri'), '/ArmTemplate_31.json', parameters('containerSasToken'))]",
					"contentVersion": "1.0.0.0"
				},
				"parameters": {
					"factoryName": {
						"value": "[parameters('factoryName')]"
					}
				}
			},
			"dependsOn": [
				"[resourceId('Microsoft.Resources/deployments', 'PlanetFitnessDF_ArmTemplate_30')]"
			]
		},
		{
			"name": "PlanetFitnessDF_ArmTemplate_32",
			"type": "Microsoft.Resources/deployments",
			"apiVersion": "2018-02-01",
			"properties": {
				"mode": "incremental",
				"templateLink": {
					"uri": "[concat(parameters('containerUri'), '/ArmTemplate_32.json', parameters('containerSasToken'))]",
					"contentVersion": "1.0.0.0"
				},
				"parameters": {
					"factoryName": {
						"value": "[parameters('factoryName')]"
					}
				}
			},
			"dependsOn": [
				"[resourceId('Microsoft.Resources/deployments', 'PlanetFitnessDF_ArmTemplate_31')]"
			]
		},
		{
			"name": "PlanetFitnessDF_ArmTemplate_33",
			"type": "Microsoft.Resources/deployments",
			"apiVersion": "2018-02-01",
			"properties": {
				"mode": "incremental",
				"templateLink": {
					"uri": "[concat(parameters('containerUri'), '/ArmTemplate_33.json', parameters('containerSasToken'))]",
					"contentVersion": "1.0.0.0"
				},
				"parameters": {
					"factoryName": {
						"value": "[parameters('factoryName')]"
					}
				}
			},
			"dependsOn": [
				"[resourceId('Microsoft.Resources/deployments', 'PlanetFitnessDF_ArmTemplate_32')]"
			]
		},
		{
			"name": "PlanetFitnessDF_ArmTemplate_34",
			"type": "Microsoft.Resources/deployments",
			"apiVersion": "2018-02-01",
			"properties": {
				"mode": "incremental",
				"templateLink": {
					"uri": "[concat(parameters('containerUri'), '/ArmTemplate_34.json', parameters('containerSasToken'))]",
					"contentVersion": "1.0.0.0"
				},
				"parameters": {
					"factoryName": {
						"value": "[parameters('factoryName')]"
					}
				}
			},
			"dependsOn": [
				"[resourceId('Microsoft.Resources/deployments', 'PlanetFitnessDF_ArmTemplate_33')]"
			]
		},
		{
			"name": "PlanetFitnessDF_ArmTemplate_35",
			"type": "Microsoft.Resources/deployments",
			"apiVersion": "2018-02-01",
			"properties": {
				"mode": "incremental",
				"templateLink": {
					"uri": "[concat(parameters('containerUri'), '/ArmTemplate_35.json', parameters('containerSasToken'))]",
					"contentVersion": "1.0.0.0"
				},
				"parameters": {
					"factoryName": {
						"value": "[parameters('factoryName')]"
					}
				}
			},
			"dependsOn": [
				"[resourceId('Microsoft.Resources/deployments', 'PlanetFitnessDF_ArmTemplate_34')]"
			]
		},
		{
			"name": "PlanetFitnessDF_ArmTemplate_36",
			"type": "Microsoft.Resources/deployments",
			"apiVersion": "2018-02-01",
			"properties": {
				"mode": "incremental",
				"templateLink": {
					"uri": "[concat(parameters('containerUri'), '/ArmTemplate_36.json', parameters('containerSasToken'))]",
					"contentVersion": "1.0.0.0"
				},
				"parameters": {
					"factoryName": {
						"value": "[parameters('factoryName')]"
					}
				}
			},
			"dependsOn": [
				"[resourceId('Microsoft.Resources/deployments', 'PlanetFitnessDF_ArmTemplate_35')]"
			]
		},
		{
			"name": "PlanetFitnessDF_ArmTemplate_37",
			"type": "Microsoft.Resources/deployments",
			"apiVersion": "2018-02-01",
			"properties": {
				"mode": "incremental",
				"templateLink": {
					"uri": "[concat(parameters('containerUri'), '/ArmTemplate_37.json', parameters('containerSasToken'))]",
					"contentVersion": "1.0.0.0"
				},
				"parameters": {
					"factoryName": {
						"value": "[parameters('factoryName')]"
					}
				}
			},
			"dependsOn": [
				"[resourceId('Microsoft.Resources/deployments', 'PlanetFitnessDF_ArmTemplate_36')]"
			]
		},
		{
			"name": "PlanetFitnessDF_ArmTemplate_38",
			"type": "Microsoft.Resources/deployments",
			"apiVersion": "2018-02-01",
			"properties": {
				"mode": "incremental",
				"templateLink": {
					"uri": "[concat(parameters('containerUri'), '/ArmTemplate_38.json', parameters('containerSasToken'))]",
					"contentVersion": "1.0.0.0"
				},
				"parameters": {
					"factoryName": {
						"value": "[parameters('factoryName')]"
					}
				}
			},
			"dependsOn": [
				"[resourceId('Microsoft.Resources/deployments', 'PlanetFitnessDF_ArmTemplate_37')]"
			]
		},
		{
			"name": "PlanetFitnessDF_ArmTemplate_39",
			"type": "Microsoft.Resources/deployments",
			"apiVersion": "2018-02-01",
			"properties": {
				"mode": "incremental",
				"templateLink": {
					"uri": "[concat(parameters('containerUri'), '/ArmTemplate_39.json', parameters('containerSasToken'))]",
					"contentVersion": "1.0.0.0"
				},
				"parameters": {
					"factoryName": {
						"value": "[parameters('factoryName')]"
					}
				}
			},
			"dependsOn": [
				"[resourceId('Microsoft.Resources/deployments', 'PlanetFitnessDF_ArmTemplate_38')]"
			]
		},
		{
			"name": "PlanetFitnessDF_ArmTemplate_40",
			"type": "Microsoft.Resources/deployments",
			"apiVersion": "2018-02-01",
			"properties": {
				"mode": "incremental",
				"templateLink": {
					"uri": "[concat(parameters('containerUri'), '/ArmTemplate_40.json', parameters('containerSasToken'))]",
					"contentVersion": "1.0.0.0"
				},
				"parameters": {
					"factoryName": {
						"value": "[parameters('factoryName')]"
					}
				}
			},
			"dependsOn": [
				"[resourceId('Microsoft.Resources/deployments', 'PlanetFitnessDF_ArmTemplate_39')]"
			]
		},
		{
			"name": "PlanetFitnessDF_ArmTemplate_41",
			"type": "Microsoft.Resources/deployments",
			"apiVersion": "2018-02-01",
			"properties": {
				"mode": "incremental",
				"templateLink": {
					"uri": "[concat(parameters('containerUri'), '/ArmTemplate_41.json', parameters('containerSasToken'))]",
					"contentVersion": "1.0.0.0"
				},
				"parameters": {
					"factoryName": {
						"value": "[parameters('factoryName')]"
					}
				}
			},
			"dependsOn": [
				"[resourceId('Microsoft.Resources/deployments', 'PlanetFitnessDF_ArmTemplate_40')]"
			]
		},
		{
			"name": "PlanetFitnessDF_ArmTemplate_42",
			"type": "Microsoft.Resources/deployments",
			"apiVersion": "2018-02-01",
			"properties": {
				"mode": "incremental",
				"templateLink": {
					"uri": "[concat(parameters('containerUri'), '/ArmTemplate_42.json', parameters('containerSasToken'))]",
					"contentVersion": "1.0.0.0"
				},
				"parameters": {
					"factoryName": {
						"value": "[parameters('factoryName')]"
					}
				}
			},
			"dependsOn": [
				"[resourceId('Microsoft.Resources/deployments', 'PlanetFitnessDF_ArmTemplate_41')]"
			]
		},
		{
			"name": "PlanetFitnessDF_ArmTemplate_43",
			"type": "Microsoft.Resources/deployments",
			"apiVersion": "2018-02-01",
			"properties": {
				"mode": "incremental",
				"templateLink": {
					"uri": "[concat(parameters('containerUri'), '/ArmTemplate_43.json', parameters('containerSasToken'))]",
					"contentVersion": "1.0.0.0"
				},
				"parameters": {
					"factoryName": {
						"value": "[parameters('factoryName')]"
					}
				}
			},
			"dependsOn": [
				"[resourceId('Microsoft.Resources/deployments', 'PlanetFitnessDF_ArmTemplate_42')]"
			]
		},
		{
			"name": "PlanetFitnessDF_ArmTemplate_44",
			"type": "Microsoft.Resources/deployments",
			"apiVersion": "2018-02-01",
			"properties": {
				"mode": "incremental",
				"templateLink": {
					"uri": "[concat(parameters('containerUri'), '/ArmTemplate_44.json', parameters('containerSasToken'))]",
					"contentVersion": "1.0.0.0"
				},
				"parameters": {
					"factoryName": {
						"value": "[parameters('factoryName')]"
					}
				}
			},
			"dependsOn": [
				"[resourceId('Microsoft.Resources/deployments', 'PlanetFitnessDF_ArmTemplate_43')]"
			]
		},
		{
			"name": "PlanetFitnessDF_ArmTemplate_45",
			"type": "Microsoft.Resources/deployments",
			"apiVersion": "2018-02-01",
			"properties": {
				"mode": "incremental",
				"templateLink": {
					"uri": "[concat(parameters('containerUri'), '/ArmTemplate_45.json', parameters('containerSasToken'))]",
					"contentVersion": "1.0.0.0"
				},
				"parameters": {
					"factoryName": {
						"value": "[parameters('factoryName')]"
					}
				}
			},
			"dependsOn": [
				"[resourceId('Microsoft.Resources/deployments', 'PlanetFitnessDF_ArmTemplate_44')]"
			]
		},
		{
			"name": "PlanetFitnessDF_ArmTemplate_46",
			"type": "Microsoft.Resources/deployments",
			"apiVersion": "2018-02-01",
			"properties": {
				"mode": "incremental",
				"templateLink": {
					"uri": "[concat(parameters('containerUri'), '/ArmTemplate_46.json', parameters('containerSasToken'))]",
					"contentVersion": "1.0.0.0"
				},
				"parameters": {
					"factoryName": {
						"value": "[parameters('factoryName')]"
					}
				}
			},
			"dependsOn": [
				"[resourceId('Microsoft.Resources/deployments', 'PlanetFitnessDF_ArmTemplate_45')]"
			]
		},
		{
			"name": "PlanetFitnessDF_ArmTemplate_47",
			"type": "Microsoft.Resources/deployments",
			"apiVersion": "2018-02-01",
			"properties": {
				"mode": "incremental",
				"templateLink": {
					"uri": "[concat(parameters('containerUri'), '/ArmTemplate_47.json', parameters('containerSasToken'))]",
					"contentVersion": "1.0.0.0"
				},
				"parameters": {
					"factoryName": {
						"value": "[parameters('factoryName')]"
					}
				}
			},
			"dependsOn": [
				"[resourceId('Microsoft.Resources/deployments', 'PlanetFitnessDF_ArmTemplate_46')]"
			]
		},
		{
			"name": "PlanetFitnessDF_ArmTemplate_48",
			"type": "Microsoft.Resources/deployments",
			"apiVersion": "2018-02-01",
			"properties": {
				"mode": "incremental",
				"templateLink": {
					"uri": "[concat(parameters('containerUri'), '/ArmTemplate_48.json', parameters('containerSasToken'))]",
					"contentVersion": "1.0.0.0"
				},
				"parameters": {
					"factoryName": {
						"value": "[parameters('factoryName')]"
					}
				}
			},
			"dependsOn": [
				"[resourceId('Microsoft.Resources/deployments', 'PlanetFitnessDF_ArmTemplate_47')]"
			]
		},
		{
			"name": "PlanetFitnessDF_ArmTemplate_49",
			"type": "Microsoft.Resources/deployments",
			"apiVersion": "2018-02-01",
			"properties": {
				"mode": "incremental",
				"templateLink": {
					"uri": "[concat(parameters('containerUri'), '/ArmTemplate_49.json', parameters('containerSasToken'))]",
					"contentVersion": "1.0.0.0"
				},
				"parameters": {
					"factoryName": {
						"value": "[parameters('factoryName')]"
					}
				}
			},
			"dependsOn": [
				"[resourceId('Microsoft.Resources/deployments', 'PlanetFitnessDF_ArmTemplate_48')]"
			]
		},
		{
			"name": "PlanetFitnessDF_ArmTemplate_50",
			"type": "Microsoft.Resources/deployments",
			"apiVersion": "2018-02-01",
			"properties": {
				"mode": "incremental",
				"templateLink": {
					"uri": "[concat(parameters('containerUri'), '/ArmTemplate_50.json', parameters('containerSasToken'))]",
					"contentVersion": "1.0.0.0"
				},
				"parameters": {
					"factoryName": {
						"value": "[parameters('factoryName')]"
					}
				}
			},
			"dependsOn": [
				"[resourceId('Microsoft.Resources/deployments', 'PlanetFitnessDF_ArmTemplate_49')]"
			]
		},
		{
			"name": "PlanetFitnessDF_ArmTemplate_51",
			"type": "Microsoft.Resources/deployments",
			"apiVersion": "2018-02-01",
			"properties": {
				"mode": "incremental",
				"templateLink": {
					"uri": "[concat(parameters('containerUri'), '/ArmTemplate_51.json', parameters('containerSasToken'))]",
					"contentVersion": "1.0.0.0"
				},
				"parameters": {
					"factoryName": {
						"value": "[parameters('factoryName')]"
					}
				}
			},
			"dependsOn": [
				"[resourceId('Microsoft.Resources/deployments', 'PlanetFitnessDF_ArmTemplate_50')]"
			]
		},
		{
			"name": "PlanetFitnessDF_ArmTemplate_52",
			"type": "Microsoft.Resources/deployments",
			"apiVersion": "2018-02-01",
			"properties": {
				"mode": "incremental",
				"templateLink": {
					"uri": "[concat(parameters('containerUri'), '/ArmTemplate_52.json', parameters('containerSasToken'))]",
					"contentVersion": "1.0.0.0"
				},
				"parameters": {
					"factoryName": {
						"value": "[parameters('factoryName')]"
					}
				}
			},
			"dependsOn": [
				"[resourceId('Microsoft.Resources/deployments', 'PlanetFitnessDF_ArmTemplate_51')]"
			]
		},
		{
			"name": "PlanetFitnessDF_ArmTemplate_53",
			"type": "Microsoft.Resources/deployments",
			"apiVersion": "2018-02-01",
			"properties": {
				"mode": "incremental",
				"templateLink": {
					"uri": "[concat(parameters('containerUri'), '/ArmTemplate_53.json', parameters('containerSasToken'))]",
					"contentVersion": "1.0.0.0"
				},
				"parameters": {
					"factoryName": {
						"value": "[parameters('factoryName')]"
					}
				}
			},
			"dependsOn": [
				"[resourceId('Microsoft.Resources/deployments', 'PlanetFitnessDF_ArmTemplate_52')]"
			]
		},
		{
			"name": "PlanetFitnessDF_ArmTemplate_54",
			"type": "Microsoft.Resources/deployments",
			"apiVersion": "2018-02-01",
			"properties": {
				"mode": "incremental",
				"templateLink": {
					"uri": "[concat(parameters('containerUri'), '/ArmTemplate_54.json', parameters('containerSasToken'))]",
					"contentVersion": "1.0.0.0"
				},
				"parameters": {
					"factoryName": {
						"value": "[parameters('factoryName')]"
					}
				}
			},
			"dependsOn": [
				"[resourceId('Microsoft.Resources/deployments', 'PlanetFitnessDF_ArmTemplate_53')]"
			]
		},
		{
			"name": "PlanetFitnessDF_ArmTemplate_55",
			"type": "Microsoft.Resources/deployments",
			"apiVersion": "2018-02-01",
			"properties": {
				"mode": "incremental",
				"templateLink": {
					"uri": "[concat(parameters('containerUri'), '/ArmTemplate_55.json', parameters('containerSasToken'))]",
					"contentVersion": "1.0.0.0"
				},
				"parameters": {
					"factoryName": {
						"value": "[parameters('factoryName')]"
					}
				}
			},
			"dependsOn": [
				"[resourceId('Microsoft.Resources/deployments', 'PlanetFitnessDF_ArmTemplate_54')]"
			]
		},
		{
			"name": "PlanetFitnessDF_ArmTemplate_56",
			"type": "Microsoft.Resources/deployments",
			"apiVersion": "2018-02-01",
			"properties": {
				"mode": "incremental",
				"templateLink": {
					"uri": "[concat(parameters('containerUri'), '/ArmTemplate_56.json', parameters('containerSasToken'))]",
					"contentVersion": "1.0.0.0"
				},
				"parameters": {
					"factoryName": {
						"value": "[parameters('factoryName')]"
					}
				}
			},
			"dependsOn": [
				"[resourceId('Microsoft.Resources/deployments', 'PlanetFitnessDF_ArmTemplate_55')]"
			]
		},
		{
			"name": "PlanetFitnessDF_ArmTemplate_57",
			"type": "Microsoft.Resources/deployments",
			"apiVersion": "2018-02-01",
			"properties": {
				"mode": "incremental",
				"templateLink": {
					"uri": "[concat(parameters('containerUri'), '/ArmTemplate_57.json', parameters('containerSasToken'))]",
					"contentVersion": "1.0.0.0"
				},
				"parameters": {
					"factoryName": {
						"value": "[parameters('factoryName')]"
					}
				}
			},
			"dependsOn": [
				"[resourceId('Microsoft.Resources/deployments', 'PlanetFitnessDF_ArmTemplate_56')]"
			]
		},
		{
			"name": "PlanetFitnessDF_ArmTemplate_58",
			"type": "Microsoft.Resources/deployments",
			"apiVersion": "2018-02-01",
			"properties": {
				"mode": "incremental",
				"templateLink": {
					"uri": "[concat(parameters('containerUri'), '/ArmTemplate_58.json', parameters('containerSasToken'))]",
					"contentVersion": "1.0.0.0"
				},
				"parameters": {
					"factoryName": {
						"value": "[parameters('factoryName')]"
					}
				}
			},
			"dependsOn": [
				"[resourceId('Microsoft.Resources/deployments', 'PlanetFitnessDF_ArmTemplate_57')]"
			]
		},
		{
			"name": "PlanetFitnessDF_ArmTemplate_59",
			"type": "Microsoft.Resources/deployments",
			"apiVersion": "2018-02-01",
			"properties": {
				"mode": "incremental",
				"templateLink": {
					"uri": "[concat(parameters('containerUri'), '/ArmTemplate_59.json', parameters('containerSasToken'))]",
					"contentVersion": "1.0.0.0"
				},
				"parameters": {
					"factoryName": {
						"value": "[parameters('factoryName')]"
					}
				}
			},
			"dependsOn": [
				"[resourceId('Microsoft.Resources/deployments', 'PlanetFitnessDF_ArmTemplate_58')]"
			]
		},
		{
			"name": "PlanetFitnessDF_ArmTemplate_60",
			"type": "Microsoft.Resources/deployments",
			"apiVersion": "2018-02-01",
			"properties": {
				"mode": "incremental",
				"templateLink": {
					"uri": "[concat(parameters('containerUri'), '/ArmTemplate_60.json', parameters('containerSasToken'))]",
					"contentVersion": "1.0.0.0"
				},
				"parameters": {
					"factoryName": {
						"value": "[parameters('factoryName')]"
					}
				}
			},
			"dependsOn": [
				"[resourceId('Microsoft.Resources/deployments', 'PlanetFitnessDF_ArmTemplate_59')]"
			]
		},
		{
			"name": "PlanetFitnessDF_ArmTemplate_61",
			"type": "Microsoft.Resources/deployments",
			"apiVersion": "2018-02-01",
			"properties": {
				"mode": "incremental",
				"templateLink": {
					"uri": "[concat(parameters('containerUri'), '/ArmTemplate_61.json', parameters('containerSasToken'))]",
					"contentVersion": "1.0.0.0"
				},
				"parameters": {
					"factoryName": {
						"value": "[parameters('factoryName')]"
					}
				}
			},
			"dependsOn": [
				"[resourceId('Microsoft.Resources/deployments', 'PlanetFitnessDF_ArmTemplate_60')]"
			]
		},
		{
			"name": "PlanetFitnessDF_ArmTemplate_62",
			"type": "Microsoft.Resources/deployments",
			"apiVersion": "2018-02-01",
			"properties": {
				"mode": "incremental",
				"templateLink": {
					"uri": "[concat(parameters('containerUri'), '/ArmTemplate_62.json', parameters('containerSasToken'))]",
					"contentVersion": "1.0.0.0"
				},
				"parameters": {
					"factoryName": {
						"value": "[parameters('factoryName')]"
					}
				}
			},
			"dependsOn": [
				"[resourceId('Microsoft.Resources/deployments', 'PlanetFitnessDF_ArmTemplate_61')]"
			]
		},
		{
			"name": "PlanetFitnessDF_ArmTemplate_63",
			"type": "Microsoft.Resources/deployments",
			"apiVersion": "2018-02-01",
			"properties": {
				"mode": "incremental",
				"templateLink": {
					"uri": "[concat(parameters('containerUri'), '/ArmTemplate_63.json', parameters('containerSasToken'))]",
					"contentVersion": "1.0.0.0"
				},
				"parameters": {
					"factoryName": {
						"value": "[parameters('factoryName')]"
					}
				}
			},
			"dependsOn": [
				"[resourceId('Microsoft.Resources/deployments', 'PlanetFitnessDF_ArmTemplate_62')]"
			]
		},
		{
			"name": "PlanetFitnessDF_ArmTemplate_64",
			"type": "Microsoft.Resources/deployments",
			"apiVersion": "2018-02-01",
			"properties": {
				"mode": "incremental",
				"templateLink": {
					"uri": "[concat(parameters('containerUri'), '/ArmTemplate_64.json', parameters('containerSasToken'))]",
					"contentVersion": "1.0.0.0"
				},
				"parameters": {
					"factoryName": {
						"value": "[parameters('factoryName')]"
					}
				}
			},
			"dependsOn": [
				"[resourceId('Microsoft.Resources/deployments', 'PlanetFitnessDF_ArmTemplate_63')]"
			]
		},
		{
			"name": "PlanetFitnessDF_ArmTemplate_65",
			"type": "Microsoft.Resources/deployments",
			"apiVersion": "2018-02-01",
			"properties": {
				"mode": "incremental",
				"templateLink": {
					"uri": "[concat(parameters('containerUri'), '/ArmTemplate_65.json', parameters('containerSasToken'))]",
					"contentVersion": "1.0.0.0"
				},
				"parameters": {
					"factoryName": {
						"value": "[parameters('factoryName')]"
					}
				}
			},
			"dependsOn": [
				"[resourceId('Microsoft.Resources/deployments', 'PlanetFitnessDF_ArmTemplate_64')]"
			]
		},
		{
			"name": "PlanetFitnessDF_ArmTemplate_66",
			"type": "Microsoft.Resources/deployments",
			"apiVersion": "2018-02-01",
			"properties": {
				"mode": "incremental",
				"templateLink": {
					"uri": "[concat(parameters('containerUri'), '/ArmTemplate_66.json', parameters('containerSasToken'))]",
					"contentVersion": "1.0.0.0"
				},
				"parameters": {
					"factoryName": {
						"value": "[parameters('factoryName')]"
					}
				}
			},
			"dependsOn": [
				"[resourceId('Microsoft.Resources/deployments', 'PlanetFitnessDF_ArmTemplate_65')]"
			]
		},
		{
			"name": "PlanetFitnessDF_ArmTemplate_67",
			"type": "Microsoft.Resources/deployments",
			"apiVersion": "2018-02-01",
			"properties": {
				"mode": "incremental",
				"templateLink": {
					"uri": "[concat(parameters('containerUri'), '/ArmTemplate_67.json', parameters('containerSasToken'))]",
					"contentVersion": "1.0.0.0"
				},
				"parameters": {
					"factoryName": {
						"value": "[parameters('factoryName')]"
					}
				}
			},
			"dependsOn": [
				"[resourceId('Microsoft.Resources/deployments', 'PlanetFitnessDF_ArmTemplate_66')]"
			]
		},
		{
			"name": "PlanetFitnessDF_ArmTemplate_68",
			"type": "Microsoft.Resources/deployments",
			"apiVersion": "2018-02-01",
			"properties": {
				"mode": "incremental",
				"templateLink": {
					"uri": "[concat(parameters('containerUri'), '/ArmTemplate_68.json', parameters('containerSasToken'))]",
					"contentVersion": "1.0.0.0"
				},
				"parameters": {
					"factoryName": {
						"value": "[parameters('factoryName')]"
					}
				}
			},
			"dependsOn": [
				"[resourceId('Microsoft.Resources/deployments', 'PlanetFitnessDF_ArmTemplate_67')]"
			]
		},
		{
			"name": "PlanetFitnessDF_ArmTemplate_69",
			"type": "Microsoft.Resources/deployments",
			"apiVersion": "2018-02-01",
			"properties": {
				"mode": "incremental",
				"templateLink": {
					"uri": "[concat(parameters('containerUri'), '/ArmTemplate_69.json', parameters('containerSasToken'))]",
					"contentVersion": "1.0.0.0"
				},
				"parameters": {
					"factoryName": {
						"value": "[parameters('factoryName')]"
					}
				}
			},
			"dependsOn": [
				"[resourceId('Microsoft.Resources/deployments', 'PlanetFitnessDF_ArmTemplate_68')]"
			]
		},
		{
			"name": "PlanetFitnessDF_ArmTemplate_70",
			"type": "Microsoft.Resources/deployments",
			"apiVersion": "2018-02-01",
			"properties": {
				"mode": "incremental",
				"templateLink": {
					"uri": "[concat(parameters('containerUri'), '/ArmTemplate_70.json', parameters('containerSasToken'))]",
					"contentVersion": "1.0.0.0"
				},
				"parameters": {
					"factoryName": {
						"value": "[parameters('factoryName')]"
					}
				}
			},
			"dependsOn": [
				"[resourceId('Microsoft.Resources/deployments', 'PlanetFitnessDF_ArmTemplate_69')]"
			]
		},
		{
			"name": "PlanetFitnessDF_ArmTemplate_71",
			"type": "Microsoft.Resources/deployments",
			"apiVersion": "2018-02-01",
			"properties": {
				"mode": "incremental",
				"templateLink": {
					"uri": "[concat(parameters('containerUri'), '/ArmTemplate_71.json', parameters('containerSasToken'))]",
					"contentVersion": "1.0.0.0"
				},
				"parameters": {
					"factoryName": {
						"value": "[parameters('factoryName')]"
					}
				}
			},
			"dependsOn": [
				"[resourceId('Microsoft.Resources/deployments', 'PlanetFitnessDF_ArmTemplate_70')]"
			]
		},
		{
			"name": "PlanetFitnessDF_ArmTemplate_72",
			"type": "Microsoft.Resources/deployments",
			"apiVersion": "2018-02-01",
			"properties": {
				"mode": "incremental",
				"templateLink": {
					"uri": "[concat(parameters('containerUri'), '/ArmTemplate_72.json', parameters('containerSasToken'))]",
					"contentVersion": "1.0.0.0"
				},
				"parameters": {
					"factoryName": {
						"value": "[parameters('factoryName')]"
					}
				}
			},
			"dependsOn": [
				"[resourceId('Microsoft.Resources/deployments', 'PlanetFitnessDF_ArmTemplate_71')]"
			]
		},
		{
			"name": "PlanetFitnessDF_ArmTemplate_73",
			"type": "Microsoft.Resources/deployments",
			"apiVersion": "2018-02-01",
			"properties": {
				"mode": "incremental",
				"templateLink": {
					"uri": "[concat(parameters('containerUri'), '/ArmTemplate_73.json', parameters('containerSasToken'))]",
					"contentVersion": "1.0.0.0"
				},
				"parameters": {
					"factoryName": {
						"value": "[parameters('factoryName')]"
					}
				}
			},
			"dependsOn": [
				"[resourceId('Microsoft.Resources/deployments', 'PlanetFitnessDF_ArmTemplate_72')]"
			]
		},
		{
			"name": "PlanetFitnessDF_ArmTemplate_74",
			"type": "Microsoft.Resources/deployments",
			"apiVersion": "2018-02-01",
			"properties": {
				"mode": "incremental",
				"templateLink": {
					"uri": "[concat(parameters('containerUri'), '/ArmTemplate_74.json', parameters('containerSasToken'))]",
					"contentVersion": "1.0.0.0"
				},
				"parameters": {
					"factoryName": {
						"value": "[parameters('factoryName')]"
					}
				}
			},
			"dependsOn": [
				"[resourceId('Microsoft.Resources/deployments', 'PlanetFitnessDF_ArmTemplate_73')]"
			]
		},
		{
			"name": "PlanetFitnessDF_ArmTemplate_75",
			"type": "Microsoft.Resources/deployments",
			"apiVersion": "2018-02-01",
			"properties": {
				"mode": "incremental",
				"templateLink": {
					"uri": "[concat(parameters('containerUri'), '/ArmTemplate_75.json', parameters('containerSasToken'))]",
					"contentVersion": "1.0.0.0"
				},
				"parameters": {
					"factoryName": {
						"value": "[parameters('factoryName')]"
					}
				}
			},
			"dependsOn": [
				"[resourceId('Microsoft.Resources/deployments', 'PlanetFitnessDF_ArmTemplate_74')]"
			]
		},
		{
			"name": "PlanetFitnessDF_ArmTemplate_76",
			"type": "Microsoft.Resources/deployments",
			"apiVersion": "2018-02-01",
			"properties": {
				"mode": "incremental",
				"templateLink": {
					"uri": "[concat(parameters('containerUri'), '/ArmTemplate_76.json', parameters('containerSasToken'))]",
					"contentVersion": "1.0.0.0"
				},
				"parameters": {
					"factoryName": {
						"value": "[parameters('factoryName')]"
					}
				}
			},
			"dependsOn": [
				"[resourceId('Microsoft.Resources/deployments', 'PlanetFitnessDF_ArmTemplate_75')]"
			]
		},
		{
			"name": "PlanetFitnessDF_ArmTemplate_77",
			"type": "Microsoft.Resources/deployments",
			"apiVersion": "2018-02-01",
			"properties": {
				"mode": "incremental",
				"templateLink": {
					"uri": "[concat(parameters('containerUri'), '/ArmTemplate_77.json', parameters('containerSasToken'))]",
					"contentVersion": "1.0.0.0"
				},
				"parameters": {
					"factoryName": {
						"value": "[parameters('factoryName')]"
					}
				}
			},
			"dependsOn": [
				"[resourceId('Microsoft.Resources/deployments', 'PlanetFitnessDF_ArmTemplate_76')]"
			]
		},
		{
			"name": "PlanetFitnessDF_ArmTemplate_78",
			"type": "Microsoft.Resources/deployments",
			"apiVersion": "2018-02-01",
			"properties": {
				"mode": "incremental",
				"templateLink": {
					"uri": "[concat(parameters('containerUri'), '/ArmTemplate_78.json', parameters('containerSasToken'))]",
					"contentVersion": "1.0.0.0"
				},
				"parameters": {
					"factoryName": {
						"value": "[parameters('factoryName')]"
					}
				}
			},
			"dependsOn": [
				"[resourceId('Microsoft.Resources/deployments', 'PlanetFitnessDF_ArmTemplate_77')]"
			]
		},
		{
			"name": "PlanetFitnessDF_ArmTemplate_79",
			"type": "Microsoft.Resources/deployments",
			"apiVersion": "2018-02-01",
			"properties": {
				"mode": "incremental",
				"templateLink": {
					"uri": "[concat(parameters('containerUri'), '/ArmTemplate_79.json', parameters('containerSasToken'))]",
					"contentVersion": "1.0.0.0"
				},
				"parameters": {
					"factoryName": {
						"value": "[parameters('factoryName')]"
					}
				}
			},
			"dependsOn": [
				"[resourceId('Microsoft.Resources/deployments', 'PlanetFitnessDF_ArmTemplate_78')]"
			]
		},
		{
			"name": "PlanetFitnessDF_ArmTemplate_80",
			"type": "Microsoft.Resources/deployments",
			"apiVersion": "2018-02-01",
			"properties": {
				"mode": "incremental",
				"templateLink": {
					"uri": "[concat(parameters('containerUri'), '/ArmTemplate_80.json', parameters('containerSasToken'))]",
					"contentVersion": "1.0.0.0"
				},
				"parameters": {
					"factoryName": {
						"value": "[parameters('factoryName')]"
					}
				}
			},
			"dependsOn": [
				"[resourceId('Microsoft.Resources/deployments', 'PlanetFitnessDF_ArmTemplate_79')]"
			]
		}
	]
}