{
	"$schema": "http://schema.management.azure.com/schemas/2015-01-01/deploymentTemplate.json#",
	"contentVersion": "1.0.0.0",
	"parameters": {
		"factoryName": {
			"type": "string",
			"metadata": "Data Factory name",
			"defaultValue": "PlanetFitnessDF"
		}
	},
	"variables": {
		"factoryId": "[concat('Microsoft.DataFactory/factories/', parameters('factoryName'))]"
	},
	"resources": [
		{
			"name": "[concat(parameters('factoryName'), '/SRC_STGDATATRAK_STG_ALERTHISTORY_MISSING_UNIONTST_01_INCR')]",
			"type": "Microsoft.DataFactory/factories/datasets",
			"apiVersion": "2018-06-01",
			"properties": {
				"linkedServiceName": {
					"referenceName": "AzureSqlDatabase2",
					"type": "LinkedServiceReference"
				},
				"annotations": [],
				"type": "AzureSqlTable",
				"schema": [
					{
						"name": "ID",
						"type": "int",
						"precision": 10
					},
					{
						"name": "COL1",
						"type": "int",
						"precision": 10
					},
					{
						"name": "COL2",
						"type": "varchar"
					}
				],
				"typeProperties": {
					"schema": "StgDatatrak",
					"table": "DMS_UNION_TEST_01"
				}
			},
			"dependsOn": []
		},
		{
			"name": "[concat(parameters('factoryName'), '/SRC_STGDATATRAK_STG_ALERTHISTORY_MISSING_UNIONTST_02_INCR')]",
			"type": "Microsoft.DataFactory/factories/datasets",
			"apiVersion": "2018-06-01",
			"properties": {
				"linkedServiceName": {
					"referenceName": "AzureSqlDatabase2",
					"type": "LinkedServiceReference"
				},
				"annotations": [],
				"type": "AzureSqlTable",
				"schema": [
					{
						"name": "ID",
						"type": "int",
						"precision": 10
					},
					{
						"name": "COL1",
						"type": "int",
						"precision": 10
					},
					{
						"name": "COL2",
						"type": "varchar"
					}
				],
				"typeProperties": {
					"schema": "StgDatatrak",
					"table": "DMS_UNION_TEST_02"
				}
			},
			"dependsOn": []
		},
		{
			"name": "[concat(parameters('factoryName'), '/SRC_SYN_INZADBA_DIMADDTYPE')]",
			"type": "Microsoft.DataFactory/factories/datasets",
			"apiVersion": "2018-06-01",
			"properties": {
				"linkedServiceName": {
					"referenceName": "AzureSynapseAnalytics1",
					"type": "LinkedServiceReference"
				},
				"annotations": [],
				"type": "AzureSqlDWTable",
				"schema": [
					{
						"name": "AMENITY_SID",
						"type": "int",
						"precision": 10
					},
					{
						"name": "AMENITY_CODE",
						"type": "varchar"
					},
					{
						"name": "AMENITY_DESC",
						"type": "varchar"
					},
					{
						"name": "AMENITY_STATUS",
						"type": "char"
					},
					{
						"name": "QUANTITY_DESC",
						"type": "varchar"
					},
					{
						"name": "QUANTITY_REQUIRED",
						"type": "int",
						"precision": 10
					},
					{
						"name": "ETL_LOAD_DATE",
						"type": "datetime",
						"precision": 23,
						"scale": 3
					},
					{
						"name": "ETL_UPDATE_DATE",
						"type": "datetime",
						"precision": 23,
						"scale": 3
					},
					{
						"name": "ETL_USER_ID",
						"type": "varchar"
					},
					{
						"name": "AMENITY_CATEGORY",
						"type": "varchar"
					},
					{
						"name": "AMENITY_GROUP",
						"type": "varchar"
					}
				],
				"typeProperties": {
					"schema": "INZADBA",
					"table": "DIMADDTYPE"
				}
			},
			"dependsOn": []
		},
		{
			"name": "[concat(parameters('factoryName'), '/SRC_SYN_INZADBA_DIMAMENITY')]",
			"type": "Microsoft.DataFactory/factories/datasets",
			"apiVersion": "2018-06-01",
			"properties": {
				"linkedServiceName": {
					"referenceName": "AzureSynapseAnalytics1",
					"type": "LinkedServiceReference"
				},
				"annotations": [],
				"type": "AzureSqlDWTable",
				"schema": [
					{
						"name": "AMENITY_SID",
						"type": "int",
						"precision": 10
					},
					{
						"name": "AMENITY_CODE",
						"type": "varchar"
					},
					{
						"name": "AMENITY_DESC",
						"type": "varchar"
					},
					{
						"name": "AMENITY_STATUS",
						"type": "char"
					},
					{
						"name": "QUANTITY_DESC",
						"type": "varchar"
					},
					{
						"name": "QUANTITY_REQUIRED",
						"type": "int",
						"precision": 10
					},
					{
						"name": "ETL_LOAD_DATE",
						"type": "datetime",
						"precision": 23,
						"scale": 3
					},
					{
						"name": "ETL_UPDATE_DATE",
						"type": "datetime",
						"precision": 23,
						"scale": 3
					},
					{
						"name": "ETL_USER_ID",
						"type": "varchar"
					},
					{
						"name": "AMENITY_CATEGORY",
						"type": "varchar"
					},
					{
						"name": "AMENITY_GROUP",
						"type": "varchar"
					}
				],
				"typeProperties": {
					"schema": "INZADBA",
					"table": "DIMAMENITY"
				}
			},
			"dependsOn": []
		},
		{
			"name": "[concat(parameters('factoryName'), '/SRC_SYN_INZADBA_DIMCATALOGUEITEM')]",
			"type": "Microsoft.DataFactory/factories/datasets",
			"apiVersion": "2018-06-01",
			"properties": {
				"linkedServiceName": {
					"referenceName": "AzureSynapseAnalytics1",
					"type": "LinkedServiceReference"
				},
				"annotations": [],
				"type": "AzureSqlDWTable",
				"schema": [
					{
						"name": "CATALOGUE_ITEM_SID",
						"type": "varchar"
					},
					{
						"name": "CATALOGUE_ITEM_SNK",
						"type": "varchar"
					},
					{
						"name": "ITEM_NAME",
						"type": "varchar"
					},
					{
						"name": "ITEM_UPC",
						"type": "varchar"
					},
					{
						"name": "ACTIVE_FLAG",
						"type": "smallint",
						"precision": 5
					},
					{
						"name": "PF_CATEGORY",
						"type": "varchar"
					},
					{
						"name": "PF_SUBCATEGORY",
						"type": "varchar"
					},
					{
						"name": "CLUB_NUMBER_POS",
						"type": "varchar"
					},
					{
						"name": "PROFIT_CENTER_CODE",
						"type": "varchar"
					},
					{
						"name": "PROFIT_CENTER_GROUP",
						"type": "varchar"
					},
					{
						"name": "PROFIT_CENTER_GROUP_UPD",
						"type": "varchar"
					},
					{
						"name": "EFFECTIVE_START_DATE",
						"type": "datetime",
						"precision": 23,
						"scale": 3
					},
					{
						"name": "EFFECTIVE_END_DATE",
						"type": "datetime",
						"precision": 23,
						"scale": 3
					},
					{
						"name": "CURRENT_FLAG",
						"type": "smallint",
						"precision": 5
					},
					{
						"name": "ETL_LOAD_DATE",
						"type": "datetime",
						"precision": 23,
						"scale": 3
					},
					{
						"name": "ETL_UPDATE_DATE",
						"type": "datetime",
						"precision": 23,
						"scale": 3
					},
					{
						"name": "ETL_USER_ID",
						"type": "varchar"
					}
				],
				"typeProperties": {
					"schema": "INZADBA",
					"table": "DimCatalogueItem"
				}
			},
			"dependsOn": []
		},
		{
			"name": "[concat(parameters('factoryName'), '/SRC_SYN_INZADBA_DIMCHECKINALERT')]",
			"type": "Microsoft.DataFactory/factories/datasets",
			"apiVersion": "2018-06-01",
			"properties": {
				"linkedServiceName": {
					"referenceName": "AzureSynapseAnalytics1",
					"type": "LinkedServiceReference"
				},
				"annotations": [],
				"type": "AzureSqlDWTable",
				"schema": [
					{
						"name": "CHECK_IN_ALERT_SID",
						"type": "int",
						"precision": 10
					},
					{
						"name": "CHECK_IN_ALERT",
						"type": "varchar"
					},
					{
						"name": "CHECK_IN_ALERT_DESCRIPTION",
						"type": "varchar"
					},
					{
						"name": "ETL_LOAD_DATE",
						"type": "datetime",
						"precision": 23,
						"scale": 3
					},
					{
						"name": "ETL_UPDATE_DATE",
						"type": "datetime",
						"precision": 23,
						"scale": 3
					},
					{
						"name": "ETL_USER_ID",
						"type": "varchar"
					}
				],
				"typeProperties": {
					"schema": "INZADBA",
					"table": "DIMCHECKINALERT"
				}
			},
			"dependsOn": []
		},
		{
			"name": "[concat(parameters('factoryName'), '/SRC_SYN_INZADBA_DIMCLUB')]",
			"type": "Microsoft.DataFactory/factories/datasets",
			"apiVersion": "2018-06-01",
			"properties": {
				"linkedServiceName": {
					"referenceName": "AzureSynapseAnalytics1",
					"type": "LinkedServiceReference"
				},
				"annotations": [],
				"type": "AzureSqlDWTable",
				"schema": [
					{
						"name": "AMENITY_SID",
						"type": "int",
						"precision": 10
					},
					{
						"name": "AMENITY_CODE",
						"type": "varchar"
					},
					{
						"name": "AMENITY_DESC",
						"type": "varchar"
					},
					{
						"name": "AMENITY_STATUS",
						"type": "char"
					},
					{
						"name": "QUANTITY_DESC",
						"type": "varchar"
					},
					{
						"name": "QUANTITY_REQUIRED",
						"type": "int",
						"precision": 10
					},
					{
						"name": "ETL_LOAD_DATE",
						"type": "datetime",
						"precision": 23,
						"scale": 3
					},
					{
						"name": "ETL_UPDATE_DATE",
						"type": "datetime",
						"precision": 23,
						"scale": 3
					},
					{
						"name": "ETL_USER_ID",
						"type": "varchar"
					},
					{
						"name": "AMENITY_CATEGORY",
						"type": "varchar"
					},
					{
						"name": "AMENITY_GROUP",
						"type": "varchar"
					}
				],
				"typeProperties": {
					"schema": "INZADBA",
					"table": "DIMCLUB"
				}
			},
			"dependsOn": []
		},
		{
			"name": "[concat(parameters('factoryName'), '/SRC_SYN_INZADBA_DIMMEMBERTYPETOLKUP')]",
			"type": "Microsoft.DataFactory/factories/datasets",
			"apiVersion": "2018-06-01",
			"properties": {
				"linkedServiceName": {
					"referenceName": "AzureSynapseAnalytics1",
					"type": "LinkedServiceReference"
				},
				"annotations": [],
				"type": "AzureSqlDWTable",
				"schema": [
					{
						"name": "MEMBER_TYPE_SOURCE",
						"type": "varchar"
					},
					{
						"name": "MEMBER_TYPE",
						"type": "varchar"
					},
					{
						"name": "ETL_LOAD_DATE",
						"type": "datetime",
						"precision": 23,
						"scale": 3
					},
					{
						"name": "ETL_UPDATE_DATE",
						"type": "datetime",
						"precision": 23,
						"scale": 3
					},
					{
						"name": "ETL_USER_ID",
						"type": "varchar"
					}
				],
				"typeProperties": {
					"schema": "INZADBA",
					"table": "DIMMEMBERTYPETOLKUP"
				}
			},
			"dependsOn": []
		},
		{
			"name": "[concat(parameters('factoryName'), '/SRC_SYN_INZADBA_DIMMEMBER_PAYMENT_FREQUENCY_CODE_LKUP')]",
			"type": "Microsoft.DataFactory/factories/datasets",
			"apiVersion": "2018-06-01",
			"properties": {
				"linkedServiceName": {
					"referenceName": "AzureSynapseAnalytics1",
					"type": "LinkedServiceReference"
				},
				"annotations": [],
				"type": "AzureSqlDWTable",
				"schema": [
					{
						"name": "MEMBER_PAYMENT_FREQUENCY_CODE",
						"type": "varchar"
					},
					{
						"name": "MEMBER_PAYMENT_FREQUENCY_CODE_DESCRIPTION",
						"type": "varchar"
					},
					{
						"name": "ETL_LOAD_DATE",
						"type": "datetime",
						"precision": 23,
						"scale": 3
					},
					{
						"name": "ETL_UPDATE_DATE",
						"type": "datetime",
						"precision": 23,
						"scale": 3
					},
					{
						"name": "ETL_USER_ID",
						"type": "varchar"
					}
				],
				"typeProperties": {
					"schema": "INZADBA",
					"table": "DIMMEMBERPAYMENTFREQUENCYCODELKUP"
				}
			},
			"dependsOn": []
		},
		{
			"name": "[concat(parameters('factoryName'), '/SRC_SYN_INZADBA_DIMPAYMENTCODE')]",
			"type": "Microsoft.DataFactory/factories/datasets",
			"apiVersion": "2018-06-01",
			"properties": {
				"linkedServiceName": {
					"referenceName": "AzureSynapseAnalytics1",
					"type": "LinkedServiceReference"
				},
				"annotations": [],
				"type": "AzureSqlDWTable",
				"schema": [
					{
						"name": "PROFIT_CENTER_CODE_SID",
						"type": "bigint",
						"precision": 19
					},
					{
						"name": "PROFIT_CENTER_CODE",
						"type": "varchar"
					},
					{
						"name": "PROFIT_CENTER_CODE_DESC",
						"type": "varchar"
					},
					{
						"name": "ETL_LOAD_DATE",
						"type": "datetime",
						"precision": 23,
						"scale": 3
					},
					{
						"name": "ETL_UPDATE_DATE",
						"type": "datetime",
						"precision": 23,
						"scale": 3
					},
					{
						"name": "ETL_USER_ID",
						"type": "varchar"
					},
					{
						"name": "PROFIT_CENTER_GROUP",
						"type": "varchar"
					}
				],
				"typeProperties": {
					"schema": "INZADBA",
					"table": "DIMPAYMENTCODE"
				}
			},
			"dependsOn": []
		},
		{
			"name": "[concat(parameters('factoryName'), '/SRC_SYN_INZADBA_DIMPROFITCENTER')]",
			"type": "Microsoft.DataFactory/factories/datasets",
			"apiVersion": "2018-06-01",
			"properties": {
				"linkedServiceName": {
					"referenceName": "AzureSynapseAnalytics1",
					"type": "LinkedServiceReference"
				},
				"annotations": [],
				"type": "AzureSqlDWTable",
				"schema": [
					{
						"name": "PROFIT_CENTER_CODE_SID",
						"type": "bigint",
						"precision": 19
					},
					{
						"name": "PROFIT_CENTER_CODE",
						"type": "varchar"
					},
					{
						"name": "PROFIT_CENTER_CODE_DESC",
						"type": "varchar"
					},
					{
						"name": "ETL_LOAD_DATE",
						"type": "datetime",
						"precision": 23,
						"scale": 3
					},
					{
						"name": "ETL_UPDATE_DATE",
						"type": "datetime",
						"precision": 23,
						"scale": 3
					},
					{
						"name": "ETL_USER_ID",
						"type": "varchar"
					},
					{
						"name": "PROFIT_CENTER_GROUP",
						"type": "varchar"
					}
				],
				"typeProperties": {
					"schema": "INZADBA",
					"table": "DIMPROFITCENTER"
				}
			},
			"dependsOn": []
		},
		{
			"name": "[concat(parameters('factoryName'), '/SRC_SYN_INZADBA_DIMSALESPERSON')]",
			"type": "Microsoft.DataFactory/factories/datasets",
			"apiVersion": "2018-06-01",
			"properties": {
				"linkedServiceName": {
					"referenceName": "AzureSynapseAnalytics1",
					"type": "LinkedServiceReference"
				},
				"annotations": [],
				"type": "AzureSqlDWTable",
				"schema": [
					{
						"name": "AMENITY_SID",
						"type": "int",
						"precision": 10
					},
					{
						"name": "AMENITY_CODE",
						"type": "varchar"
					},
					{
						"name": "AMENITY_DESC",
						"type": "varchar"
					},
					{
						"name": "AMENITY_STATUS",
						"type": "char"
					},
					{
						"name": "QUANTITY_DESC",
						"type": "varchar"
					},
					{
						"name": "QUANTITY_REQUIRED",
						"type": "int",
						"precision": 10
					},
					{
						"name": "ETL_LOAD_DATE",
						"type": "datetime",
						"precision": 23,
						"scale": 3
					},
					{
						"name": "ETL_UPDATE_DATE",
						"type": "datetime",
						"precision": 23,
						"scale": 3
					},
					{
						"name": "ETL_USER_ID",
						"type": "varchar"
					},
					{
						"name": "AMENITY_CATEGORY",
						"type": "varchar"
					},
					{
						"name": "AMENITY_GROUP",
						"type": "varchar"
					}
				],
				"typeProperties": {
					"schema": "INZADBA",
					"table": "DIMSALESPERSON"
				}
			},
			"dependsOn": []
		},
		{
			"name": "[concat(parameters('factoryName'), '/SRC_SYN_INZADBA_DIMSTATUSCODE')]",
			"type": "Microsoft.DataFactory/factories/datasets",
			"apiVersion": "2018-06-01",
			"properties": {
				"linkedServiceName": {
					"referenceName": "AzureSynapseAnalytics1",
					"type": "LinkedServiceReference"
				},
				"annotations": [],
				"type": "AzureSqlDWTable",
				"schema": [
					{
						"name": "STATUS_CODE_SID",
						"type": "int",
						"precision": 10
					},
					{
						"name": "MEMBER_STATUS_CODE",
						"type": "varchar"
					},
					{
						"name": "MEMBER_STATUS_CODE_DESCRIPTION",
						"type": "nvarchar"
					},
					{
						"name": "MEMBER_STATUS_CODE_DESCRIPTION_EN",
						"type": "varchar"
					},
					{
						"name": "ACTIVE_INDICATOR",
						"type": "varchar"
					},
					{
						"name": "TYPE_INDICATOR",
						"type": "varchar"
					},
					{
						"name": "PF_INDICATOR",
						"type": "varchar"
					},
					{
						"name": "VOLUNTARY_CANCEL_FLAG",
						"type": "char"
					},
					{
						"name": "ETL_LOAD_DATE",
						"type": "datetime",
						"precision": 23,
						"scale": 3
					},
					{
						"name": "ETL_UPDATE_DATE",
						"type": "datetime",
						"precision": 23,
						"scale": 3
					},
					{
						"name": "ETL_USER_ID",
						"type": "varchar"
					},
					{
						"name": "ACTION_CLASS",
						"type": "varchar"
					},
					{
						"name": "ACTION_TYPE",
						"type": "varchar"
					},
					{
						"name": "INCLUDE_IN_EMAIL_CAMPAIGN",
						"type": "smallint",
						"precision": 5
					}
				],
				"typeProperties": {
					"schema": "INZADBA",
					"table": "DIMSTATUSCODE"
				}
			},
			"dependsOn": []
		},
		{
			"name": "[concat(parameters('factoryName'), '/SRC_SYN_INZADBA_DIMSTATUSCODEACTIONTYPELKUP')]",
			"type": "Microsoft.DataFactory/factories/datasets",
			"apiVersion": "2018-06-01",
			"properties": {
				"linkedServiceName": {
					"referenceName": "AzureSynapseAnalytics1",
					"type": "LinkedServiceReference"
				},
				"annotations": [],
				"type": "AzureSqlDWTable",
				"schema": [
					{
						"name": "PROFIT_CENTER_CODE_SID",
						"type": "bigint",
						"precision": 19
					},
					{
						"name": "PROFIT_CENTER_CODE",
						"type": "varchar"
					},
					{
						"name": "PROFIT_CENTER_CODE_DESC",
						"type": "varchar"
					},
					{
						"name": "ETL_LOAD_DATE",
						"type": "datetime",
						"precision": 23,
						"scale": 3
					},
					{
						"name": "ETL_UPDATE_DATE",
						"type": "datetime",
						"precision": 23,
						"scale": 3
					},
					{
						"name": "ETL_USER_ID",
						"type": "varchar"
					},
					{
						"name": "PROFIT_CENTER_GROUP",
						"type": "varchar"
					}
				],
				"typeProperties": {
					"schema": "INZADBA",
					"table": "DIMSTATUSCODEACTIONTYPELKUP"
				}
			},
			"dependsOn": []
		},
		{
			"name": "[concat(parameters('factoryName'), '/SRC_SYN_INZADBA_DimStatusCodeToDimStatusCodeToLKUP')]",
			"type": "Microsoft.DataFactory/factories/datasets",
			"apiVersion": "2018-06-01",
			"properties": {
				"linkedServiceName": {
					"referenceName": "AzureSynapseAnalytics1",
					"type": "LinkedServiceReference"
				},
				"annotations": [],
				"type": "AzureSqlDWTable",
				"schema": [
					{
						"name": "AMENITY_SID",
						"type": "int",
						"precision": 10
					},
					{
						"name": "AMENITY_CODE",
						"type": "varchar"
					},
					{
						"name": "AMENITY_DESC",
						"type": "varchar"
					},
					{
						"name": "AMENITY_STATUS",
						"type": "char"
					},
					{
						"name": "QUANTITY_DESC",
						"type": "varchar"
					},
					{
						"name": "QUANTITY_REQUIRED",
						"type": "int",
						"precision": 10
					},
					{
						"name": "ETL_LOAD_DATE",
						"type": "datetime",
						"precision": 23,
						"scale": 3
					},
					{
						"name": "ETL_UPDATE_DATE",
						"type": "datetime",
						"precision": 23,
						"scale": 3
					},
					{
						"name": "ETL_USER_ID",
						"type": "varchar"
					},
					{
						"name": "AMENITY_CATEGORY",
						"type": "varchar"
					},
					{
						"name": "AMENITY_GROUP",
						"type": "varchar"
					}
				],
				"typeProperties": {
					"schema": "INZADBA",
					"table": "DimStatusCodeToLkup"
				}
			},
			"dependsOn": []
		},
		{
			"name": "[concat(parameters('factoryName'), '/SnowflakeTable1')]",
			"type": "Microsoft.DataFactory/factories/datasets",
			"apiVersion": "2018-06-01",
			"properties": {
				"linkedServiceName": {
					"referenceName": "Snowflake1",
					"type": "LinkedServiceReference"
				},
				"annotations": [],
				"type": "SnowflakeTable",
				"schema": [
					{
						"name": "CHECKINKEY",
						"type": "NUMBER",
						"precision": 38,
						"scale": 0
					},
					{
						"name": "CLUB_KEY",
						"type": "NUMBER",
						"precision": 38,
						"scale": 0
					},
					{
						"name": "CHECKINID",
						"type": "VARCHAR",
						"precision": 0,
						"scale": 0
					},
					{
						"name": "MEMBERKEY",
						"type": "NUMBER",
						"precision": 38,
						"scale": 0
					},
					{
						"name": "STATIONKEY",
						"type": "NUMBER",
						"precision": 38,
						"scale": 0
					},
					{
						"name": "CHECKINSTATUS",
						"type": "VARCHAR",
						"precision": 0,
						"scale": 0
					},
					{
						"name": "CHECKINTIMESTAMP",
						"type": "TIMESTAMP_NTZ",
						"precision": 27,
						"scale": 7
					},
					{
						"name": "HOMECLUB",
						"type": "NUMBER",
						"precision": 38,
						"scale": 0
					},
					{
						"name": "CHECKINMESSAGE",
						"type": "VARCHAR",
						"precision": 0,
						"scale": 0
					},
					{
						"name": "FITBIDATEMODIFIEDUTC",
						"type": "TIMESTAMP_NTZ",
						"precision": 27,
						"scale": 7
					},
					{
						"name": "INSERTDT",
						"type": "TIMESTAMP_NTZ",
						"precision": 27,
						"scale": 7
					},
					{
						"name": "STATIONNAME",
						"type": "VARCHAR",
						"precision": 0,
						"scale": 0
					},
					{
						"name": "VPD_ID",
						"type": "NUMBER",
						"precision": 6,
						"scale": 0
					},
					{
						"name": "ISDELETED",
						"type": "BOOLEAN",
						"precision": 1,
						"scale": 0
					}
				],
				"typeProperties": {
					"schema": "ABC",
					"table": "FACTCHECKIN"
				}
			},
			"dependsOn": []
		},
		{
			"name": "[concat(parameters('factoryName'), '/SnowflakeTable2')]",
			"type": "Microsoft.DataFactory/factories/datasets",
			"apiVersion": "2018-06-01",
			"properties": {
				"linkedServiceName": {
					"referenceName": "Snowflake1",
					"type": "LinkedServiceReference"
				},
				"annotations": [],
				"type": "SnowflakeTable",
				"schema": [
					{
						"name": "ADD_TYPE_SID",
						"type": "NUMBER",
						"precision": 38,
						"scale": 0
					},
					{
						"name": "ADD_TYPE",
						"type": "VARCHAR",
						"precision": 0,
						"scale": 0
					},
					{
						"name": "ADD_TYPE_DESC",
						"type": "VARCHAR",
						"precision": 0,
						"scale": 0
					},
					{
						"name": "ETL_LOAD_DATE",
						"type": "TIMESTAMP_NTZ",
						"precision": 29,
						"scale": 9
					},
					{
						"name": "ETL_UPDATE_DATE",
						"type": "TIMESTAMP_NTZ",
						"precision": 29,
						"scale": 9
					},
					{
						"name": "ETL_USER_ID",
						"type": "VARCHAR",
						"precision": 0,
						"scale": 0
					},
					{
						"name": "CHANNEL",
						"type": "VARCHAR",
						"precision": 0,
						"scale": 0
					},
					{
						"name": "CHANNEL_GROUP",
						"type": "VARCHAR",
						"precision": 0,
						"scale": 0
					},
					{
						"name": "LOAD_TYPE",
						"type": "VARCHAR",
						"precision": 0,
						"scale": 0
					},
					{
						"name": "INGESTION_TIMESTAMP",
						"type": "TIMESTAMP_NTZ",
						"precision": 29,
						"scale": 9
					}
				],
				"typeProperties": {
					"schema": "EDW",
					"table": "ADD_TYPE_DIM"
				}
			},
			"dependsOn": []
		},
		{
			"name": "[concat(parameters('factoryName'), '/SourceDataset')]",
			"type": "Microsoft.DataFactory/factories/datasets",
			"apiVersion": "2018-06-01",
			"properties": {
				"description": "Connection to your source data store.",
				"linkedServiceName": {
					"referenceName": "AzureDataLakeStorage1",
					"type": "LinkedServiceReference"
				},
				"parameters": {
					"fileName": {
						"type": "string"
					},
					"SourceContainer": {
						"type": "string"
					},
					"SourceDirectory": {
						"type": "string"
					}
				},
				"annotations": [],
				"type": "DelimitedText",
				"typeProperties": {
					"location": {
						"type": "AzureBlobFSLocation",
						"fileName": {
							"value": "@dataset().fileName",
							"type": "Expression"
						},
						"folderPath": {
							"value": "@dataset().SourceDirectory",
							"type": "Expression"
						},
						"fileSystem": {
							"value": "@dataset().SourceContainer",
							"type": "Expression"
						}
					},
					"columnDelimiter": ",",
					"escapeChar": "\\",
					"quoteChar": "\""
				},
				"schema": []
			},
			"dependsOn": []
		},
		{
			"name": "[concat(parameters('factoryName'), '/SourceDataset_5sa')]",
			"type": "Microsoft.DataFactory/factories/datasets",
			"apiVersion": "2018-06-01",
			"properties": {
				"linkedServiceName": {
					"referenceName": "Oracle1",
					"type": "LinkedServiceReference"
				},
				"annotations": [],
				"type": "OracleTable",
				"schema": [],
				"typeProperties": {}
			},
			"dependsOn": []
		},
		{
			"name": "[concat(parameters('factoryName'), '/SourceDataset_j5r')]",
			"type": "Microsoft.DataFactory/factories/datasets",
			"apiVersion": "2018-06-01",
			"properties": {
				"linkedServiceName": {
					"referenceName": "Oracle2",
					"type": "LinkedServiceReference"
				},
				"parameters": {
					"cw_table": {
						"type": "String"
					}
				},
				"annotations": [],
				"type": "OracleTable",
				"schema": [],
				"typeProperties": {
					"schema": "BETADATA",
					"table": {
						"value": "@dataset().cw_table",
						"type": "Expression"
					}
				}
			},
			"dependsOn": []
		}
	]
}