{
	"$schema": "http://schema.management.azure.com/schemas/2015-01-01/deploymentTemplate.json#",
	"contentVersion": "1.0.0.0",
	"parameters": {
		"factoryName": {
			"type": "string",
			"metadata": "Data Factory name",
			"defaultValue": "PlanetFitnessDF"
		}
	},
	"variables": {
		"factoryId": "[concat('Microsoft.DataFactory/factories/', parameters('factoryName'))]"
	},
	"resources": [
		{
			"name": "[concat(parameters('factoryName'), '/SNK_StgIseries_ABC400FIL_cbfil_INCR')]",
			"type": "Microsoft.DataFactory/factories/datasets",
			"apiVersion": "2018-06-01",
			"properties": {
				"linkedServiceName": {
					"referenceName": "AzureSqlDatabase2",
					"type": "LinkedServiceReference"
				},
				"annotations": [],
				"type": "AzureSqlTable",
				"schema": [],
				"typeProperties": {
					"schema": "StgIseries",
					"table": "ABC400FIL_CBFIL_INCR"
				}
			},
			"dependsOn": []
		},
		{
			"name": "[concat(parameters('factoryName'), '/SNK_StgIseries_ABC400FIL_ccaddrf_INCR')]",
			"type": "Microsoft.DataFactory/factories/datasets",
			"apiVersion": "2018-06-01",
			"properties": {
				"linkedServiceName": {
					"referenceName": "AzureSqlDatabase2",
					"type": "LinkedServiceReference"
				},
				"annotations": [],
				"type": "AzureSqlTable",
				"schema": [],
				"typeProperties": {
					"schema": "StgIseries",
					"table": "ABC400FIL_CCADDRF_INCR"
				}
			},
			"dependsOn": []
		},
		{
			"name": "[concat(parameters('factoryName'), '/SNK_StgIseries_ABC400FIL_ccfil_INCR')]",
			"type": "Microsoft.DataFactory/factories/datasets",
			"apiVersion": "2018-06-01",
			"properties": {
				"linkedServiceName": {
					"referenceName": "AzureSqlDatabase2",
					"type": "LinkedServiceReference"
				},
				"annotations": [],
				"type": "AzureSqlTable",
				"schema": [],
				"typeProperties": {
					"schema": "StgIseries",
					"table": "ABC400FIL_CCFIL_INCR"
				}
			},
			"dependsOn": []
		},
		{
			"name": "[concat(parameters('factoryName'), '/SNK_StgIseries_ABC400FIL_ccfilext_INCR')]",
			"type": "Microsoft.DataFactory/factories/datasets",
			"apiVersion": "2018-06-01",
			"properties": {
				"linkedServiceName": {
					"referenceName": "AzureSqlDatabase2",
					"type": "LinkedServiceReference"
				},
				"annotations": [],
				"type": "AzureSqlTable",
				"schema": [],
				"typeProperties": {
					"schema": "StgIseries",
					"table": "ABC400FIL_CCFILEXT_INCR"
				}
			},
			"dependsOn": []
		},
		{
			"name": "[concat(parameters('factoryName'), '/SNK_StgIseries_ABC400FIL_cdfil_INCR')]",
			"type": "Microsoft.DataFactory/factories/datasets",
			"apiVersion": "2018-06-01",
			"properties": {
				"linkedServiceName": {
					"referenceName": "AzureSqlDatabase2",
					"type": "LinkedServiceReference"
				},
				"annotations": [],
				"type": "AzureSqlTable",
				"schema": [],
				"typeProperties": {
					"schema": "StgIseries",
					"table": "ABC400FIL_CDFIL_INCR"
				}
			},
			"dependsOn": []
		},
		{
			"name": "[concat(parameters('factoryName'), '/SNK_StgIseries_ABC400FIL_cdjrn_INCR')]",
			"type": "Microsoft.DataFactory/factories/datasets",
			"apiVersion": "2018-06-01",
			"properties": {
				"linkedServiceName": {
					"referenceName": "AzureSqlDatabase2",
					"type": "LinkedServiceReference"
				},
				"annotations": [],
				"type": "AzureSqlTable",
				"schema": [],
				"typeProperties": {
					"schema": "StgIseries",
					"table": "ABC400FIL_CDJRN_INCR"
				}
			},
			"dependsOn": []
		},
		{
			"name": "[concat(parameters('factoryName'), '/SNK_StgIseries_ABC400FIL_cgfilf_INCR')]",
			"type": "Microsoft.DataFactory/factories/datasets",
			"apiVersion": "2018-06-01",
			"properties": {
				"linkedServiceName": {
					"referenceName": "AzureSqlDatabase2",
					"type": "LinkedServiceReference"
				},
				"annotations": [],
				"type": "AzureSqlTable",
				"schema": [],
				"typeProperties": {
					"schema": "StgIseries",
					"table": "ABC400FIL_CGFILF_INCR"
				}
			},
			"dependsOn": []
		},
		{
			"name": "[concat(parameters('factoryName'), '/SNK_StgIseries_ABC400FIL_cifil_INCR')]",
			"type": "Microsoft.DataFactory/factories/datasets",
			"apiVersion": "2018-06-01",
			"properties": {
				"linkedServiceName": {
					"referenceName": "AzureSqlDatabase2",
					"type": "LinkedServiceReference"
				},
				"annotations": [],
				"type": "AzureSqlTable",
				"schema": [
					{
						"name": "CLUB_NUMBER_I",
						"type": "decimal",
						"precision": 5,
						"scale": 0
					},
					{
						"name": "CICLB",
						"type": "decimal",
						"precision": 5,
						"scale": 0
					},
					{
						"name": "CIMBR",
						"type": "decimal",
						"precision": 5,
						"scale": 0
					},
					{
						"name": "CISEQ",
						"type": "decimal",
						"precision": 5,
						"scale": 0
					},
					{
						"name": "CITYP",
						"type": "nvarchar"
					},
					{
						"name": "CIFRQ",
						"type": "nvarchar"
					},
					{
						"name": "CISDT",
						"type": "decimal",
						"precision": 6,
						"scale": 0
					},
					{
						"name": "CIBDT",
						"type": "decimal",
						"precision": 6,
						"scale": 0
					},
					{
						"name": "CIEDT",
						"type": "decimal",
						"precision": 6,
						"scale": 0
					},
					{
						"name": "CIDDY",
						"type": "decimal",
						"precision": 2,
						"scale": 0
					},
					{
						"name": "CIDWN",
						"type": "decimal",
						"precision": 7,
						"scale": 2
					},
					{
						"name": "CIPMT",
						"type": "decimal",
						"precision": 3,
						"scale": 0
					},
					{
						"name": "CICSH",
						"type": "decimal",
						"precision": 7,
						"scale": 2
					},
					{
						"name": "CIDFT",
						"type": "decimal",
						"precision": 7,
						"scale": 2
					},
					{
						"name": "CIP#2",
						"type": "decimal",
						"precision": 3,
						"scale": 0
					},
					{
						"name": "CIC$2",
						"type": "decimal",
						"precision": 7,
						"scale": 2
					},
					{
						"name": "CID$2",
						"type": "decimal",
						"precision": 7,
						"scale": 2
					},
					{
						"name": "CIP#3",
						"type": "decimal",
						"precision": 3,
						"scale": 0
					},
					{
						"name": "CIC$3",
						"type": "decimal",
						"precision": 7,
						"scale": 2
					},
					{
						"name": "CID$3",
						"type": "decimal",
						"precision": 7,
						"scale": 2
					},
					{
						"name": "CIRIA",
						"type": "nvarchar"
					},
					{
						"name": "CIRIP",
						"type": "decimal",
						"precision": 3,
						"scale": 0
					},
					{
						"name": "CIRIC",
						"type": "decimal",
						"precision": 7,
						"scale": 2
					},
					{
						"name": "CIRID",
						"type": "decimal",
						"precision": 7,
						"scale": 2
					},
					{
						"name": "CIRIT",
						"type": "decimal",
						"precision": 7,
						"scale": 2
					},
					{
						"name": "CIRIO",
						"type": "nvarchar"
					},
					{
						"name": "CIRIE",
						"type": "decimal",
						"precision": 6,
						"scale": 0
					},
					{
						"name": "CIRIY",
						"type": "decimal",
						"precision": 2,
						"scale": 0
					},
					{
						"name": "CIOC1",
						"type": "nvarchar"
					},
					{
						"name": "CIOC2",
						"type": "nvarchar"
					},
					{
						"name": "CIOC3",
						"type": "nvarchar"
					},
					{
						"name": "CITRN",
						"type": "nvarchar"
					},
					{
						"name": "CITCD",
						"type": "nvarchar"
					},
					{
						"name": "CITSD",
						"type": "decimal",
						"precision": 6,
						"scale": 0
					},
					{
						"name": "CITED",
						"type": "decimal",
						"precision": 6,
						"scale": 0
					},
					{
						"name": "CITT#",
						"type": "decimal",
						"precision": 3,
						"scale": 0
					},
					{
						"name": "CITT$",
						"type": "decimal",
						"precision": 7,
						"scale": 2
					},
					{
						"name": "CITTD",
						"type": "decimal",
						"precision": 6,
						"scale": 0
					},
					{
						"name": "CITC$",
						"type": "nvarchar"
					},
					{
						"name": "CITAC",
						"type": "nvarchar"
					},
					{
						"name": "CIDTE",
						"type": "decimal",
						"precision": 6,
						"scale": 0
					},
					{
						"name": "CIUSR",
						"type": "nvarchar"
					},
					{
						"name": "CILCA",
						"type": "decimal",
						"precision": 5,
						"scale": 2
					},
					{
						"name": "CILCP",
						"type": "decimal",
						"precision": 4,
						"scale": 3
					},
					{
						"name": "CIDTE_YYYYMMDD",
						"type": "nvarchar"
					},
					{
						"name": "HASHKEY",
						"type": "varbinary"
					}
				],
				"typeProperties": {
					"schema": "StgIseries",
					"table": "ABC400FIL_CIFIL_INCR"
				}
			},
			"dependsOn": []
		},
		{
			"name": "[concat(parameters('factoryName'), '/SNK_StgIseries_ABC400FIL_cnfil_INCR')]",
			"type": "Microsoft.DataFactory/factories/datasets",
			"apiVersion": "2018-06-01",
			"properties": {
				"linkedServiceName": {
					"referenceName": "AzureSqlDatabase2",
					"type": "LinkedServiceReference"
				},
				"annotations": [],
				"type": "AzureSqlTable",
				"schema": [],
				"typeProperties": {
					"schema": "StgIseries",
					"table": "ABC400FIL_CNFIL_INCR"
				}
			},
			"dependsOn": []
		},
		{
			"name": "[concat(parameters('factoryName'), '/SNK_StgIseries_ABC400FIL_cost_ctrs_INCR')]",
			"type": "Microsoft.DataFactory/factories/datasets",
			"apiVersion": "2018-06-01",
			"properties": {
				"linkedServiceName": {
					"referenceName": "AzureSqlDatabase2",
					"type": "LinkedServiceReference"
				},
				"annotations": [],
				"type": "AzureSqlTable",
				"schema": [],
				"typeProperties": {
					"schema": "StgIseries",
					"table": "ABC400FIL_COST_CTRS_INCR"
				}
			},
			"dependsOn": []
		},
		{
			"name": "[concat(parameters('factoryName'), '/SNK_StgIseries_ABC400FIL_crfil_INCR')]",
			"type": "Microsoft.DataFactory/factories/datasets",
			"apiVersion": "2018-06-01",
			"properties": {
				"linkedServiceName": {
					"referenceName": "AzureSqlDatabase2",
					"type": "LinkedServiceReference"
				},
				"annotations": [],
				"type": "AzureSqlTable",
				"schema": [],
				"typeProperties": {
					"schema": "StgIseries",
					"table": "ABC400FIL_CRFIL_INCR"
				}
			},
			"dependsOn": []
		},
		{
			"name": "[concat(parameters('factoryName'), '/SNK_StgIseries_ABC400FIL_ctextjrn_INCR')]",
			"type": "Microsoft.DataFactory/factories/datasets",
			"apiVersion": "2018-06-01",
			"properties": {
				"linkedServiceName": {
					"referenceName": "AzureSqlDatabase2",
					"type": "LinkedServiceReference"
				},
				"annotations": [],
				"type": "AzureSqlTable",
				"schema": [],
				"typeProperties": {
					"schema": "StgIseries",
					"table": "ABC400FIL_CTEXTJRN_INCR"
				}
			},
			"dependsOn": []
		},
		{
			"name": "[concat(parameters('factoryName'), '/SNK_StgIseries_ABC400FIL_ctfil_INCR')]",
			"type": "Microsoft.DataFactory/factories/datasets",
			"apiVersion": "2018-06-01",
			"properties": {
				"linkedServiceName": {
					"referenceName": "AzureSqlDatabase2",
					"type": "LinkedServiceReference"
				},
				"annotations": [],
				"type": "AzureSqlTable",
				"schema": [],
				"typeProperties": {
					"schema": "StgIseries",
					"table": "ABC400FIL_CTFIL_INCR"
				}
			},
			"dependsOn": []
		},
		{
			"name": "[concat(parameters('factoryName'), '/SNK_StgIseries_ABC400FIL_ctfilcctr_B')]",
			"type": "Microsoft.DataFactory/factories/datasets",
			"apiVersion": "2018-06-01",
			"properties": {
				"linkedServiceName": {
					"referenceName": "AzureSqlDatabase2",
					"type": "LinkedServiceReference"
				},
				"annotations": [],
				"type": "AzureSqlTable",
				"schema": [],
				"typeProperties": {
					"schema": "StgIseries",
					"table": "ABC400FIL_CTFILCCTR_B"
				}
			},
			"dependsOn": []
		},
		{
			"name": "[concat(parameters('factoryName'), '/SNK_StgIseries_ABC400FIL_ctfilcctr_INCR')]",
			"type": "Microsoft.DataFactory/factories/datasets",
			"apiVersion": "2018-06-01",
			"properties": {
				"linkedServiceName": {
					"referenceName": "AzureSqlDatabase2",
					"type": "LinkedServiceReference"
				},
				"annotations": [],
				"type": "AzureSqlTable",
				"schema": [],
				"typeProperties": {
					"schema": "StgIseries",
					"table": "ABC400FIL_CTFILCCTR_INCR"
				}
			},
			"dependsOn": []
		},
		{
			"name": "[concat(parameters('factoryName'), '/SNK_StgIseries_ABC400FIL_ctfilext_INCR')]",
			"type": "Microsoft.DataFactory/factories/datasets",
			"apiVersion": "2018-06-01",
			"properties": {
				"linkedServiceName": {
					"referenceName": "AzureSqlDatabase2",
					"type": "LinkedServiceReference"
				},
				"annotations": [],
				"type": "AzureSqlTable",
				"schema": [],
				"typeProperties": {
					"schema": "StgIseries",
					"table": "ABC400FIL_CTFILEXT_INCR"
				}
			},
			"dependsOn": []
		},
		{
			"name": "[concat(parameters('factoryName'), '/SNK_StgIseries_ABC400FIL_ctjrn_INCR')]",
			"type": "Microsoft.DataFactory/factories/datasets",
			"apiVersion": "2018-06-01",
			"properties": {
				"linkedServiceName": {
					"referenceName": "AzureSqlDatabase2",
					"type": "LinkedServiceReference"
				},
				"annotations": [],
				"type": "AzureSqlTable",
				"schema": [],
				"typeProperties": {
					"schema": "StgIseries",
					"table": "ABC400FIL_CTJRN_INCR"
				}
			},
			"dependsOn": []
		},
		{
			"name": "[concat(parameters('factoryName'), '/SNK_StgIseries_ABC400FIL_cwext_INCR')]",
			"type": "Microsoft.DataFactory/factories/datasets",
			"apiVersion": "2018-06-01",
			"properties": {
				"linkedServiceName": {
					"referenceName": "AzureSqlDatabase2",
					"type": "LinkedServiceReference"
				},
				"annotations": [],
				"type": "AzureSqlTable",
				"schema": [],
				"typeProperties": {
					"schema": "StgIseries",
					"table": "ABC400FIL_CWEXT_INCR"
				}
			},
			"dependsOn": []
		},
		{
			"name": "[concat(parameters('factoryName'), '/SNK_StgIseries_ABC400FIL_cwfil_INCR')]",
			"type": "Microsoft.DataFactory/factories/datasets",
			"apiVersion": "2018-06-01",
			"properties": {
				"linkedServiceName": {
					"referenceName": "AzureSqlDatabase2",
					"type": "LinkedServiceReference"
				},
				"annotations": [],
				"type": "AzureSqlTable",
				"schema": [],
				"typeProperties": {
					"schema": "StgIseries",
					"table": "ABC400FIL_CWFIL_INCR"
				}
			},
			"dependsOn": []
		},
		{
			"name": "[concat(parameters('factoryName'), '/SNK_StgIseries_ABC400FIL_cxfil_INCR')]",
			"type": "Microsoft.DataFactory/factories/datasets",
			"apiVersion": "2018-06-01",
			"properties": {
				"linkedServiceName": {
					"referenceName": "AzureSqlDatabase2",
					"type": "LinkedServiceReference"
				},
				"annotations": [],
				"type": "AzureSqlTable",
				"schema": [],
				"typeProperties": {
					"schema": "StgIseries",
					"table": "ABC400FIL_CXFIL_INCR"
				}
			},
			"dependsOn": []
		}
	]
}