{
	"$schema": "http://schema.management.azure.com/schemas/2015-01-01/deploymentTemplate.json#",
	"contentVersion": "1.0.0.0",
	"parameters": {
		"factoryName": {
			"type": "string",
			"metadata": "Data Factory name",
			"defaultValue": "PlanetFitnessDF"
		}
	},
	"variables": {
		"factoryId": "[concat('Microsoft.DataFactory/factories/', parameters('factoryName'))]"
	},
	"resources": [
		{
			"name": "[concat(parameters('factoryName'), '/SNK_DW3_FACT_INVOICE_TRANS')]",
			"type": "Microsoft.DataFactory/factories/datasets",
			"apiVersion": "2018-06-01",
			"properties": {
				"linkedServiceName": {
					"referenceName": "Oracle1",
					"type": "LinkedServiceReference"
				},
				"annotations": [],
				"type": "OracleTable",
				"schema": [],
				"typeProperties": {
					"schema": "DW3",
					"table": "FACT_INVOICE_TRANS"
				}
			},
			"dependsOn": []
		},
		{
			"name": "[concat(parameters('factoryName'), '/SNK_DW3_FACT_PAYMENT_TRANS')]",
			"type": "Microsoft.DataFactory/factories/datasets",
			"apiVersion": "2018-06-01",
			"properties": {
				"linkedServiceName": {
					"referenceName": "Oracle1",
					"type": "LinkedServiceReference"
				},
				"annotations": [],
				"type": "OracleTable",
				"schema": [],
				"typeProperties": {
					"schema": "DW3",
					"table": "FACT_PAYMENT_TRANS"
				}
			},
			"dependsOn": []
		},
		{
			"name": "[concat(parameters('factoryName'), '/SNK_DW3_FACT_PROJECTED_INVOICE_TRANS')]",
			"type": "Microsoft.DataFactory/factories/datasets",
			"apiVersion": "2018-06-01",
			"properties": {
				"linkedServiceName": {
					"referenceName": "Oracle1",
					"type": "LinkedServiceReference"
				},
				"annotations": [],
				"type": "OracleTable",
				"schema": [],
				"typeProperties": {
					"schema": "DW3",
					"table": "FACT_PROJECTED_INVOICE_TRANS"
				}
			},
			"dependsOn": []
		},
		{
			"name": "[concat(parameters('factoryName'), '/SNK_DW3_FACT_REFUND_TRANS')]",
			"type": "Microsoft.DataFactory/factories/datasets",
			"apiVersion": "2018-06-01",
			"properties": {
				"linkedServiceName": {
					"referenceName": "Oracle1",
					"type": "LinkedServiceReference"
				},
				"annotations": [],
				"type": "OracleTable",
				"schema": [],
				"typeProperties": {
					"schema": "DW3",
					"table": "FACT_REFUND_TRANS"
				}
			},
			"dependsOn": []
		},
		{
			"name": "[concat(parameters('factoryName'), '/SNK_DW3_FACT_RETURN_TRANS')]",
			"type": "Microsoft.DataFactory/factories/datasets",
			"apiVersion": "2018-06-01",
			"properties": {
				"linkedServiceName": {
					"referenceName": "Oracle1",
					"type": "LinkedServiceReference"
				},
				"annotations": [],
				"type": "OracleTable",
				"schema": [],
				"typeProperties": {
					"schema": "DW3",
					"table": "FACT_RETURN_TRANS"
				}
			},
			"dependsOn": []
		},
		{
			"name": "[concat(parameters('factoryName'), '/SNK_DW3_FACT_SETTLEMENT_TRANS')]",
			"type": "Microsoft.DataFactory/factories/datasets",
			"apiVersion": "2018-06-01",
			"properties": {
				"linkedServiceName": {
					"referenceName": "Oracle1",
					"type": "LinkedServiceReference"
				},
				"annotations": [],
				"type": "OracleTable",
				"schema": [],
				"typeProperties": {
					"schema": "DW3",
					"table": "FACT_SETTLEMENT_TRANS"
				}
			},
			"dependsOn": []
		},
		{
			"name": "[concat(parameters('factoryName'), '/SNK_DW3_FACT_STATEMENT_TRANS')]",
			"type": "Microsoft.DataFactory/factories/datasets",
			"apiVersion": "2018-06-01",
			"properties": {
				"linkedServiceName": {
					"referenceName": "Oracle1",
					"type": "LinkedServiceReference"
				},
				"annotations": [],
				"type": "OracleTable",
				"schema": [],
				"typeProperties": {
					"schema": "DW3",
					"table": "FACT_STATEMENT_TRANS"
				}
			},
			"dependsOn": []
		},
		{
			"name": "[concat(parameters('factoryName'), '/SNK_DW3_FACT_SUBSCRIPTION_TRANS')]",
			"type": "Microsoft.DataFactory/factories/datasets",
			"apiVersion": "2018-06-01",
			"properties": {
				"linkedServiceName": {
					"referenceName": "Oracle1",
					"type": "LinkedServiceReference"
				},
				"annotations": [],
				"type": "OracleTable",
				"schema": [],
				"typeProperties": {
					"schema": "DW3",
					"table": "FACT_SUBSCRIPTION_TRANS"
				}
			},
			"dependsOn": []
		},
		{
			"name": "[concat(parameters('factoryName'), '/SNK_DW3_dimOrganizations')]",
			"type": "Microsoft.DataFactory/factories/datasets",
			"apiVersion": "2018-06-01",
			"properties": {
				"linkedServiceName": {
					"referenceName": "Oracle1",
					"type": "LinkedServiceReference"
				},
				"annotations": [],
				"type": "OracleTable",
				"schema": [],
				"typeProperties": {
					"schema": "DW3",
					"table": "DIMORGANIZATIONS"
				}
			},
			"dependsOn": []
		},
		{
			"name": "[concat(parameters('factoryName'), '/SNK_DW3_dim_invoice')]",
			"type": "Microsoft.DataFactory/factories/datasets",
			"apiVersion": "2018-06-01",
			"properties": {
				"linkedServiceName": {
					"referenceName": "Oracle1",
					"type": "LinkedServiceReference"
				},
				"annotations": [],
				"type": "OracleTable",
				"schema": [],
				"typeProperties": {
					"schema": "DW3",
					"table": "DIM_INVOICE"
				}
			},
			"dependsOn": []
		},
		{
			"name": "[concat(parameters('factoryName'), '/SNK_DW3_dim_settlement')]",
			"type": "Microsoft.DataFactory/factories/datasets",
			"apiVersion": "2018-06-01",
			"properties": {
				"linkedServiceName": {
					"referenceName": "Oracle1",
					"type": "LinkedServiceReference"
				},
				"annotations": [],
				"type": "OracleTable",
				"schema": [],
				"typeProperties": {
					"schema": "DW3",
					"table": "DIM_SETTLEMENT"
				}
			},
			"dependsOn": []
		},
		{
			"name": "[concat(parameters('factoryName'), '/SNK_DW3_dim_source')]",
			"type": "Microsoft.DataFactory/factories/datasets",
			"apiVersion": "2018-06-01",
			"properties": {
				"linkedServiceName": {
					"referenceName": "Oracle1",
					"type": "LinkedServiceReference"
				},
				"annotations": [],
				"type": "OracleTable",
				"schema": [],
				"typeProperties": {
					"schema": "DW3",
					"table": "DIM_SOURCE"
				}
			},
			"dependsOn": []
		},
		{
			"name": "[concat(parameters('factoryName'), '/SNK_DW3_dim_transaction_type')]",
			"type": "Microsoft.DataFactory/factories/datasets",
			"apiVersion": "2018-06-01",
			"properties": {
				"linkedServiceName": {
					"referenceName": "Oracle1",
					"type": "LinkedServiceReference"
				},
				"annotations": [],
				"type": "OracleTable",
				"schema": [],
				"typeProperties": {
					"schema": "DW3",
					"table": "DIM_TRANSACTION_TYPE"
				}
			},
			"dependsOn": []
		},
		{
			"name": "[concat(parameters('factoryName'), '/SNK_DW3_dimclub')]",
			"type": "Microsoft.DataFactory/factories/datasets",
			"apiVersion": "2018-06-01",
			"properties": {
				"linkedServiceName": {
					"referenceName": "Oracle1",
					"type": "LinkedServiceReference"
				},
				"annotations": [],
				"type": "OracleTable",
				"schema": [],
				"typeProperties": {
					"schema": "DW3",
					"table": "DIMCLUB"
				}
			},
			"dependsOn": []
		},
		{
			"name": "[concat(parameters('factoryName'), '/SNK_DW3_dimmember')]",
			"type": "Microsoft.DataFactory/factories/datasets",
			"apiVersion": "2018-06-01",
			"properties": {
				"linkedServiceName": {
					"referenceName": "Oracle1",
					"type": "LinkedServiceReference"
				},
				"annotations": [],
				"type": "OracleTable",
				"schema": [],
				"typeProperties": {
					"schema": "DW3",
					"table": "DIMMEMBER"
				}
			},
			"dependsOn": []
		},
		{
			"name": "[concat(parameters('factoryName'), '/SNK_DW3_fact_payor_account_trans')]",
			"type": "Microsoft.DataFactory/factories/datasets",
			"apiVersion": "2018-06-01",
			"properties": {
				"linkedServiceName": {
					"referenceName": "Oracle1",
					"type": "LinkedServiceReference"
				},
				"annotations": [],
				"type": "OracleTable",
				"schema": [],
				"typeProperties": {
					"schema": "DW3",
					"table": "FACT_PAYOR_ACCOUNT_TRANS"
				}
			},
			"dependsOn": []
		},
		{
			"name": "[concat(parameters('factoryName'), '/SNK_DW3_fact_variance_trans')]",
			"type": "Microsoft.DataFactory/factories/datasets",
			"apiVersion": "2018-06-01",
			"properties": {
				"linkedServiceName": {
					"referenceName": "Oracle1",
					"type": "LinkedServiceReference"
				},
				"annotations": [],
				"type": "OracleTable",
				"schema": [],
				"typeProperties": {
					"schema": "DW3",
					"table": "FACT_VARIANCE_TRANS"
				}
			},
			"dependsOn": []
		},
		{
			"name": "[concat(parameters('factoryName'), '/SNK_ORACLE_PF_FT_ALLOCATIONS_PR')]",
			"type": "Microsoft.DataFactory/factories/datasets",
			"apiVersion": "2018-06-01",
			"properties": {
				"linkedServiceName": {
					"referenceName": "Oracle2",
					"type": "LinkedServiceReference"
				},
				"annotations": [],
				"type": "OracleTable",
				"schema": [],
				"typeProperties": {
					"schema": "PF",
					"table": "EFT_ALLOCATIONS_PR"
				}
			},
			"dependsOn": []
		},
		{
			"name": "[concat(parameters('factoryName'), '/SNK_RCM_ABCBILLING_INVOICE_REFUND_INCR')]",
			"type": "Microsoft.DataFactory/factories/datasets",
			"apiVersion": "2018-06-01",
			"properties": {
				"linkedServiceName": {
					"referenceName": "AzureSynapseAnalytics1",
					"type": "LinkedServiceReference"
				},
				"annotations": [],
				"type": "AzureSqlDWTable",
				"schema": [
					{
						"name": "ctl_id",
						"type": "nvarchar"
					},
					{
						"name": "ctl_created",
						"type": "datetime2",
						"scale": 0
					},
					{
						"name": "ctl_modified",
						"type": "datetime2",
						"scale": 0
					},
					{
						"name": "ctl_abbreviation",
						"type": "nvarchar"
					},
					{
						"name": "ctl_code",
						"type": "int",
						"precision": 10
					}
				],
				"typeProperties": {
					"schema": "StgRCM",
					"table": "ABCBILLING_INVOICE_REFUND_INCR"
				}
			},
			"dependsOn": []
		},
		{
			"name": "[concat(parameters('factoryName'), '/SNK_RPT_NZ_ADD_TYPE_DIM')]",
			"type": "Microsoft.DataFactory/factories/datasets",
			"apiVersion": "2018-06-01",
			"properties": {
				"linkedServiceName": {
					"referenceName": "AzureSynapsePool",
					"type": "LinkedServiceReference"
				},
				"annotations": [],
				"type": "AzureSqlDWTable",
				"schema": [
					{
						"name": "ADD_TYPE",
						"type": "varchar"
					},
					{
						"name": "CHANNEL",
						"type": "varchar"
					},
					{
						"name": "ADD_TYPE_SID",
						"type": "varchar"
					},
					{
						"name": "TOTALADDTYPECOUNT",
						"type": "bigint",
						"precision": 19
					},
					{
						"name": "INSERTDATE",
						"type": "datetime",
						"precision": 23,
						"scale": 3
					}
				],
				"typeProperties": {
					"schema": "DAILYCOUNTS",
					"table": "RPT_NZ_ADD_TYPE_DIM"
				}
			},
			"dependsOn": []
		}
	]
}