{
	"$schema": "http://schema.management.azure.com/schemas/2015-01-01/deploymentTemplate.json#",
	"contentVersion": "1.0.0.0",
	"parameters": {
		"factoryName": {
			"type": "string",
			"metadata": "Data Factory name",
			"defaultValue": "PlanetFitnessDF"
		}
	},
	"variables": {
		"factoryId": "[concat('Microsoft.DataFactory/factories/', parameters('factoryName'))]"
	},
	"resources": [
		{
			"name": "[concat(parameters('factoryName'), '/SNK_StgRCM_ORGANIZATION_NOTE_INCR')]",
			"type": "Microsoft.DataFactory/factories/datasets",
			"apiVersion": "2018-06-01",
			"properties": {
				"linkedServiceName": {
					"referenceName": "AzureSqlDatabase2",
					"type": "LinkedServiceReference"
				},
				"annotations": [],
				"type": "AzureSqlTable",
				"schema": [],
				"typeProperties": {
					"schema": "StgRCM",
					"table": "ORGANIZATION_NOTE_INCR"
				}
			},
			"dependsOn": []
		},
		{
			"name": "[concat(parameters('factoryName'), '/SNK_StgRCM_ORGANIZATION_ORGANIZATION_BRANDING_INCR')]",
			"type": "Microsoft.DataFactory/factories/datasets",
			"apiVersion": "2018-06-01",
			"properties": {
				"linkedServiceName": {
					"referenceName": "AzureSynapseAnalytics1",
					"type": "LinkedServiceReference"
				},
				"annotations": [],
				"type": "AzureSqlDWTable",
				"schema": [
					{
						"name": "org_id",
						"type": "nvarchar"
					},
					{
						"name": "ob_color_scheme",
						"type": "nvarchar"
					},
					{
						"name": "ob_created",
						"type": "datetime2",
						"scale": 0
					},
					{
						"name": "ob_modified",
						"type": "datetime2",
						"scale": 0
					},
					{
						"name": "ob_logo_path",
						"type": "nvarchar"
					},
					{
						"name": "ob_primary_message",
						"type": "nvarchar"
					},
					{
						"name": "ob_secondary_message",
						"type": "nvarchar"
					}
				],
				"typeProperties": {
					"schema": "StgRCM",
					"table": "ORGANIZATION_ORGANIZATION_BRANDING_INCR"
				}
			},
			"dependsOn": []
		},
		{
			"name": "[concat(parameters('factoryName'), '/SNK_StgRCM_ORGANIZATION_ORGANIZATION_INCR')]",
			"type": "Microsoft.DataFactory/factories/datasets",
			"apiVersion": "2018-06-01",
			"properties": {
				"linkedServiceName": {
					"referenceName": "AzureSqlDatabase2",
					"type": "LinkedServiceReference"
				},
				"annotations": [],
				"type": "AzureSqlTable",
				"schema": [],
				"typeProperties": {
					"schema": "StgRCM",
					"table": "ORGANIZATION_ORGANIZATION_INCR"
				}
			},
			"dependsOn": []
		},
		{
			"name": "[concat(parameters('factoryName'), '/SNK_StgRCM_ORGANIZATION_PROVINCE_LOOKUP_INCR')]",
			"type": "Microsoft.DataFactory/factories/datasets",
			"apiVersion": "2018-06-01",
			"properties": {
				"linkedServiceName": {
					"referenceName": "AzureSqlDatabase2",
					"type": "LinkedServiceReference"
				},
				"annotations": [],
				"type": "AzureSqlTable",
				"schema": [],
				"typeProperties": {
					"schema": "StgRCM",
					"table": "ORGANIZATION_PROVINCE_LOOKUP_INCR"
				}
			},
			"dependsOn": []
		},
		{
			"name": "[concat(parameters('factoryName'), '/SNK_StgRCM_ORGANIZATION_PROVINCE_NAME_INCR')]",
			"type": "Microsoft.DataFactory/factories/datasets",
			"apiVersion": "2018-06-01",
			"properties": {
				"linkedServiceName": {
					"referenceName": "AzureSqlDatabase2",
					"type": "LinkedServiceReference"
				},
				"annotations": [],
				"type": "AzureSqlTable",
				"schema": [],
				"typeProperties": {
					"schema": "StgRCM",
					"table": "ORGANIZATION_PROVINCE_NAME_INCR"
				}
			},
			"dependsOn": []
		},
		{
			"name": "[concat(parameters('factoryName'), '/SNK_StgRCM_ORGANIZATION_TIMEZONE_LOOKUP_INCR')]",
			"type": "Microsoft.DataFactory/factories/datasets",
			"apiVersion": "2018-06-01",
			"properties": {
				"linkedServiceName": {
					"referenceName": "AzureSqlDatabase2",
					"type": "LinkedServiceReference"
				},
				"annotations": [],
				"type": "AzureSqlTable",
				"schema": [],
				"typeProperties": {
					"schema": "StgRCM",
					"table": "ORGANIZATION_TIMEZONE_LOOKUP_INCR"
				}
			},
			"dependsOn": []
		},
		{
			"name": "[concat(parameters('factoryName'), '/SNK_StgRCM_TAXATION_TAX_LOCATION_INCR')]",
			"type": "Microsoft.DataFactory/factories/datasets",
			"apiVersion": "2018-06-01",
			"properties": {
				"linkedServiceName": {
					"referenceName": "AzureSqlDatabase2",
					"type": "LinkedServiceReference"
				},
				"annotations": [],
				"type": "AzureSqlTable",
				"schema": [],
				"typeProperties": {
					"schema": "StgRCM",
					"table": "TAXATION_TAX_LOCATION_INCR"
				}
			},
			"dependsOn": []
		},
		{
			"name": "[concat(parameters('factoryName'), '/SRC_ABC400FIL')]",
			"type": "Microsoft.DataFactory/factories/datasets",
			"apiVersion": "2018-06-01",
			"properties": {
				"linkedServiceName": {
					"referenceName": "Iseries_Prod",
					"type": "LinkedServiceReference"
				},
				"annotations": [],
				"type": "Db2Table",
				"schema": [],
				"typeProperties": {}
			},
			"dependsOn": []
		},
		{
			"name": "[concat(parameters('factoryName'), '/SRC_BETADATA')]",
			"type": "Microsoft.DataFactory/factories/datasets",
			"apiVersion": "2018-06-01",
			"properties": {
				"description": "Oracle complete table load",
				"linkedServiceName": {
					"referenceName": "Oracle2",
					"type": "LinkedServiceReference"
				},
				"annotations": [],
				"type": "OracleTable",
				"schema": [],
				"typeProperties": {}
			},
			"dependsOn": []
		},
		{
			"name": "[concat(parameters('factoryName'), '/SRC_BETADATA_ABCAGREEMENTNOTES')]",
			"type": "Microsoft.DataFactory/factories/datasets",
			"apiVersion": "2018-06-01",
			"properties": {
				"description": "SRC_BETADATA_ABCAGREEMENTNOTES: Oracle source table",
				"linkedServiceName": {
					"referenceName": "Oracle2",
					"type": "LinkedServiceReference"
				},
				"annotations": [],
				"type": "OracleTable",
				"schema": [],
				"typeProperties": {
					"schema": "BETADATA",
					"table": "ABCAGREEMENTNOTES"
				}
			},
			"dependsOn": []
		},
		{
			"name": "[concat(parameters('factoryName'), '/SRC_BETADATA_ACCESSRESTRICTIONS')]",
			"type": "Microsoft.DataFactory/factories/datasets",
			"apiVersion": "2018-06-01",
			"properties": {
				"description": "SRC_BETADATA_ACCESSRESTRICTIONS: Oracle source table",
				"linkedServiceName": {
					"referenceName": "Oracle2",
					"type": "LinkedServiceReference"
				},
				"annotations": [],
				"type": "OracleTable",
				"schema": [],
				"typeProperties": {
					"schema": "BETADATA",
					"table": "ACCESSRESTRICTIONS"
				}
			},
			"dependsOn": []
		},
		{
			"name": "[concat(parameters('factoryName'), '/SRC_BETADATA_ACCESSSCHEMELOCATIONS')]",
			"type": "Microsoft.DataFactory/factories/datasets",
			"apiVersion": "2018-06-01",
			"properties": {
				"description": "Load data into BETADATA.ACCESSSCHEMELOCATIONS Complete",
				"linkedServiceName": {
					"referenceName": "Oracle2",
					"type": "LinkedServiceReference"
				},
				"annotations": [],
				"type": "OracleTable",
				"schema": [],
				"typeProperties": {}
			},
			"dependsOn": []
		},
		{
			"name": "[concat(parameters('factoryName'), '/SRC_BETADATA_ACCESSSCHEMES')]",
			"type": "Microsoft.DataFactory/factories/datasets",
			"apiVersion": "2018-06-01",
			"properties": {
				"description": "Load data into BETADATA.ACCESSSCHEMES Complete",
				"linkedServiceName": {
					"referenceName": "Oracle2",
					"type": "LinkedServiceReference"
				},
				"annotations": [],
				"type": "OracleTable",
				"schema": [],
				"typeProperties": {}
			},
			"dependsOn": []
		},
		{
			"name": "[concat(parameters('factoryName'), '/SRC_BETADATA_ACCOUNTINFO')]",
			"type": "Microsoft.DataFactory/factories/datasets",
			"apiVersion": "2018-06-01",
			"properties": {
				"linkedServiceName": {
					"referenceName": "Oracle2",
					"type": "LinkedServiceReference"
				},
				"annotations": [],
				"type": "OracleTable",
				"schema": [],
				"typeProperties": {}
			},
			"dependsOn": []
		},
		{
			"name": "[concat(parameters('factoryName'), '/SRC_BETADATA_ACCOUNTINFOTYPES')]",
			"type": "Microsoft.DataFactory/factories/datasets",
			"apiVersion": "2018-06-01",
			"properties": {
				"description": "oracle source table",
				"linkedServiceName": {
					"referenceName": "Oracle2",
					"type": "LinkedServiceReference"
				},
				"annotations": [],
				"type": "OracleTable",
				"schema": [],
				"typeProperties": {}
			},
			"dependsOn": []
		},
		{
			"name": "[concat(parameters('factoryName'), '/SRC_BETADATA_ACTIVITYPRIORITYLOOKUP')]",
			"type": "Microsoft.DataFactory/factories/datasets",
			"apiVersion": "2018-06-01",
			"properties": {
				"description": "SRC_BETADATA_ACTIVITYPRIORITYLOOKUP: Oracle source table",
				"linkedServiceName": {
					"referenceName": "Oracle2",
					"type": "LinkedServiceReference"
				},
				"annotations": [],
				"type": "OracleTable",
				"schema": [],
				"typeProperties": {
					"schema": "BETADATA",
					"table": "ACTIVITYPRIORITYLOOKUP"
				}
			},
			"dependsOn": []
		},
		{
			"name": "[concat(parameters('factoryName'), '/SRC_BETADATA_ACTIVITYSTATUSLOOKUP')]",
			"type": "Microsoft.DataFactory/factories/datasets",
			"apiVersion": "2018-06-01",
			"properties": {
				"description": "SRC_BETADATA_ACTIVITYSTATUSLOOKUP: Oracle source table",
				"linkedServiceName": {
					"referenceName": "Oracle2",
					"type": "LinkedServiceReference"
				},
				"annotations": [],
				"type": "OracleTable",
				"schema": [],
				"typeProperties": {
					"schema": "BETADATA",
					"table": "ACTIVITYSTATUSLOOKUP"
				}
			},
			"dependsOn": []
		},
		{
			"name": "[concat(parameters('factoryName'), '/SRC_BETADATA_ACTIVITYTYPELOOKUP')]",
			"type": "Microsoft.DataFactory/factories/datasets",
			"apiVersion": "2018-06-01",
			"properties": {
				"description": "SRC_BETADATA_ACTIVITYTYPELOOKUP: Oracle source table",
				"linkedServiceName": {
					"referenceName": "Oracle2",
					"type": "LinkedServiceReference"
				},
				"annotations": [],
				"type": "OracleTable",
				"schema": [],
				"typeProperties": {
					"schema": "BETADATA",
					"table": "ACTIVITYTYPELOOKUP"
				}
			},
			"dependsOn": []
		},
		{
			"name": "[concat(parameters('factoryName'), '/SRC_BETADATA_AGREEMENTBUYER')]",
			"type": "Microsoft.DataFactory/factories/datasets",
			"apiVersion": "2018-06-01",
			"properties": {
				"description": "SRC_BETADATA_AGREEMENTBUYER: Oracle source table",
				"linkedServiceName": {
					"referenceName": "Oracle2",
					"type": "LinkedServiceReference"
				},
				"annotations": [],
				"type": "OracleTable",
				"schema": [],
				"typeProperties": {
					"schema": "BETADATA",
					"table": "AGREEMENTBUYER"
				}
			},
			"dependsOn": []
		},
		{
			"name": "[concat(parameters('factoryName'), '/SRC_BETADATA_AGREEMENTCORPORATIONS')]",
			"type": "Microsoft.DataFactory/factories/datasets",
			"apiVersion": "2018-06-01",
			"properties": {
				"description": "DTBETADATA_AGREEMENTCORPORATIONS complete table load",
				"linkedServiceName": {
					"referenceName": "Oracle2",
					"type": "LinkedServiceReference"
				},
				"annotations": [],
				"type": "OracleTable",
				"schema": [],
				"typeProperties": {}
			},
			"dependsOn": []
		}
	]
}