{
	"$schema": "http://schema.management.azure.com/schemas/2015-01-01/deploymentTemplate.json#",
	"contentVersion": "1.0.0.0",
	"parameters": {
		"factoryName": {
			"type": "string",
			"metadata": "Data Factory name",
			"defaultValue": "PlanetFitnessDF"
		},
		"AzureSqlDatabase1_connectionString": {
			"type": "secureString",
			"metadata": "Secure string for 'connectionString' of 'AzureSqlDatabase1'"
		},
		"AzureSqlDatabase2_connectionString": {
			"type": "secureString",
			"metadata": "Secure string for 'connectionString' of 'AzureSqlDatabase2'"
		},
		"AzureSqlDatabase3_connectionString": {
			"type": "secureString",
			"metadata": "Secure string for 'connectionString' of 'AzureSqlDatabase3'"
		},
		"AzureSqlDatabase3PFcopy_connectionString": {
			"type": "secureString",
			"metadata": "Secure string for 'connectionString' of 'AzureSqlDatabase3PFcopy'"
		},
		"AzureSqlDatabase4_connectionString": {
			"type": "secureString",
			"metadata": "Secure string for 'connectionString' of 'AzureSqlDatabase4'"
		},
		"AzureSqlDatabaseHyper_connectionString": {
			"type": "secureString",
			"metadata": "Secure string for 'connectionString' of 'AzureSqlDatabaseHyper'"
		},
		"AzureSqlDatabasePFBC_connectionString": {
			"type": "secureString",
			"metadata": "Secure string for 'connectionString' of 'AzureSqlDatabasePFBC'"
		},
		"AzureSynapseAnalytics1_connectionString": {
			"type": "secureString",
			"metadata": "Secure string for 'connectionString' of 'AzureSynapseAnalytics1'"
		},
		"AzureSynapsePool_connectionString": {
			"type": "secureString",
			"metadata": "Secure string for 'connectionString' of 'AzureSynapsePool'"
		},
		"AzureTableStorage1_connectionString": {
			"type": "secureString",
			"metadata": "Secure string for 'connectionString' of 'AzureTableStorage1'"
		},
		"Fitness_BI_Replica_connectionString": {
			"type": "secureString",
			"metadata": "Secure string for 'connectionString' of 'Fitness_BI_Replica'"
		},
		"Iseries_Prod_connectionString": {
			"type": "secureString",
			"metadata": "Secure string for 'connectionString' of 'Iseries_Prod'"
		},
		"Oracle1_connectionString": {
			"type": "secureString",
			"metadata": "Secure string for 'connectionString' of 'Oracle1'"
		},
		"Oracle2_connectionString": {
			"type": "secureString",
			"metadata": "Secure string for 'connectionString' of 'Oracle2'"
		},
		"Oracle3_connectionString": {
			"type": "secureString",
			"metadata": "Secure string for 'connectionString' of 'Oracle3'"
		},
		"OraclePFView_connectionString": {
			"type": "secureString",
			"metadata": "Secure string for 'connectionString' of 'OraclePFView'"
		},
		"PlanetFitnessProd_connectionString": {
			"type": "secureString",
			"metadata": "Secure string for 'connectionString' of 'PlanetFitnessProd'"
		},
		"RCMProd_ABCBilling_POS_connectionString": {
			"type": "secureString",
			"metadata": "Secure string for 'connectionString' of 'RCMProd_ABCBilling_POS'"
		},
		"RCMProd_ABCbilling_connectionString": {
			"type": "secureString",
			"metadata": "Secure string for 'connectionString' of 'RCMProd_ABCbilling'"
		},
		"RCMProd_Catalog_connectionString": {
			"type": "secureString",
			"metadata": "Secure string for 'connectionString' of 'RCMProd_Catalog'"
		}
	},
	"variables": {
		"factoryId": "[concat('Microsoft.DataFactory/factories/', parameters('factoryName'))]"
	},
	"resources": [
		{
			"name": "[concat(parameters('factoryName'), '/AzureSqlDatabase1')]",
			"type": "Microsoft.DataFactory/factories/linkedServices",
			"apiVersion": "2018-06-01",
			"properties": {
				"annotations": [],
				"type": "AzureSqlDatabase",
				"typeProperties": {
					"connectionString": "[parameters('AzureSqlDatabase1_connectionString')]"
				},
				"connectVia": {
					"referenceName": "integrationRuntimepf",
					"type": "IntegrationRuntimeReference"
				}
			},
			"dependsOn": []
		},
		{
			"name": "[concat(parameters('factoryName'), '/AzureSqlDatabase2')]",
			"type": "Microsoft.DataFactory/factories/linkedServices",
			"apiVersion": "2018-06-01",
			"properties": {
				"annotations": [],
				"type": "AzureSqlDatabase",
				"typeProperties": {
					"connectionString": "[parameters('AzureSqlDatabase2_connectionString')]"
				},
				"connectVia": {
					"referenceName": "integrationRuntimepf",
					"type": "IntegrationRuntimeReference"
				}
			},
			"dependsOn": []
		},
		{
			"name": "[concat(parameters('factoryName'), '/AzureSqlDatabase3')]",
			"type": "Microsoft.DataFactory/factories/linkedServices",
			"apiVersion": "2018-06-01",
			"properties": {
				"annotations": [],
				"type": "AzureSqlDatabase",
				"typeProperties": {
					"connectionString": "[parameters('AzureSqlDatabase3_connectionString')]"
				},
				"connectVia": {
					"referenceName": "integrationRuntime2",
					"type": "IntegrationRuntimeReference"
				}
			},
			"dependsOn": []
		},
		{
			"name": "[concat(parameters('factoryName'), '/AzureSqlDatabase3PFcopy')]",
			"type": "Microsoft.DataFactory/factories/linkedServices",
			"apiVersion": "2018-06-01",
			"properties": {
				"annotations": [],
				"type": "AzureSqlDatabase",
				"typeProperties": {
					"connectionString": "[parameters('AzureSqlDatabase3PFcopy_connectionString')]"
				},
				"connectVia": {
					"referenceName": "integrationRuntimePFEDW",
					"type": "IntegrationRuntimeReference"
				}
			},
			"dependsOn": []
		},
		{
			"name": "[concat(parameters('factoryName'), '/AzureSqlDatabase4')]",
			"type": "Microsoft.DataFactory/factories/linkedServices",
			"apiVersion": "2018-06-01",
			"properties": {
				"annotations": [],
				"type": "AzureSqlDatabase",
				"typeProperties": {
					"connectionString": "[parameters('AzureSqlDatabase4_connectionString')]"
				},
				"connectVia": {
					"referenceName": "integrationRuntime1",
					"type": "IntegrationRuntimeReference"
				}
			},
			"dependsOn": []
		},
		{
			"name": "[concat(parameters('factoryName'), '/AzureSqlDatabaseHyper')]",
			"type": "Microsoft.DataFactory/factories/linkedServices",
			"apiVersion": "2018-06-01",
			"properties": {
				"annotations": [],
				"type": "AzureSqlDatabase",
				"typeProperties": {
					"connectionString": "[parameters('AzureSqlDatabaseHyper_connectionString')]"
				},
				"connectVia": {
					"referenceName": "integrationRuntime1",
					"type": "IntegrationRuntimeReference"
				}
			},
			"dependsOn": []
		},
		{
			"name": "[concat(parameters('factoryName'), '/AzureSqlDatabasePFBC')]",
			"type": "Microsoft.DataFactory/factories/linkedServices",
			"apiVersion": "2018-06-01",
			"properties": {
				"annotations": [],
				"type": "AzureSqlDatabase",
				"typeProperties": {
					"connectionString": "[parameters('AzureSqlDatabasePFBC_connectionString')]"
				},
				"connectVia": {
					"referenceName": "integrationRuntime1",
					"type": "IntegrationRuntimeReference"
				}
			},
			"dependsOn": []
		},
		{
			"name": "[concat(parameters('factoryName'), '/AzureSynapseAnalytics1')]",
			"type": "Microsoft.DataFactory/factories/linkedServices",
			"apiVersion": "2018-06-01",
			"properties": {
				"annotations": [],
				"type": "AzureSqlDW",
				"typeProperties": {
					"connectionString": "[parameters('AzureSynapseAnalytics1_connectionString')]"
				},
				"connectVia": {
					"referenceName": "integrationRuntime1",
					"type": "IntegrationRuntimeReference"
				}
			},
			"dependsOn": []
		},
		{
			"name": "[concat(parameters('factoryName'), '/AzureSynapsePool')]",
			"type": "Microsoft.DataFactory/factories/linkedServices",
			"apiVersion": "2018-06-01",
			"properties": {
				"annotations": [],
				"type": "AzureSqlDW",
				"typeProperties": {
					"connectionString": "[parameters('AzureSynapsePool_connectionString')]"
				},
				"connectVia": {
					"referenceName": "integrationRuntime1",
					"type": "IntegrationRuntimeReference"
				}
			},
			"dependsOn": []
		},
		{
			"name": "[concat(parameters('factoryName'), '/AzureTableStorage1')]",
			"type": "Microsoft.DataFactory/factories/linkedServices",
			"apiVersion": "2018-06-01",
			"properties": {
				"annotations": [],
				"type": "AzureTableStorage",
				"typeProperties": {
					"connectionString": "[parameters('AzureTableStorage1_connectionString')]"
				},
				"connectVia": {
					"referenceName": "integrationRuntime1",
					"type": "IntegrationRuntimeReference"
				}
			},
			"dependsOn": []
		},
		{
			"name": "[concat(parameters('factoryName'), '/Fitness_BI_Replica')]",
			"type": "Microsoft.DataFactory/factories/linkedServices",
			"apiVersion": "2018-06-01",
			"properties": {
				"annotations": [],
				"type": "AzureSqlDatabase",
				"typeProperties": {
					"connectionString": "[parameters('Fitness_BI_Replica_connectionString')]"
				},
				"connectVia": {
					"referenceName": "integrationRuntime1",
					"type": "IntegrationRuntimeReference"
				}
			},
			"dependsOn": []
		},
		{
			"name": "[concat(parameters('factoryName'), '/Iseries_Prod')]",
			"type": "Microsoft.DataFactory/factories/linkedServices",
			"apiVersion": "2018-06-01",
			"properties": {
				"annotations": [],
				"type": "Db2",
				"typeProperties": {
					"connectionString": "[parameters('Iseries_Prod_connectionString')]"
				},
				"connectVia": {
					"referenceName": "integrationRuntimepf",
					"type": "IntegrationRuntimeReference"
				}
			},
			"dependsOn": []
		},
		{
			"name": "[concat(parameters('factoryName'), '/Oracle1')]",
			"type": "Microsoft.DataFactory/factories/linkedServices",
			"apiVersion": "2018-06-01",
			"properties": {
				"annotations": [],
				"type": "Oracle",
				"typeProperties": {
					"connectionString": "[parameters('Oracle1_connectionString')]"
				},
				"connectVia": {
					"referenceName": "integrationRuntimepf",
					"type": "IntegrationRuntimeReference"
				}
			},
			"dependsOn": []
		},
		{
			"name": "[concat(parameters('factoryName'), '/Oracle2')]",
			"type": "Microsoft.DataFactory/factories/linkedServices",
			"apiVersion": "2018-06-01",
			"properties": {
				"annotations": [],
				"type": "Oracle",
				"typeProperties": {
					"connectionString": "[parameters('Oracle2_connectionString')]"
				},
				"connectVia": {
					"referenceName": "integrationRuntimepf",
					"type": "IntegrationRuntimeReference"
				}
			},
			"dependsOn": []
		},
		{
			"name": "[concat(parameters('factoryName'), '/Oracle3')]",
			"type": "Microsoft.DataFactory/factories/linkedServices",
			"apiVersion": "2018-06-01",
			"properties": {
				"annotations": [],
				"type": "Oracle",
				"typeProperties": {
					"connectionString": "[parameters('Oracle3_connectionString')]"
				},
				"connectVia": {
					"referenceName": "integrationRuntimepf",
					"type": "IntegrationRuntimeReference"
				}
			},
			"dependsOn": []
		},
		{
			"name": "[concat(parameters('factoryName'), '/OraclePFView')]",
			"type": "Microsoft.DataFactory/factories/linkedServices",
			"apiVersion": "2018-06-01",
			"properties": {
				"annotations": [],
				"type": "Oracle",
				"typeProperties": {
					"connectionString": "[parameters('OraclePFView_connectionString')]"
				},
				"connectVia": {
					"referenceName": "integrationRuntimepf",
					"type": "IntegrationRuntimeReference"
				}
			},
			"dependsOn": []
		},
		{
			"name": "[concat(parameters('factoryName'), '/PlanetFitnessProd')]",
			"type": "Microsoft.DataFactory/factories/linkedServices",
			"apiVersion": "2018-06-01",
			"properties": {
				"annotations": [],
				"type": "AzureSqlDatabase",
				"typeProperties": {
					"connectionString": "[parameters('PlanetFitnessProd_connectionString')]"
				},
				"connectVia": {
					"referenceName": "integrationRuntime1",
					"type": "IntegrationRuntimeReference"
				}
			},
			"dependsOn": []
		},
		{
			"name": "[concat(parameters('factoryName'), '/RCMProd_ABCBilling_POS')]",
			"type": "Microsoft.DataFactory/factories/linkedServices",
			"apiVersion": "2018-06-01",
			"properties": {
				"annotations": [],
				"type": "MySql",
				"typeProperties": {
					"connectionString": "[parameters('RCMProd_ABCBilling_POS_connectionString')]"
				},
				"connectVia": {
					"referenceName": "integrationRuntimepf",
					"type": "IntegrationRuntimeReference"
				}
			},
			"dependsOn": []
		},
		{
			"name": "[concat(parameters('factoryName'), '/RCMProd_ABCbilling')]",
			"type": "Microsoft.DataFactory/factories/linkedServices",
			"apiVersion": "2018-06-01",
			"properties": {
				"annotations": [],
				"type": "MySql",
				"typeProperties": {
					"connectionString": "[parameters('RCMProd_ABCbilling_connectionString')]"
				},
				"connectVia": {
					"referenceName": "integrationRuntimepf",
					"type": "IntegrationRuntimeReference"
				}
			},
			"dependsOn": []
		},
		{
			"name": "[concat(parameters('factoryName'), '/RCMProd_Catalog')]",
			"type": "Microsoft.DataFactory/factories/linkedServices",
			"apiVersion": "2018-06-01",
			"properties": {
				"annotations": [],
				"type": "MySql",
				"typeProperties": {
					"connectionString": "[parameters('RCMProd_Catalog_connectionString')]"
				},
				"connectVia": {
					"referenceName": "integrationRuntimepf",
					"type": "IntegrationRuntimeReference"
				}
			},
			"dependsOn": []
		}
	]
}