{
	"$schema": "http://schema.management.azure.com/schemas/2015-01-01/deploymentTemplate.json#",
	"contentVersion": "1.0.0.0",
	"parameters": {
		"factoryName": {
			"type": "string",
			"metadata": "Data Factory name",
			"defaultValue": "PlanetFitnessDF"
		}
	},
	"variables": {
		"factoryId": "[concat('Microsoft.DataFactory/factories/', parameters('factoryName'))]"
	},
	"resources": [
		{
			"name": "[concat(parameters('factoryName'), '/Load_Star_Sequence_1_SQLPOOL')]",
			"type": "Microsoft.DataFactory/factories/pipelines",
			"apiVersion": "2018-06-01",
			"properties": {
				"activities": [
					{
						"name": "DimClubStation_SQLPOOL",
						"type": "SqlServerStoredProcedure",
						"dependsOn": [],
						"policy": {
							"timeout": "7.00:00:00",
							"retry": 0,
							"retryIntervalInSeconds": 30,
							"secureOutput": false,
							"secureInput": false
						},
						"userProperties": [],
						"typeProperties": {
							"storedProcedureName": "[[DimFactPI].[DimClubStationUpdate]"
						},
						"linkedServiceName": {
							"referenceName": "AzureSynapseAnalytics1",
							"type": "LinkedServiceReference"
						}
					},
					{
						"name": "DimCampaign_SQLPOOL",
						"type": "SqlServerStoredProcedure",
						"dependsOn": [],
						"policy": {
							"timeout": "7.00:00:00",
							"retry": 0,
							"retryIntervalInSeconds": 30,
							"secureOutput": false,
							"secureInput": false
						},
						"userProperties": [],
						"typeProperties": {
							"storedProcedureName": "[[DimFactPI].[DimCampaignUpdate]"
						},
						"linkedServiceName": {
							"referenceName": "AzureSynapseAnalytics1",
							"type": "LinkedServiceReference"
						}
					},
					{
						"name": "FactEmployeesTimesheets_SQLPOOL",
						"type": "SqlServerStoredProcedure",
						"dependsOn": [
							{
								"activity": "DimEmployee_SQLPOOL",
								"dependencyConditions": [
									"Succeeded"
								]
							}
						],
						"policy": {
							"timeout": "7.00:00:00",
							"retry": 0,
							"retryIntervalInSeconds": 30,
							"secureOutput": false,
							"secureInput": false
						},
						"userProperties": [],
						"typeProperties": {
							"storedProcedureName": "[[DimFactPI].[FactEmployeesTimesheetsUpdate]"
						},
						"linkedServiceName": {
							"referenceName": "AzureSynapseAnalytics1",
							"type": "LinkedServiceReference"
						}
					},
					{
						"name": "DimClub_SQLPOOL",
						"type": "SqlServerStoredProcedure",
						"dependsOn": [],
						"policy": {
							"timeout": "7.00:00:00",
							"retry": 0,
							"retryIntervalInSeconds": 30,
							"secureOutput": false,
							"secureInput": false
						},
						"userProperties": [],
						"typeProperties": {
							"storedProcedureName": "[[DimFactPI].[DimClubUpdate]"
						},
						"linkedServiceName": {
							"referenceName": "AzureSynapseAnalytics1",
							"type": "LinkedServiceReference"
						}
					},
					{
						"name": "DimBillingCatalogItems_SQLPOOL",
						"type": "SqlServerStoredProcedure",
						"dependsOn": [],
						"policy": {
							"timeout": "7.00:00:00",
							"retry": 0,
							"retryIntervalInSeconds": 30,
							"secureOutput": false,
							"secureInput": false
						},
						"userProperties": [],
						"typeProperties": {
							"storedProcedureName": "[[DimFactPI].[DimBillingCatalogItemsUpdate]"
						},
						"linkedServiceName": {
							"referenceName": "AzureSynapseAnalytics1",
							"type": "LinkedServiceReference"
						}
					},
					{
						"name": "DimEmployee_SQLPOOL",
						"type": "SqlServerStoredProcedure",
						"dependsOn": [],
						"policy": {
							"timeout": "7.00:00:00",
							"retry": 0,
							"retryIntervalInSeconds": 30,
							"secureOutput": false,
							"secureInput": false
						},
						"userProperties": [],
						"typeProperties": {
							"storedProcedureName": "[[DimFactPI].[DimEmployeeUpdate]"
						},
						"linkedServiceName": {
							"referenceName": "AzureSynapseAnalytics1",
							"type": "LinkedServiceReference"
						}
					},
					{
						"name": "DimCalendarCustomCategories_SQLPOOL",
						"type": "SqlServerStoredProcedure",
						"dependsOn": [],
						"policy": {
							"timeout": "7.00:00:00",
							"retry": 0,
							"retryIntervalInSeconds": 30,
							"secureOutput": false,
							"secureInput": false
						},
						"userProperties": [],
						"typeProperties": {
							"storedProcedureName": "[[DimFactPI].[DimCalendarCustomCategoriesUpdate]"
						},
						"linkedServiceName": {
							"referenceName": "AzureSynapseAnalytics1",
							"type": "LinkedServiceReference"
						}
					},
					{
						"name": "DimProfitCenter_SQLPOOL",
						"type": "SqlServerStoredProcedure",
						"dependsOn": [],
						"policy": {
							"timeout": "7.00:00:00",
							"retry": 0,
							"retryIntervalInSeconds": 30,
							"secureOutput": false,
							"secureInput": false
						},
						"userProperties": [],
						"typeProperties": {
							"storedProcedureName": "[[DimFactPI].[DimProfitCenterUpdate]"
						},
						"linkedServiceName": {
							"referenceName": "AzureSynapseAnalytics1",
							"type": "LinkedServiceReference"
						}
					},
					{
						"name": "DimOrganization_SQLPOOL",
						"type": "SqlServerStoredProcedure",
						"dependsOn": [
							{
								"activity": "DimClub_SQLPOOL",
								"dependencyConditions": [
									"Succeeded"
								]
							}
						],
						"policy": {
							"timeout": "7.00:00:00",
							"retry": 0,
							"retryIntervalInSeconds": 30,
							"secureOutput": false,
							"secureInput": false
						},
						"userProperties": [],
						"typeProperties": {
							"storedProcedureName": "[[DimFactPI].[DimOrganizationsUpdate]"
						},
						"linkedServiceName": {
							"referenceName": "AzureSynapseAnalytics1",
							"type": "LinkedServiceReference"
						}
					}
				],
				"policy": {
					"elapsedTimeMetric": {},
					"cancelAfter": {}
				},
				"folder": {
					"name": "Oracle_SQLPOOL"
				},
				"annotations": [],
				"lastPublishTime": "2023-02-08T11:25:25Z"
			},
			"dependsOn": []
		},
		{
			"name": "[concat(parameters('factoryName'), '/Load_Star_Sequence_2_Hist_SQLPOOL')]",
			"type": "Microsoft.DataFactory/factories/pipelines",
			"apiVersion": "2018-06-01",
			"properties": {
				"activities": [
					{
						"name": "DimMemberProspect",
						"type": "SqlServerStoredProcedure",
						"dependsOn": [
							{
								"activity": "DimMember",
								"dependencyConditions": [
									"Succeeded"
								]
							}
						],
						"policy": {
							"timeout": "7.00:00:00",
							"retry": 0,
							"retryIntervalInSeconds": 30,
							"secureOutput": false,
							"secureInput": false
						},
						"userProperties": [],
						"typeProperties": {
							"storedProcedureName": "[[DimFactPI].[DimMemberUpdateProspect_Hist]"
						},
						"linkedServiceName": {
							"referenceName": "AzureSynapseAnalytics1",
							"type": "LinkedServiceReference"
						}
					},
					{
						"name": "DimMember",
						"type": "SqlServerStoredProcedure",
						"dependsOn": [],
						"policy": {
							"timeout": "7.00:00:00",
							"retry": 0,
							"retryIntervalInSeconds": 30,
							"secureOutput": false,
							"secureInput": false
						},
						"userProperties": [],
						"typeProperties": {
							"storedProcedureName": "[[DimFactPI].[DimMemberUpdateMember_Hist]"
						},
						"linkedServiceName": {
							"referenceName": "AzureSynapseAnalytics1",
							"type": "LinkedServiceReference"
						}
					},
					{
						"name": "DimMembershiptype",
						"type": "SqlServerStoredProcedure",
						"dependsOn": [
							{
								"activity": "DimMember",
								"dependencyConditions": [
									"Succeeded"
								]
							}
						],
						"policy": {
							"timeout": "7.00:00:00",
							"retry": 0,
							"retryIntervalInSeconds": 30,
							"secureOutput": false,
							"secureInput": false
						},
						"userProperties": [],
						"typeProperties": {
							"storedProcedureName": "[[DimFactPI].[DimMembershipTypesUpdate_Hist]"
						},
						"linkedServiceName": {
							"referenceName": "AzureSynapseAnalytics1",
							"type": "LinkedServiceReference"
						}
					},
					{
						"name": "DimRecurringServicePlans",
						"type": "SqlServerStoredProcedure",
						"dependsOn": [
							{
								"activity": "DimMemberProspect",
								"dependencyConditions": [
									"Succeeded"
								]
							}
						],
						"policy": {
							"timeout": "7.00:00:00",
							"retry": 0,
							"retryIntervalInSeconds": 30,
							"secureOutput": false,
							"secureInput": false
						},
						"userProperties": [],
						"typeProperties": {
							"storedProcedureName": "[[DimFactPI].[DimRecurringServicePlansUpdate_Hist]"
						},
						"linkedServiceName": {
							"referenceName": "AzureSynapseAnalytics1",
							"type": "LinkedServiceReference"
						}
					},
					{
						"name": "DimMemberRecurringServices",
						"type": "SqlServerStoredProcedure",
						"dependsOn": [
							{
								"activity": "DimRecurringServicePlans",
								"dependencyConditions": [
									"Succeeded"
								]
							}
						],
						"policy": {
							"timeout": "7.00:00:00",
							"retry": 0,
							"retryIntervalInSeconds": 30,
							"secureOutput": false,
							"secureInput": false
						},
						"userProperties": [],
						"typeProperties": {
							"storedProcedureName": "[[DimFactPI].[DimMemberRecurringServicesUpdate_Hist]"
						},
						"linkedServiceName": {
							"referenceName": "AzureSynapseAnalytics1",
							"type": "LinkedServiceReference"
						}
					},
					{
						"name": "DimMemberAgreement",
						"type": "SqlServerStoredProcedure",
						"dependsOn": [
							{
								"activity": "DimMembershiptype",
								"dependencyConditions": [
									"Succeeded"
								]
							}
						],
						"policy": {
							"timeout": "7.00:00:00",
							"retry": 0,
							"retryIntervalInSeconds": 30,
							"secureOutput": false,
							"secureInput": false
						},
						"userProperties": [],
						"typeProperties": {
							"storedProcedureName": "[[DimFactPI].[DimMemberAgreementUpdate_Hist]"
						},
						"linkedServiceName": {
							"referenceName": "AzureSynapseAnalytics1",
							"type": "LinkedServiceReference"
						}
					},
					{
						"name": "DimAlternateBillingNew",
						"type": "SqlServerStoredProcedure",
						"dependsOn": [
							{
								"activity": "DimMemberAgreement",
								"dependencyConditions": [
									"Succeeded"
								]
							}
						],
						"policy": {
							"timeout": "7.00:00:00",
							"retry": 0,
							"retryIntervalInSeconds": 30,
							"secureOutput": false,
							"secureInput": false
						},
						"userProperties": [],
						"typeProperties": {
							"storedProcedureName": "[[DimFactPI].[DimAlternateBillingNew_Hist]"
						},
						"linkedServiceName": {
							"referenceName": "AzureSynapseAnalytics1",
							"type": "LinkedServiceReference"
						}
					}
				],
				"policy": {
					"elapsedTimeMetric": {},
					"cancelAfter": {}
				},
				"folder": {
					"name": "Oracle_SQLPOOL"
				},
				"annotations": [],
				"lastPublishTime": "2023-02-24T15:45:48Z"
			},
			"dependsOn": []
		},
		{
			"name": "[concat(parameters('factoryName'), '/Load_Star_Sequence_2_SQLPOOL')]",
			"type": "Microsoft.DataFactory/factories/pipelines",
			"apiVersion": "2018-06-01",
			"properties": {
				"activities": [
					{
						"name": "DimMemberProspect_SQLPOOL",
						"type": "SqlServerStoredProcedure",
						"dependsOn": [
							{
								"activity": "DimMember_SQLPOOL",
								"dependencyConditions": [
									"Completed"
								]
							}
						],
						"policy": {
							"timeout": "7.00:00:00",
							"retry": 0,
							"retryIntervalInSeconds": 30,
							"secureOutput": false,
							"secureInput": false
						},
						"userProperties": [],
						"typeProperties": {
							"storedProcedureName": "[[DimFactPI].[DimMemberUpdateProspect]"
						},
						"linkedServiceName": {
							"referenceName": "AzureSynapseAnalytics1",
							"type": "LinkedServiceReference"
						}
					},
					{
						"name": "DimMember_SQLPOOL",
						"type": "SqlServerStoredProcedure",
						"dependsOn": [],
						"policy": {
							"timeout": "7.00:00:00",
							"retry": 0,
							"retryIntervalInSeconds": 30,
							"secureOutput": false,
							"secureInput": false
						},
						"userProperties": [],
						"typeProperties": {
							"storedProcedureName": "[[DimFactPI].[DimMemberUpdateMember]"
						},
						"linkedServiceName": {
							"referenceName": "AzureSynapseAnalytics1",
							"type": "LinkedServiceReference"
						}
					},
					{
						"name": "DimMembershiptype_SQLPOOL",
						"type": "SqlServerStoredProcedure",
						"dependsOn": [
							{
								"activity": "DimMember_SQLPOOL",
								"dependencyConditions": [
									"Completed"
								]
							}
						],
						"policy": {
							"timeout": "7.00:00:00",
							"retry": 0,
							"retryIntervalInSeconds": 30,
							"secureOutput": false,
							"secureInput": false
						},
						"userProperties": [],
						"typeProperties": {
							"storedProcedureName": "[[DimFactPI].[DimMembershipTypesUpdate]"
						},
						"linkedServiceName": {
							"referenceName": "AzureSynapseAnalytics1",
							"type": "LinkedServiceReference"
						}
					},
					{
						"name": "DimMemberAgreement_SQLPOOL",
						"type": "SqlServerStoredProcedure",
						"dependsOn": [
							{
								"activity": "DimMembershiptype_SQLPOOL",
								"dependencyConditions": [
									"Completed"
								]
							}
						],
						"policy": {
							"timeout": "7.00:00:00",
							"retry": 0,
							"retryIntervalInSeconds": 30,
							"secureOutput": false,
							"secureInput": false
						},
						"userProperties": [],
						"typeProperties": {
							"storedProcedureName": "[[DimFactPI].[DimMemberAgreementUpdate]"
						},
						"linkedServiceName": {
							"referenceName": "AzureSynapseAnalytics1",
							"type": "LinkedServiceReference"
						}
					},
					{
						"name": "DimAlternateBillingNew_SQLPOOL",
						"type": "SqlServerStoredProcedure",
						"dependsOn": [
							{
								"activity": "DimMemberAgreement_SQLPOOL",
								"dependencyConditions": [
									"Completed"
								]
							}
						],
						"policy": {
							"timeout": "7.00:00:00",
							"retry": 0,
							"retryIntervalInSeconds": 30,
							"secureOutput": false,
							"secureInput": false
						},
						"userProperties": [],
						"typeProperties": {
							"storedProcedureName": "[[DimFactPI].[DimAlternateBillingNew]"
						},
						"linkedServiceName": {
							"referenceName": "AzureSynapseAnalytics1",
							"type": "LinkedServiceReference"
						}
					},
					{
						"name": "DimPaymentType_SQLPOOL",
						"type": "SqlServerStoredProcedure",
						"dependsOn": [],
						"policy": {
							"timeout": "7.00:00:00",
							"retry": 0,
							"retryIntervalInSeconds": 30,
							"secureOutput": false,
							"secureInput": false
						},
						"userProperties": [],
						"typeProperties": {
							"storedProcedureName": "[[DimFactPI].[PaymentTypeUpdate]"
						},
						"linkedServiceName": {
							"referenceName": "AzureSynapseAnalytics1",
							"type": "LinkedServiceReference"
						}
					}
				],
				"policy": {
					"elapsedTimeMetric": {},
					"cancelAfter": {}
				},
				"folder": {
					"name": "Oracle_SQLPOOL"
				},
				"annotations": [],
				"lastPublishTime": "2023-02-08T11:25:25Z"
			},
			"dependsOn": []
		},
		{
			"name": "[concat(parameters('factoryName'), '/Load_Star_Sequence_3_Hist_SQLPOOL')]",
			"type": "Microsoft.DataFactory/factories/pipelines",
			"apiVersion": "2018-06-01",
			"properties": {
				"activities": [
					{
						"name": "DimEvent",
						"type": "SqlServerStoredProcedure",
						"dependsOn": [
							{
								"activity": "DimCalendarEventType",
								"dependencyConditions": [
									"Succeeded"
								]
							}
						],
						"policy": {
							"timeout": "7.00:00:00",
							"retry": 0,
							"retryIntervalInSeconds": 30,
							"secureOutput": false,
							"secureInput": false
						},
						"userProperties": [],
						"typeProperties": {
							"storedProcedureName": "[[DimFactPI].[DimEventUpdate_Hist]"
						},
						"linkedServiceName": {
							"referenceName": "AzureSynapseAnalytics1",
							"type": "LinkedServiceReference"
						}
					},
					{
						"name": "DimCalendarEventType",
						"type": "SqlServerStoredProcedure",
						"dependsOn": [],
						"policy": {
							"timeout": "7.00:00:00",
							"retry": 0,
							"retryIntervalInSeconds": 30,
							"secureOutput": false,
							"secureInput": false
						},
						"userProperties": [],
						"typeProperties": {
							"storedProcedureName": "[[DimFactPI].[UpdateDimCalendarEventTypes_Hist]"
						},
						"linkedServiceName": {
							"referenceName": "AzureSynapseAnalytics1",
							"type": "LinkedServiceReference"
						}
					},
					{
						"name": "DimMemberEvent",
						"type": "SqlServerStoredProcedure",
						"dependsOn": [
							{
								"activity": "DimEvent",
								"dependencyConditions": [
									"Succeeded"
								]
							}
						],
						"policy": {
							"timeout": "7.00:00:00",
							"retry": 0,
							"retryIntervalInSeconds": 30,
							"secureOutput": false,
							"secureInput": false
						},
						"userProperties": [],
						"typeProperties": {
							"storedProcedureName": "[[DimFactPI].[DimMemberEventUpdate_Hist]"
						},
						"linkedServiceName": {
							"referenceName": "AzureSynapseAnalytics1",
							"type": "LinkedServiceReference"
						}
					}
				],
				"policy": {
					"elapsedTimeMetric": {},
					"cancelAfter": {}
				},
				"folder": {
					"name": "Oracle_SQLPOOL"
				},
				"annotations": [],
				"lastPublishTime": "2023-02-24T15:45:49Z"
			},
			"dependsOn": []
		},
		{
			"name": "[concat(parameters('factoryName'), '/Load_Star_Sequence_3_SQLPOOL')]",
			"type": "Microsoft.DataFactory/factories/pipelines",
			"apiVersion": "2018-06-01",
			"properties": {
				"activities": [
					{
						"name": "DimEvent_SQLPOOL",
						"type": "SqlServerStoredProcedure",
						"dependsOn": [
							{
								"activity": "DimCalendarEventType_SQLPOOL",
								"dependencyConditions": [
									"Succeeded"
								]
							}
						],
						"policy": {
							"timeout": "7.00:00:00",
							"retry": 0,
							"retryIntervalInSeconds": 30,
							"secureOutput": false,
							"secureInput": false
						},
						"userProperties": [],
						"typeProperties": {
							"storedProcedureName": "[[DimFactPI].[DimEventUpdate]"
						},
						"linkedServiceName": {
							"referenceName": "AzureSynapseAnalytics1",
							"type": "LinkedServiceReference"
						}
					},
					{
						"name": "DimCalendarEventType_SQLPOOL",
						"type": "SqlServerStoredProcedure",
						"dependsOn": [],
						"policy": {
							"timeout": "7.00:00:00",
							"retry": 0,
							"retryIntervalInSeconds": 30,
							"secureOutput": false,
							"secureInput": false
						},
						"userProperties": [],
						"typeProperties": {
							"storedProcedureName": "[[DimFactPI].[UpdateDimCalendarEventTypes]"
						},
						"linkedServiceName": {
							"referenceName": "AzureSynapseAnalytics1",
							"type": "LinkedServiceReference"
						}
					},
					{
						"name": "DimMemberEvent_SQLPOOL",
						"type": "SqlServerStoredProcedure",
						"dependsOn": [
							{
								"activity": "DimEvent_SQLPOOL",
								"dependencyConditions": [
									"Succeeded"
								]
							}
						],
						"policy": {
							"timeout": "7.00:00:00",
							"retry": 0,
							"retryIntervalInSeconds": 30,
							"secureOutput": false,
							"secureInput": false
						},
						"userProperties": [],
						"typeProperties": {
							"storedProcedureName": "[[DimFactPI].[DimMemberEventUpdate]"
						},
						"linkedServiceName": {
							"referenceName": "AzureSynapseAnalytics1",
							"type": "LinkedServiceReference"
						}
					},
					{
						"name": "DimPaymentType_SQLPOOL",
						"type": "SqlServerStoredProcedure",
						"dependsOn": [],
						"policy": {
							"timeout": "7.00:00:00",
							"retry": 0,
							"retryIntervalInSeconds": 30,
							"secureOutput": false,
							"secureInput": false
						},
						"userProperties": [],
						"typeProperties": {
							"storedProcedureName": "[[DimFactPI].[PaymentTypeUpdate]"
						},
						"linkedServiceName": {
							"referenceName": "AzureSynapseAnalytics1",
							"type": "LinkedServiceReference"
						}
					}
				],
				"policy": {
					"elapsedTimeMetric": {},
					"cancelAfter": {}
				},
				"folder": {
					"name": "Oracle_SQLPOOL"
				},
				"annotations": [],
				"lastPublishTime": "2023-02-13T17:36:43Z"
			},
			"dependsOn": []
		},
		{
			"name": "[concat(parameters('factoryName'), '/Load_Star_Sequence_4_Hist_SQLPOOL')]",
			"type": "Microsoft.DataFactory/factories/pipelines",
			"apiVersion": "2018-06-01",
			"properties": {
				"activities": [
					{
						"name": "FactCheckin",
						"type": "SqlServerStoredProcedure",
						"dependsOn": [],
						"policy": {
							"timeout": "7.00:00:00",
							"retry": 0,
							"retryIntervalInSeconds": 30,
							"secureOutput": false,
							"secureInput": false
						},
						"userProperties": [],
						"typeProperties": {
							"storedProcedureName": "[[DimFactPI].[FactCheckInUpdate_Hist]"
						},
						"linkedServiceName": {
							"referenceName": "AzureSynapseAnalytics1",
							"type": "LinkedServiceReference"
						}
					},
					{
						"name": "Transaction POS Item",
						"type": "SqlServerStoredProcedure",
						"dependsOn": [],
						"policy": {
							"timeout": "7.00:00:00",
							"retry": 0,
							"retryIntervalInSeconds": 30,
							"secureOutput": false,
							"secureInput": false
						},
						"userProperties": [],
						"typeProperties": {
							"storedProcedureName": "[[DimFactPI].[FactTransactionItemUpdate_Hist]"
						},
						"linkedServiceName": {
							"referenceName": "AzureSynapseAnalytics1",
							"type": "LinkedServiceReference"
						}
					},
					{
						"name": "TransactionPosItemPayment",
						"type": "SqlServerStoredProcedure",
						"dependsOn": [
							{
								"activity": "Transaction POS Item",
								"dependencyConditions": [
									"Succeeded"
								]
							}
						],
						"policy": {
							"timeout": "7.00:00:00",
							"retry": 0,
							"retryIntervalInSeconds": 30,
							"secureOutput": false,
							"secureInput": false
						},
						"userProperties": [],
						"typeProperties": {
							"storedProcedureName": "[[DimFactPI].[FactTransactionItemPaymentUpdate_Hist]"
						},
						"linkedServiceName": {
							"referenceName": "AzureSynapseAnalytics1",
							"type": "LinkedServiceReference"
						}
					},
					{
						"name": "FactCheckin_Remote",
						"type": "SqlServerStoredProcedure",
						"dependsOn": [],
						"policy": {
							"timeout": "7.00:00:00",
							"retry": 0,
							"retryIntervalInSeconds": 30,
							"secureOutput": false,
							"secureInput": false
						},
						"userProperties": [],
						"typeProperties": {
							"storedProcedureName": "[[DimFactPI].[FactCheckInRemoteUpdate_Hist]"
						},
						"linkedServiceName": {
							"referenceName": "AzureSynapseAnalytics1",
							"type": "LinkedServiceReference"
						}
					},
					{
						"name": "FactCheckinAlert",
						"type": "SqlServerStoredProcedure",
						"dependsOn": [],
						"policy": {
							"timeout": "7.00:00:00",
							"retry": 0,
							"retryIntervalInSeconds": 30,
							"secureOutput": false,
							"secureInput": false
						},
						"userProperties": [],
						"typeProperties": {
							"storedProcedureName": "[[DimFactPI].[FactCheckInAlertsUpdate_Hist]"
						},
						"linkedServiceName": {
							"referenceName": "AzureSynapseAnalytics1",
							"type": "LinkedServiceReference"
						}
					}
				],
				"policy": {
					"elapsedTimeMetric": {},
					"cancelAfter": {}
				},
				"folder": {
					"name": "Oracle_SQLPOOL"
				},
				"annotations": [],
				"lastPublishTime": "2023-02-24T15:45:49Z"
			},
			"dependsOn": []
		},
		{
			"name": "[concat(parameters('factoryName'), '/Load_Star_Sequence_4_SQLPOOL')]",
			"type": "Microsoft.DataFactory/factories/pipelines",
			"apiVersion": "2018-06-01",
			"properties": {
				"activities": [
					{
						"name": "Transaction_POS_Item_SQLPOOL",
						"type": "SqlServerStoredProcedure",
						"dependsOn": [],
						"policy": {
							"timeout": "7.00:00:00",
							"retry": 0,
							"retryIntervalInSeconds": 30,
							"secureOutput": false,
							"secureInput": false
						},
						"userProperties": [],
						"typeProperties": {
							"storedProcedureName": "[[DimFactPI].[FactTransactionItemUpdate]"
						},
						"linkedServiceName": {
							"referenceName": "AzureSynapseAnalytics1",
							"type": "LinkedServiceReference"
						}
					},
					{
						"name": "TransactionPosItemPayment_SQLPOOL",
						"type": "SqlServerStoredProcedure",
						"dependsOn": [
							{
								"activity": "Transaction_POS_Item_SQLPOOL",
								"dependencyConditions": [
									"Completed"
								]
							}
						],
						"policy": {
							"timeout": "7.00:00:00",
							"retry": 0,
							"retryIntervalInSeconds": 30,
							"secureOutput": false,
							"secureInput": false
						},
						"userProperties": [],
						"typeProperties": {
							"storedProcedureName": "[[DimFactPI].[FactTransactionItemPaymentUpdate]"
						},
						"linkedServiceName": {
							"referenceName": "AzureSynapseAnalytics1",
							"type": "LinkedServiceReference"
						}
					},
					{
						"name": "FactRevProfitCenterADFDetail_SQLPOOL",
						"type": "SqlServerStoredProcedure",
						"dependsOn": [],
						"policy": {
							"timeout": "7.00:00:00",
							"retry": 0,
							"retryIntervalInSeconds": 30,
							"secureOutput": false,
							"secureInput": false
						},
						"userProperties": [],
						"typeProperties": {
							"storedProcedureName": "[[dimfact].[FactRevProfitCenterADFDetail]"
						},
						"linkedServiceName": {
							"referenceName": "AzureSynapseAnalytics1",
							"type": "LinkedServiceReference"
						}
					},
					{
						"name": "FactCheckin_SQLPOOL",
						"type": "SqlServerStoredProcedure",
						"dependsOn": [],
						"policy": {
							"timeout": "7.00:00:00",
							"retry": 0,
							"retryIntervalInSeconds": 30,
							"secureOutput": false,
							"secureInput": false
						},
						"userProperties": [],
						"typeProperties": {
							"storedProcedureName": "[[DimFactPI].[FactCheckInUpdate]"
						},
						"linkedServiceName": {
							"referenceName": "AzureSynapseAnalytics1",
							"type": "LinkedServiceReference"
						}
					},
					{
						"name": "FactCheckInRemote_SQLPOOL",
						"type": "SqlServerStoredProcedure",
						"dependsOn": [],
						"policy": {
							"timeout": "7.00:00:00",
							"retry": 0,
							"retryIntervalInSeconds": 30,
							"secureOutput": false,
							"secureInput": false
						},
						"userProperties": [],
						"typeProperties": {
							"storedProcedureName": "[[DimFactPI].[FactCheckInRemoteUpdate]"
						},
						"linkedServiceName": {
							"referenceName": "AzureSynapseAnalytics1",
							"type": "LinkedServiceReference"
						}
					},
					{
						"name": "FactCheckInAlerts_SQLPOOL",
						"type": "SqlServerStoredProcedure",
						"dependsOn": [],
						"policy": {
							"timeout": "7.00:00:00",
							"retry": 0,
							"retryIntervalInSeconds": 30,
							"secureOutput": false,
							"secureInput": false
						},
						"userProperties": [],
						"typeProperties": {
							"storedProcedureName": "[[DimFactPI].[FactCheckInAlertsUpdate]"
						},
						"linkedServiceName": {
							"referenceName": "AzureSynapseAnalytics1",
							"type": "LinkedServiceReference"
						}
					},
					{
						"name": "DimEvent_SQLPOOL",
						"type": "SqlServerStoredProcedure",
						"dependsOn": [
							{
								"activity": "DimCalendarEventType_SQLPOOL",
								"dependencyConditions": [
									"Succeeded"
								]
							}
						],
						"policy": {
							"timeout": "7.00:00:00",
							"retry": 0,
							"retryIntervalInSeconds": 30,
							"secureOutput": false,
							"secureInput": false
						},
						"userProperties": [],
						"typeProperties": {
							"storedProcedureName": "[[DimFactPI].[DimEventUpdate]"
						},
						"linkedServiceName": {
							"referenceName": "AzureSynapseAnalytics1",
							"type": "LinkedServiceReference"
						}
					},
					{
						"name": "DimCalendarEventType_SQLPOOL",
						"type": "SqlServerStoredProcedure",
						"dependsOn": [],
						"policy": {
							"timeout": "7.00:00:00",
							"retry": 0,
							"retryIntervalInSeconds": 30,
							"secureOutput": false,
							"secureInput": false
						},
						"userProperties": [],
						"typeProperties": {
							"storedProcedureName": "[[DimFactPI].[UpdateDimCalendarEventTypes]"
						},
						"linkedServiceName": {
							"referenceName": "AzureSynapseAnalytics1",
							"type": "LinkedServiceReference"
						}
					},
					{
						"name": "DimMemberEvent_SQLPOOL",
						"type": "SqlServerStoredProcedure",
						"dependsOn": [
							{
								"activity": "DimEvent_SQLPOOL",
								"dependencyConditions": [
									"Succeeded"
								]
							}
						],
						"policy": {
							"timeout": "7.00:00:00",
							"retry": 0,
							"retryIntervalInSeconds": 30,
							"secureOutput": false,
							"secureInput": false
						},
						"userProperties": [],
						"typeProperties": {
							"storedProcedureName": "[[DimFactPI].[DimMemberEventUpdate]"
						},
						"linkedServiceName": {
							"referenceName": "AzureSynapseAnalytics1",
							"type": "LinkedServiceReference"
						}
					}
				],
				"policy": {
					"elapsedTimeMetric": {},
					"cancelAfter": {}
				},
				"folder": {
					"name": "Oracle_SQLPOOL"
				},
				"annotations": [],
				"lastPublishTime": "2023-02-08T11:25:31Z"
			},
			"dependsOn": []
		},
		{
			"name": "[concat(parameters('factoryName'), '/Load_Star_Sequence_5_Hist_SQLPOOL')]",
			"type": "Microsoft.DataFactory/factories/pipelines",
			"apiVersion": "2018-06-01",
			"properties": {
				"activities": [
					{
						"name": "MasterPaymentPlanUpdate",
						"type": "SqlServerStoredProcedure",
						"dependsOn": [],
						"policy": {
							"timeout": "7.00:00:00",
							"retry": 0,
							"retryIntervalInSeconds": 30,
							"secureOutput": false,
							"secureInput": false
						},
						"userProperties": [],
						"typeProperties": {
							"storedProcedureName": "[[dimfact].[MasterPaymentplanUpdate]"
						},
						"linkedServiceName": {
							"referenceName": "AzureSynapseAnalytics1",
							"type": "LinkedServiceReference"
						}
					},
					{
						"name": "MasterEventGroupingUpdate",
						"type": "SqlServerStoredProcedure",
						"dependsOn": [
							{
								"activity": "MasterPaymentPlanUpdate",
								"dependencyConditions": [
									"Succeeded"
								]
							}
						],
						"policy": {
							"timeout": "7.00:00:00",
							"retry": 0,
							"retryIntervalInSeconds": 30,
							"secureOutput": false,
							"secureInput": false
						},
						"userProperties": [],
						"typeProperties": {
							"storedProcedureName": "[[dimfact].[MasterEventGroupingUpdate]"
						},
						"linkedServiceName": {
							"referenceName": "AzureSynapseAnalytics1",
							"type": "LinkedServiceReference"
						}
					},
					{
						"name": "PaymentAmtHandlingUpdate",
						"type": "SqlServerStoredProcedure",
						"dependsOn": [],
						"policy": {
							"timeout": "7.00:00:00",
							"retry": 0,
							"retryIntervalInSeconds": 30,
							"secureOutput": false,
							"secureInput": false
						},
						"userProperties": [],
						"typeProperties": {
							"storedProcedureName": "[[dimfact].[PaymentAmtHandlingUpdate]"
						},
						"linkedServiceName": {
							"referenceName": "AzureSynapseAnalytics1",
							"type": "LinkedServiceReference"
						}
					},
					{
						"name": "GroupingTypeKeysUpdate",
						"type": "SqlServerStoredProcedure",
						"dependsOn": [
							{
								"activity": "MasterEventGroupingUpdate",
								"dependencyConditions": [
									"Succeeded"
								]
							}
						],
						"policy": {
							"timeout": "7.00:00:00",
							"retry": 0,
							"retryIntervalInSeconds": 30,
							"secureOutput": false,
							"secureInput": false
						},
						"userProperties": [],
						"typeProperties": {
							"storedProcedureName": "[[dimfact].[GroupingTypeKeysUpdate]"
						},
						"linkedServiceName": {
							"referenceName": "AzureSynapseAnalytics1",
							"type": "LinkedServiceReference"
						}
					},
					{
						"name": "DimMemberchildrens",
						"type": "SqlServerStoredProcedure",
						"dependsOn": [],
						"policy": {
							"timeout": "7.00:00:00",
							"retry": 0,
							"retryIntervalInSeconds": 30,
							"secureOutput": false,
							"secureInput": false
						},
						"userProperties": [],
						"typeProperties": {
							"storedProcedureName": "[[DimFactPI].[DimMemberchildrensUpdate_Hist]"
						},
						"linkedServiceName": {
							"referenceName": "AzureSynapseAnalytics1",
							"type": "LinkedServiceReference"
						}
					},
					{
						"name": "DimMemberchildrenNotes",
						"type": "SqlServerStoredProcedure",
						"dependsOn": [
							{
								"activity": "DimMemberchildrens",
								"dependencyConditions": [
									"Succeeded"
								]
							}
						],
						"policy": {
							"timeout": "7.00:00:00",
							"retry": 0,
							"retryIntervalInSeconds": 30,
							"secureOutput": false,
							"secureInput": false
						},
						"userProperties": [],
						"typeProperties": {
							"storedProcedureName": "[[DimFactPI].[DimMemberchildrenNotesUpdate_Hist]"
						},
						"linkedServiceName": {
							"referenceName": "AzureSynapseAnalytics1",
							"type": "LinkedServiceReference"
						}
					}
				],
				"policy": {
					"elapsedTimeMetric": {},
					"cancelAfter": {}
				},
				"folder": {
					"name": "Oracle_SQLPOOL"
				},
				"annotations": [],
				"lastPublishTime": "2023-02-24T15:45:48Z"
			},
			"dependsOn": []
		},
		{
			"name": "[concat(parameters('factoryName'), '/Load_Star_Sequence_5_SQLPOOL')]",
			"type": "Microsoft.DataFactory/factories/pipelines",
			"apiVersion": "2018-06-01",
			"properties": {
				"activities": [
					{
						"name": "MasterPaymentPlanUpdate_SQLPOOL",
						"type": "SqlServerStoredProcedure",
						"dependsOn": [],
						"policy": {
							"timeout": "7.00:00:00",
							"retry": 0,
							"retryIntervalInSeconds": 30,
							"secureOutput": false,
							"secureInput": false
						},
						"userProperties": [],
						"typeProperties": {
							"storedProcedureName": "[[dimfact].[MasterPaymentplanUpdate]"
						},
						"linkedServiceName": {
							"referenceName": "AzureSynapseAnalytics1",
							"type": "LinkedServiceReference"
						}
					},
					{
						"name": "MasterEventGroupingUpdate_SQLPOOL",
						"type": "SqlServerStoredProcedure",
						"dependsOn": [
							{
								"activity": "MasterPaymentPlanUpdate_SQLPOOL",
								"dependencyConditions": [
									"Succeeded"
								]
							}
						],
						"policy": {
							"timeout": "7.00:00:00",
							"retry": 0,
							"retryIntervalInSeconds": 30,
							"secureOutput": false,
							"secureInput": false
						},
						"userProperties": [],
						"typeProperties": {
							"storedProcedureName": "[[DimFact].[MasterEventGroupingUpdate]"
						},
						"linkedServiceName": {
							"referenceName": "AzureSqlDatabase2",
							"type": "LinkedServiceReference"
						}
					},
					{
						"name": "PaymentAmtHandlingUpdate_SQLPOOL",
						"type": "SqlServerStoredProcedure",
						"dependsOn": [],
						"policy": {
							"timeout": "7.00:00:00",
							"retry": 0,
							"retryIntervalInSeconds": 30,
							"secureOutput": false,
							"secureInput": false
						},
						"userProperties": [],
						"typeProperties": {
							"storedProcedureName": "[[dimfact].[PaymentAmtHandlingUpdate]"
						},
						"linkedServiceName": {
							"referenceName": "AzureSynapseAnalytics1",
							"type": "LinkedServiceReference"
						}
					},
					{
						"name": "GroupingTypeKeysUpdate_SQLPOOL",
						"type": "SqlServerStoredProcedure",
						"dependsOn": [
							{
								"activity": "MasterEventGroupingUpdate_SQLPOOL",
								"dependencyConditions": [
									"Succeeded"
								]
							}
						],
						"policy": {
							"timeout": "7.00:00:00",
							"retry": 0,
							"retryIntervalInSeconds": 30,
							"secureOutput": false,
							"secureInput": false
						},
						"userProperties": [],
						"typeProperties": {
							"storedProcedureName": "[[dimfact].[GroupingTypeKeysUpdate]"
						},
						"linkedServiceName": {
							"referenceName": "AzureSynapseAnalytics1",
							"type": "LinkedServiceReference"
						}
					},
					{
						"name": "DimMemberchildrens_SQLPOOL",
						"type": "SqlServerStoredProcedure",
						"dependsOn": [],
						"policy": {
							"timeout": "7.00:00:00",
							"retry": 0,
							"retryIntervalInSeconds": 30,
							"secureOutput": false,
							"secureInput": false
						},
						"userProperties": [],
						"typeProperties": {
							"storedProcedureName": "[[DimFactPI].[DimMemberchildrensUpdate]"
						},
						"linkedServiceName": {
							"referenceName": "AzureSynapseAnalytics1",
							"type": "LinkedServiceReference"
						}
					},
					{
						"name": "DimMemberchildrenNotes_SQLPOOL",
						"type": "SqlServerStoredProcedure",
						"dependsOn": [
							{
								"activity": "DimMemberchildrens_SQLPOOL",
								"dependencyConditions": [
									"Succeeded"
								]
							}
						],
						"policy": {
							"timeout": "7.00:00:00",
							"retry": 0,
							"retryIntervalInSeconds": 30,
							"secureOutput": false,
							"secureInput": false
						},
						"userProperties": [],
						"typeProperties": {
							"storedProcedureName": "[[DimFactPI].[DimMemberchildrenNotesUpdate]"
						},
						"linkedServiceName": {
							"referenceName": "AzureSynapseAnalytics1",
							"type": "LinkedServiceReference"
						}
					}
				],
				"policy": {
					"elapsedTimeMetric": {},
					"cancelAfter": {}
				},
				"folder": {
					"name": "Oracle_SQLPOOL"
				},
				"annotations": [],
				"lastPublishTime": "2023-02-08T11:25:20Z"
			},
			"dependsOn": []
		},
		{
			"name": "[concat(parameters('factoryName'), '/Load_Star_Sequence_6_Hist_SQLPOOL')]",
			"type": "Microsoft.DataFactory/factories/pipelines",
			"apiVersion": "2018-06-01",
			"properties": {
				"activities": [
					{
						"name": "FactCollectionByAgeUpdateADF_Hist",
						"type": "SqlServerStoredProcedure",
						"dependsOn": [
							{
								"activity": "Wait 10 secs",
								"dependencyConditions": [
									"Succeeded"
								]
							}
						],
						"policy": {
							"timeout": "7.00:00:00",
							"retry": 0,
							"retryIntervalInSeconds": 30,
							"secureOutput": false,
							"secureInput": false
						},
						"userProperties": [],
						"typeProperties": {
							"storedProcedureName": "[[dimfact].[FactCollectionByAgeUpdateADF_Hist]"
						},
						"linkedServiceName": {
							"referenceName": "AzureSynapseAnalytics1",
							"type": "LinkedServiceReference"
						}
					},
					{
						"name": "FactRevProfitCenterADFDetail_Hist",
						"type": "SqlServerStoredProcedure",
						"dependsOn": [],
						"policy": {
							"timeout": "7.00:00:00",
							"retry": 0,
							"retryIntervalInSeconds": 30,
							"secureOutput": false,
							"secureInput": false
						},
						"userProperties": [],
						"typeProperties": {
							"storedProcedureName": "[[dimfact].[FactRevProfitCenterADFDetail_Hist]"
						},
						"linkedServiceName": {
							"referenceName": "AzureSynapseAnalytics1",
							"type": "LinkedServiceReference"
						}
					},
					{
						"name": "Wait 10 secs",
						"type": "Wait",
						"dependsOn": [],
						"userProperties": [],
						"typeProperties": {
							"waitTimeInSeconds": 10
						}
					}
				],
				"policy": {
					"elapsedTimeMetric": {},
					"cancelAfter": {}
				},
				"folder": {
					"name": "Oracle_SQLPOOL"
				},
				"annotations": [],
				"lastPublishTime": "2023-02-24T15:45:49Z"
			},
			"dependsOn": []
		},
		{
			"name": "[concat(parameters('factoryName'), '/POS-PAY Reload')]",
			"type": "Microsoft.DataFactory/factories/pipelines",
			"apiVersion": "2018-06-01",
			"properties": {
				"activities": [
					{
						"name": "Transaction_POS_Item_SQLPOOL",
						"type": "SqlServerStoredProcedure",
						"dependsOn": [],
						"policy": {
							"timeout": "7.00:00:00",
							"retry": 0,
							"retryIntervalInSeconds": 30,
							"secureOutput": false,
							"secureInput": false
						},
						"userProperties": [],
						"typeProperties": {
							"storedProcedureName": "[[DimFactPI].[FactTransactionItemUpdate_hist]"
						},
						"linkedServiceName": {
							"referenceName": "AzureSynapseAnalytics1",
							"type": "LinkedServiceReference"
						}
					},
					{
						"name": "TransactionPosItemPayment_SQLPOOL",
						"type": "SqlServerStoredProcedure",
						"dependsOn": [
							{
								"activity": "Transaction_POS_Item_SQLPOOL",
								"dependencyConditions": [
									"Completed"
								]
							}
						],
						"policy": {
							"timeout": "7.00:00:00",
							"retry": 0,
							"retryIntervalInSeconds": 30,
							"secureOutput": false,
							"secureInput": false
						},
						"userProperties": [],
						"typeProperties": {
							"storedProcedureName": "[[DimFactPI].[FactTransactionItemPaymentUpdate_HIST]"
						},
						"linkedServiceName": {
							"referenceName": "AzureSynapseAnalytics1",
							"type": "LinkedServiceReference"
						}
					}
				],
				"policy": {
					"elapsedTimeMetric": {},
					"cancelAfter": {}
				},
				"annotations": []
			},
			"dependsOn": []
		},
		{
			"name": "[concat(parameters('factoryName'), '/Transaction_Type_Mappings_Update_SQLPOOL')]",
			"type": "Microsoft.DataFactory/factories/pipelines",
			"apiVersion": "2018-06-01",
			"properties": {
				"activities": [
					{
						"name": "Transaction_Type_Mappings_Update_SQLPOOL",
						"type": "SqlServerStoredProcedure",
						"dependsOn": [],
						"policy": {
							"timeout": "0.12:00:00",
							"retry": 0,
							"retryIntervalInSeconds": 30,
							"secureOutput": false,
							"secureInput": false
						},
						"userProperties": [],
						"typeProperties": {
							"storedProcedureName": "[[Accounting].[Transaction_Type_Mappings_Update]"
						},
						"linkedServiceName": {
							"referenceName": "AzureSynapseAnalytics1",
							"type": "LinkedServiceReference"
						}
					}
				],
				"policy": {
					"elapsedTimeMetric": {},
					"cancelAfter": {}
				},
				"folder": {
					"name": "RCM_SQLPOOL"
				},
				"annotations": []
			},
			"dependsOn": []
		},
		{
			"name": "[concat(parameters('factoryName'), '/AccountingData')]",
			"type": "Microsoft.DataFactory/factories/datasets",
			"apiVersion": "2018-06-01",
			"properties": {
				"linkedServiceName": {
					"referenceName": "AzureSqlDatabase2",
					"type": "LinkedServiceReference"
				},
				"annotations": [],
				"type": "AzureSqlTable",
				"schema": [],
				"typeProperties": {}
			},
			"dependsOn": []
		},
		{
			"name": "[concat(parameters('factoryName'), '/AzureSqlDatabase2')]",
			"type": "Microsoft.DataFactory/factories/datasets",
			"apiVersion": "2018-06-01",
			"properties": {
				"description": "AzureSqlDatabase2",
				"linkedServiceName": {
					"referenceName": "AzureSqlDatabase2",
					"type": "LinkedServiceReference"
				},
				"annotations": [],
				"type": "AzureSqlTable",
				"schema": [],
				"typeProperties": {}
			},
			"dependsOn": []
		},
		{
			"name": "[concat(parameters('factoryName'), '/AzureSqlDatabaseSinkDataset')]",
			"type": "Microsoft.DataFactory/factories/datasets",
			"apiVersion": "2018-06-01",
			"properties": {
				"description": "Connection to your destination data store.",
				"linkedServiceName": {
					"referenceName": "AzureSqlDatabase1",
					"type": "LinkedServiceReference"
				},
				"parameters": {
					"sinkTableName": {
						"type": "string"
					}
				},
				"annotations": [],
				"type": "AzureSqlTable",
				"schema": [],
				"typeProperties": {
					"schema": "dbo",
					"table": {
						"value": "@dataset().sinkTableName",
						"type": "Expression"
					}
				}
			},
			"dependsOn": []
		},
		{
			"name": "[concat(parameters('factoryName'), '/AzureSqlDatabaseSinkDataset1')]",
			"type": "Microsoft.DataFactory/factories/datasets",
			"apiVersion": "2018-06-01",
			"properties": {
				"description": "Connection to your destination data store.",
				"linkedServiceName": {
					"referenceName": "AzureSqlDatabase1",
					"type": "LinkedServiceReference"
				},
				"parameters": {
					"sinkTableName": {
						"type": "string"
					}
				},
				"annotations": [],
				"type": "AzureSqlTable",
				"schema": [],
				"typeProperties": {
					"schema": "dbo",
					"table": {
						"value": "@dataset().sinkTableName",
						"type": "Expression"
					}
				}
			},
			"dependsOn": []
		},
		{
			"name": "[concat(parameters('factoryName'), '/AzureSqlTable1')]",
			"type": "Microsoft.DataFactory/factories/datasets",
			"apiVersion": "2018-06-01",
			"properties": {
				"linkedServiceName": {
					"referenceName": "AzureSqlDatabase2",
					"type": "LinkedServiceReference"
				},
				"annotations": [],
				"type": "AzureSqlTable",
				"schema": [],
				"typeProperties": {
					"schema": "dbo",
					"table": "formatestcba"
				}
			},
			"dependsOn": []
		},
		{
			"name": "[concat(parameters('factoryName'), '/AzureSqlTable10')]",
			"type": "Microsoft.DataFactory/factories/datasets",
			"apiVersion": "2018-06-01",
			"properties": {
				"linkedServiceName": {
					"referenceName": "AzureSqlDatabase2",
					"type": "LinkedServiceReference"
				},
				"annotations": [],
				"type": "AzureSqlTable",
				"schema": [],
				"typeProperties": {
					"schema": "StgDatatrak",
					"table": "stg_DRDRCFH_incr"
				}
			},
			"dependsOn": []
		},
		{
			"name": "[concat(parameters('factoryName'), '/AzureSqlTable11')]",
			"type": "Microsoft.DataFactory/factories/datasets",
			"apiVersion": "2018-06-01",
			"properties": {
				"linkedServiceName": {
					"referenceName": "AzureSqlDatabase2",
					"type": "LinkedServiceReference"
				},
				"annotations": [],
				"type": "AzureSqlTable",
				"schema": [],
				"typeProperties": {
					"schema": "dbo",
					"table": "Mass_update"
				}
			},
			"dependsOn": []
		},
		{
			"name": "[concat(parameters('factoryName'), '/AzureSqlTable12')]",
			"type": "Microsoft.DataFactory/factories/datasets",
			"apiVersion": "2018-06-01",
			"properties": {
				"linkedServiceName": {
					"referenceName": "fitness bi",
					"type": "LinkedServiceReference"
				},
				"annotations": [],
				"type": "AzureSqlTable",
				"schema": [],
				"typeProperties": {
					"schema": "Accounting",
					"table": "rcmbilling"
				}
			},
			"dependsOn": []
		}
	]
}