{
	"$schema": "http://schema.management.azure.com/schemas/2015-01-01/deploymentTemplate.json#",
	"contentVersion": "1.0.0.0",
	"parameters": {
		"factoryName": {
			"type": "string",
			"metadata": "Data Factory name",
			"defaultValue": "PlanetFitnessDF"
		}
	},
	"variables": {
		"factoryId": "[concat('Microsoft.DataFactory/factories/', parameters('factoryName'))]"
	},
	"resources": [
		{
			"name": "[concat(parameters('factoryName'), '/SNK_SYN_RCM_ABCBILLING_POS_CLIENT_Profile_INCR')]",
			"type": "Microsoft.DataFactory/factories/datasets",
			"apiVersion": "2018-06-01",
			"properties": {
				"linkedServiceName": {
					"referenceName": "AzureSynapseAnalytics1",
					"type": "LinkedServiceReference"
				},
				"annotations": [],
				"type": "AzureSqlDWTable",
				"schema": [
					{
						"name": "ctl_id",
						"type": "nvarchar"
					},
					{
						"name": "ctl_created",
						"type": "datetime2",
						"scale": 0
					},
					{
						"name": "ctl_modified",
						"type": "datetime2",
						"scale": 0
					},
					{
						"name": "ctl_abbreviation",
						"type": "nvarchar"
					},
					{
						"name": "ctl_code",
						"type": "int",
						"precision": 10
					}
				],
				"typeProperties": {
					"schema": "StgRCM",
					"table": "ABCBILLING_POS_CLIENT_PROFILE_INCR"
				}
			},
			"dependsOn": []
		},
		{
			"name": "[concat(parameters('factoryName'), '/SNK_SYN_RCM_ABCBILLING_POS_CLIENT_TRANSACTION_FEE_CONFIG_INCR')]",
			"type": "Microsoft.DataFactory/factories/datasets",
			"apiVersion": "2018-06-01",
			"properties": {
				"linkedServiceName": {
					"referenceName": "AzureSynapseAnalytics1",
					"type": "LinkedServiceReference"
				},
				"annotations": [],
				"type": "AzureSqlDWTable",
				"schema": [
					{
						"name": "ctl_id",
						"type": "nvarchar"
					},
					{
						"name": "ctl_created",
						"type": "datetime2",
						"scale": 0
					},
					{
						"name": "ctl_modified",
						"type": "datetime2",
						"scale": 0
					},
					{
						"name": "ctl_abbreviation",
						"type": "nvarchar"
					},
					{
						"name": "ctl_code",
						"type": "int",
						"precision": 10
					}
				],
				"typeProperties": {
					"schema": "StgRCM",
					"table": "ABCBILLING_POS_CLIENT_TRANSACTION_FEE_CONFIG_INCR"
				}
			},
			"dependsOn": []
		},
		{
			"name": "[concat(parameters('factoryName'), '/SNK_SYN_RCM_ABCBILLING_POS_CLIENT_TRANSACTION_FEE_INCR')]",
			"type": "Microsoft.DataFactory/factories/datasets",
			"apiVersion": "2018-06-01",
			"properties": {
				"linkedServiceName": {
					"referenceName": "AzureSynapseAnalytics1",
					"type": "LinkedServiceReference"
				},
				"annotations": [],
				"type": "AzureSqlDWTable",
				"schema": [
					{
						"name": "ctl_id",
						"type": "nvarchar"
					},
					{
						"name": "ctl_created",
						"type": "datetime2",
						"scale": 0
					},
					{
						"name": "ctl_modified",
						"type": "datetime2",
						"scale": 0
					},
					{
						"name": "ctl_abbreviation",
						"type": "nvarchar"
					},
					{
						"name": "ctl_code",
						"type": "int",
						"precision": 10
					}
				],
				"typeProperties": {
					"schema": "StgRCM",
					"table": "ABCBILLING_POS_CLIENT_TRANSACTION_FEE_INCR"
				}
			},
			"dependsOn": []
		},
		{
			"name": "[concat(parameters('factoryName'), '/SNK_SYN_RCM_ABCBILLING_POS_Client_Account_INCR')]",
			"type": "Microsoft.DataFactory/factories/datasets",
			"apiVersion": "2018-06-01",
			"properties": {
				"linkedServiceName": {
					"referenceName": "AzureSynapseAnalytics1",
					"type": "LinkedServiceReference"
				},
				"annotations": [],
				"type": "AzureSqlDWTable",
				"schema": [
					{
						"name": "ctl_id",
						"type": "nvarchar"
					},
					{
						"name": "ctl_created",
						"type": "datetime2",
						"scale": 0
					},
					{
						"name": "ctl_modified",
						"type": "datetime2",
						"scale": 0
					},
					{
						"name": "ctl_abbreviation",
						"type": "nvarchar"
					},
					{
						"name": "ctl_code",
						"type": "int",
						"precision": 10
					}
				],
				"typeProperties": {
					"schema": "StgRCM",
					"table": "ABCBILLING_POS_CLIENT_ACCOUNT_INCR"
				}
			},
			"dependsOn": []
		},
		{
			"name": "[concat(parameters('factoryName'), '/SNK_SYN_RCM_ABCBILLING_POS_DEPOSIT_EVENT_INCR')]",
			"type": "Microsoft.DataFactory/factories/datasets",
			"apiVersion": "2018-06-01",
			"properties": {
				"linkedServiceName": {
					"referenceName": "AzureSynapseAnalytics1",
					"type": "LinkedServiceReference"
				},
				"annotations": [],
				"type": "AzureSqlDWTable",
				"schema": [
					{
						"name": "ctl_id",
						"type": "nvarchar"
					},
					{
						"name": "ctl_created",
						"type": "datetime2",
						"scale": 0
					},
					{
						"name": "ctl_modified",
						"type": "datetime2",
						"scale": 0
					},
					{
						"name": "ctl_abbreviation",
						"type": "nvarchar"
					},
					{
						"name": "ctl_code",
						"type": "int",
						"precision": 10
					}
				],
				"typeProperties": {
					"schema": "StgRCM",
					"table": "ABCBILLING_POS_DEPOSIT_EVENT_INCR"
				}
			},
			"dependsOn": []
		},
		{
			"name": "[concat(parameters('factoryName'), '/SNK_SYN_RCM_ABCBILLING_POS_DEPOSIT_INCR')]",
			"type": "Microsoft.DataFactory/factories/datasets",
			"apiVersion": "2018-06-01",
			"properties": {
				"linkedServiceName": {
					"referenceName": "AzureSynapseAnalytics1",
					"type": "LinkedServiceReference"
				},
				"annotations": [],
				"type": "AzureSqlDWTable",
				"schema": [
					{
						"name": "ctl_id",
						"type": "nvarchar"
					},
					{
						"name": "ctl_created",
						"type": "datetime2",
						"scale": 0
					},
					{
						"name": "ctl_modified",
						"type": "datetime2",
						"scale": 0
					},
					{
						"name": "ctl_abbreviation",
						"type": "nvarchar"
					},
					{
						"name": "ctl_code",
						"type": "int",
						"precision": 10
					}
				],
				"typeProperties": {
					"schema": "StgRCM",
					"table": "ABCBILLING_POS_DEPOSIT_INCR"
				}
			},
			"dependsOn": []
		},
		{
			"name": "[concat(parameters('factoryName'), '/SNK_SYN_RCM_ABCBILLING_POS_FEE_SCHEDULE_INCR')]",
			"type": "Microsoft.DataFactory/factories/datasets",
			"apiVersion": "2018-06-01",
			"properties": {
				"linkedServiceName": {
					"referenceName": "AzureSynapseAnalytics1",
					"type": "LinkedServiceReference"
				},
				"annotations": [],
				"type": "AzureSqlDWTable",
				"schema": [
					{
						"name": "fs_id",
						"type": "varbinary"
					},
					{
						"name": "fs_frequency",
						"type": "nvarchar"
					},
					{
						"name": "fs_first_due_date",
						"type": "datetime2",
						"scale": 0
					},
					{
						"name": "fs_number_of_fees",
						"type": "int",
						"precision": 10
					},
					{
						"name": "fs_assessment_count",
						"type": "int",
						"precision": 10
					},
					{
						"name": "fs_next_scheduled_fee_date",
						"type": "datetime2",
						"scale": 0
					},
					{
						"name": "sfc_id",
						"type": "varbinary"
					},
					{
						"name": "loc_id",
						"type": "varbinary"
					},
					{
						"name": "org_id",
						"type": "varbinary"
					},
					{
						"name": "fs_created",
						"type": "datetime2",
						"scale": 0
					},
					{
						"name": "fs_modified",
						"type": "datetime2",
						"scale": 0
					}
				],
				"typeProperties": {
					"schema": "StgRCM",
					"table": "ABCBILLING_POS_FEE_SCHEDULE_INCR"
				}
			},
			"dependsOn": []
		},
		{
			"name": "[concat(parameters('factoryName'), '/SNK_SYN_RCM_ABCBILLING_POS_PAYMENT_METHOD_INCR')]",
			"type": "Microsoft.DataFactory/factories/datasets",
			"apiVersion": "2018-06-01",
			"properties": {
				"linkedServiceName": {
					"referenceName": "AzureSynapseAnalytics1",
					"type": "LinkedServiceReference"
				},
				"annotations": [],
				"type": "AzureSqlDWTable",
				"schema": [
					{
						"name": "pame_id",
						"type": "nvarchar"
					},
					{
						"name": "pame_type",
						"type": "nvarchar"
					},
					{
						"name": "pame_account_holder",
						"type": "nvarchar"
					},
					{
						"name": "pame_email",
						"type": "nvarchar"
					},
					{
						"name": "pame_phone",
						"type": "nvarchar"
					},
					{
						"name": "pame_last_four",
						"type": "nvarchar"
					},
					{
						"name": "pame_alias",
						"type": "nvarchar"
					},
					{
						"name": "pame_created",
						"type": "datetime2",
						"scale": 0
					},
					{
						"name": "pame_modified",
						"type": "datetime2",
						"scale": 0
					},
					{
						"name": "org_id",
						"type": "nvarchar"
					},
					{
						"name": "tok_id",
						"type": "nvarchar"
					},
					{
						"name": "adr_id",
						"type": "nvarchar"
					},
					{
						"name": "client_id",
						"type": "nvarchar"
					},
					{
						"name": "payor_id",
						"type": "nvarchar"
					},
					{
						"name": "pame_subtype",
						"type": "nvarchar"
					},
					{
						"name": "pame_brand",
						"type": "nvarchar"
					},
					{
						"name": "pame_expiration_month",
						"type": "smallint",
						"precision": 5
					},
					{
						"name": "pame_expiration_year",
						"type": "smallint",
						"precision": 5
					},
					{
						"name": "pame_routing",
						"type": "nvarchar"
					},
					{
						"name": "pame_delivery_method",
						"type": "nvarchar"
					},
					{
						"name": "pame_is_default",
						"type": "bit"
					},
					{
						"name": "pame_expiration_processed",
						"type": "datetime2",
						"scale": 0
					},
					{
						"name": "loc_id",
						"type": "nvarchar"
					},
					{
						"name": "pame_status",
						"type": "nvarchar"
					},
					{
						"name": "pame_revoked_date",
						"type": "datetime2",
						"scale": 0
					},
					{
						"name": "pame_is_one_time_payment",
						"type": "bit"
					},
					{
						"name": "pame_is_wire_transfer_type",
						"type": "bit"
					},
					{
						"name": "pame_ffc_name",
						"type": "nvarchar"
					},
					{
						"name": "pame_ffc_address1",
						"type": "nvarchar"
					},
					{
						"name": "pame_ffc_address2",
						"type": "nvarchar"
					},
					{
						"name": "pame_ffc_routing_number",
						"type": "nvarchar"
					},
					{
						"name": "pame_ffc_account_last_four",
						"type": "nvarchar"
					},
					{
						"name": "we_id",
						"type": "nvarchar"
					},
					{
						"name": "pame_we_status",
						"type": "nvarchar"
					},
					{
						"name": "pame_we_sub_status",
						"type": "nvarchar"
					}
				],
				"typeProperties": {
					"schema": "StgRCM",
					"table": "ABCBILLING_POS_PAYMENT_METHOD_INCR"
				}
			},
			"dependsOn": []
		},
		{
			"name": "[concat(parameters('factoryName'), '/SNK_SYN_RCM_ABCBILLING_POS_POS_PAYMENT_INCR')]",
			"type": "Microsoft.DataFactory/factories/datasets",
			"apiVersion": "2018-06-01",
			"properties": {
				"linkedServiceName": {
					"referenceName": "AzureSynapseAnalytics1",
					"type": "LinkedServiceReference"
				},
				"annotations": [],
				"type": "AzureSqlDWTable",
				"schema": [
					{
						"name": "ctl_id",
						"type": "nvarchar"
					},
					{
						"name": "ctl_created",
						"type": "datetime2",
						"scale": 0
					},
					{
						"name": "ctl_modified",
						"type": "datetime2",
						"scale": 0
					},
					{
						"name": "ctl_abbreviation",
						"type": "nvarchar"
					},
					{
						"name": "ctl_code",
						"type": "int",
						"precision": 10
					}
				],
				"typeProperties": {
					"schema": "StgRCM",
					"table": "ABCBILLING_POS_POS_PAYMENT_INCR"
				}
			},
			"dependsOn": []
		},
		{
			"name": "[concat(parameters('factoryName'), '/SNK_SYN_RCM_ABCBILLING_POS_SCHEDULED_FEE_CONFIG_INCR')]",
			"type": "Microsoft.DataFactory/factories/datasets",
			"apiVersion": "2018-06-01",
			"properties": {
				"linkedServiceName": {
					"referenceName": "AzureSynapseAnalytics1",
					"type": "LinkedServiceReference"
				},
				"annotations": [],
				"type": "AzureSqlDWTable",
				"schema": [],
				"typeProperties": {
					"schema": "StgRCM",
					"table": "ABCBILLING_POS_SCHEDULED_FEE_CONFIG_INCR"
				}
			},
			"dependsOn": []
		},
		{
			"name": "[concat(parameters('factoryName'), '/SNK_SYN_RCM_ABCBILLING_POS_SCHEDULED_FEE_INCR')]",
			"type": "Microsoft.DataFactory/factories/datasets",
			"apiVersion": "2018-06-01",
			"properties": {
				"linkedServiceName": {
					"referenceName": "AzureSynapseAnalytics1",
					"type": "LinkedServiceReference"
				},
				"annotations": [],
				"type": "AzureSqlDWTable",
				"schema": [],
				"typeProperties": {
					"schema": "StgRCM",
					"table": "ABCBILLING_POS_SCHEDULED_FEE_INCR"
				}
			},
			"dependsOn": []
		},
		{
			"name": "[concat(parameters('factoryName'), '/SNK_SYN_RCM_ABCBILLING_POS_SETTLEMENT_EVALUATION_SCHEDULE_INCR')]",
			"type": "Microsoft.DataFactory/factories/datasets",
			"apiVersion": "2018-06-01",
			"properties": {
				"linkedServiceName": {
					"referenceName": "AzureSynapseAnalytics1",
					"type": "LinkedServiceReference"
				},
				"annotations": [],
				"type": "AzureSqlDWTable",
				"schema": [
					{
						"name": "ctl_id",
						"type": "nvarchar"
					},
					{
						"name": "ctl_created",
						"type": "datetime2",
						"scale": 0
					},
					{
						"name": "ctl_modified",
						"type": "datetime2",
						"scale": 0
					},
					{
						"name": "ctl_abbreviation",
						"type": "nvarchar"
					},
					{
						"name": "ctl_code",
						"type": "int",
						"precision": 10
					}
				],
				"typeProperties": {
					"schema": "StgRCM",
					"table": "ABCBILLING_POS_SETTLEMENT_EVALUATION_SCHEDULE_INCR"
				}
			},
			"dependsOn": []
		},
		{
			"name": "[concat(parameters('factoryName'), '/SNK_SYN_RCM_ABCBILLING_POS_SETTLEMENT_INCR')]",
			"type": "Microsoft.DataFactory/factories/datasets",
			"apiVersion": "2018-06-01",
			"properties": {
				"linkedServiceName": {
					"referenceName": "AzureSynapseAnalytics1",
					"type": "LinkedServiceReference"
				},
				"annotations": [],
				"type": "AzureSqlDWTable",
				"schema": [],
				"typeProperties": {
					"schema": "StgRCM",
					"table": "ABCBILLING_POS_SETTLEMENT_INCR"
				}
			},
			"dependsOn": []
		},
		{
			"name": "[concat(parameters('factoryName'), '/SNK_SYN_RCM_ABCBILLING_POS_TRANSACTION_METADATA_INCR')]",
			"type": "Microsoft.DataFactory/factories/datasets",
			"apiVersion": "2018-06-01",
			"properties": {
				"linkedServiceName": {
					"referenceName": "AzureSynapseAnalytics1",
					"type": "LinkedServiceReference"
				},
				"annotations": [],
				"type": "AzureSqlDWTable",
				"schema": [
					{
						"name": "ctl_id",
						"type": "nvarchar"
					},
					{
						"name": "ctl_created",
						"type": "datetime2",
						"scale": 0
					},
					{
						"name": "ctl_modified",
						"type": "datetime2",
						"scale": 0
					},
					{
						"name": "ctl_abbreviation",
						"type": "nvarchar"
					},
					{
						"name": "ctl_code",
						"type": "int",
						"precision": 10
					}
				],
				"typeProperties": {
					"schema": "StgRCM",
					"table": "ABCBILLING_POS_TRANSACTION_METADATA_INCR"
				}
			},
			"dependsOn": []
		},
		{
			"name": "[concat(parameters('factoryName'), '/SNK_SYN_RCM_ABCBILLING_PROJECTION_VERSION_INCR')]",
			"type": "Microsoft.DataFactory/factories/datasets",
			"apiVersion": "2018-06-01",
			"properties": {
				"linkedServiceName": {
					"referenceName": "AzureSynapseAnalytics1",
					"type": "LinkedServiceReference"
				},
				"annotations": [],
				"type": "AzureSqlDWTable",
				"schema": [
					{
						"name": "ctl_id",
						"type": "nvarchar"
					},
					{
						"name": "ctl_created",
						"type": "datetime2",
						"scale": 0
					},
					{
						"name": "ctl_modified",
						"type": "datetime2",
						"scale": 0
					},
					{
						"name": "ctl_abbreviation",
						"type": "nvarchar"
					},
					{
						"name": "ctl_code",
						"type": "int",
						"precision": 10
					}
				],
				"typeProperties": {
					"schema": "StgRCM",
					"table": "ABCBILLING_PROJECTION_VERSION_INCR"
				}
			},
			"dependsOn": []
		},
		{
			"name": "[concat(parameters('factoryName'), '/SNK_SYN_RCM_ABCBILLING_REASON_CODE_INCR')]",
			"type": "Microsoft.DataFactory/factories/datasets",
			"apiVersion": "2018-06-01",
			"properties": {
				"linkedServiceName": {
					"referenceName": "AzureSynapseAnalytics1",
					"type": "LinkedServiceReference"
				},
				"annotations": [],
				"type": "AzureSqlDWTable",
				"schema": [],
				"typeProperties": {
					"schema": "StgRCM",
					"table": "ABCBILLING_REASON_CODE_INCR"
				}
			},
			"dependsOn": []
		},
		{
			"name": "[concat(parameters('factoryName'), '/SNK_SYN_RCM_ABCBILLING_REFUND_INCR')]",
			"type": "Microsoft.DataFactory/factories/datasets",
			"apiVersion": "2018-06-01",
			"properties": {
				"linkedServiceName": {
					"referenceName": "AzureSynapseAnalytics1",
					"type": "LinkedServiceReference"
				},
				"annotations": [],
				"type": "AzureSqlDWTable",
				"schema": [],
				"typeProperties": {
					"schema": "StgRCM",
					"table": "ABCBILLING_REFUND_INCR"
				}
			},
			"dependsOn": []
		},
		{
			"name": "[concat(parameters('factoryName'), '/SNK_SYN_RCM_ABCBILLING_RENEWAL_OPTIONS_INCR')]",
			"type": "Microsoft.DataFactory/factories/datasets",
			"apiVersion": "2018-06-01",
			"properties": {
				"linkedServiceName": {
					"referenceName": "AzureSynapseAnalytics1",
					"type": "LinkedServiceReference"
				},
				"annotations": [],
				"type": "AzureSqlDWTable",
				"schema": [],
				"typeProperties": {
					"schema": "StgRCM",
					"table": "ABCBILLING_RENEWAL_OPTIONS_INCR"
				}
			},
			"dependsOn": []
		},
		{
			"name": "[concat(parameters('factoryName'), '/SNK_SYN_RCM_ABCBILLING_RESPONSE_CODE_LOOKUP_INCR')]",
			"type": "Microsoft.DataFactory/factories/datasets",
			"apiVersion": "2018-06-01",
			"properties": {
				"linkedServiceName": {
					"referenceName": "AzureSynapseAnalytics1",
					"type": "LinkedServiceReference"
				},
				"annotations": [],
				"type": "AzureSqlDWTable",
				"schema": [],
				"typeProperties": {
					"schema": "StgRCM",
					"table": "ABCBILLING_RESPONSE_CODE_LOOKUP_INCR"
				}
			},
			"dependsOn": []
		},
		{
			"name": "[concat(parameters('factoryName'), '/SNK_SYN_RCM_ABCBILLING_SCHEDULED_FEE_CONFIG_INCR')]",
			"type": "Microsoft.DataFactory/factories/datasets",
			"apiVersion": "2018-06-01",
			"properties": {
				"linkedServiceName": {
					"referenceName": "AzureSynapseAnalytics1",
					"type": "LinkedServiceReference"
				},
				"annotations": [],
				"type": "AzureSqlDWTable",
				"schema": [],
				"typeProperties": {
					"schema": "StgRCM",
					"table": "ABCBILLING_SCHEDULED_FEE_CONFIG_INCR"
				}
			},
			"dependsOn": []
		}
	]
}