{
	"$schema": "http://schema.management.azure.com/schemas/2015-01-01/deploymentTemplate.json#",
	"contentVersion": "1.0.0.0",
	"parameters": {
		"factoryName": {
			"type": "string",
			"metadata": "Data Factory name",
			"defaultValue": "PlanetFitnessDF"
		}
	},
	"variables": {
		"factoryId": "[concat('Microsoft.DataFactory/factories/', parameters('factoryName'))]"
	},
	"resources": [
		{
			"name": "[concat(parameters('factoryName'), '/SNK_SYN_DW_EFT_RECONCILIATION_DTL')]",
			"type": "Microsoft.DataFactory/factories/datasets",
			"apiVersion": "2018-06-01",
			"properties": {
				"linkedServiceName": {
					"referenceName": "AzureSynapseAnalytics1",
					"type": "LinkedServiceReference"
				},
				"annotations": [],
				"type": "AzureSqlDWTable",
				"schema": [
					{
						"name": "ETL_DATE_KEY",
						"type": "float",
						"precision": 15
					},
					{
						"name": "ETL_DATETIME",
						"type": "datetime",
						"precision": 23,
						"scale": 3
					},
					{
						"name": "CLUB_NUMBER_I",
						"type": "float",
						"precision": 15
					},
					{
						"name": "CBCLB",
						"type": "float",
						"precision": 15
					},
					{
						"name": "CBNME",
						"type": "varchar"
					},
					{
						"name": "CGGRPM",
						"type": "varchar"
					},
					{
						"name": "CGNMEM",
						"type": "varchar"
					},
					{
						"name": "CWCLB",
						"type": "float",
						"precision": 15
					},
					{
						"name": "CWMBR",
						"type": "float",
						"precision": 15
					},
					{
						"name": "CWTYP",
						"type": "varchar"
					},
					{
						"name": "CWMDE",
						"type": "varchar"
					},
					{
						"name": "CWFRQ",
						"type": "varchar"
					},
					{
						"name": "CWSTC",
						"type": "varchar"
					},
					{
						"name": "CWSTD",
						"type": "float",
						"precision": 15
					},
					{
						"name": "CWBDT",
						"type": "float",
						"precision": 15
					},
					{
						"name": "CWNDD",
						"type": "float",
						"precision": 15
					},
					{
						"name": "CWAGE",
						"type": "varchar"
					},
					{
						"name": "CWTF4",
						"type": "varchar"
					},
					{
						"name": "CNFNM",
						"type": "varchar"
					},
					{
						"name": "CNMI",
						"type": "varchar"
					},
					{
						"name": "CNLNM",
						"type": "varchar"
					},
					{
						"name": "CNMTC",
						"type": "varchar"
					},
					{
						"name": "CDDTE",
						"type": "float",
						"precision": 15
					},
					{
						"name": "CDCDA",
						"type": "float",
						"precision": 15
					},
					{
						"name": "CDTYP",
						"type": "varchar"
					},
					{
						"name": "CDWAV",
						"type": "varchar"
					},
					{
						"name": "CDCCTCODE",
						"type": "varchar"
					},
					{
						"name": "STDSC",
						"type": "varchar"
					},
					{
						"name": "CIDTE",
						"type": "float",
						"precision": 15
					},
					{
						"name": "NEXT_INVOICE_DATE",
						"type": "float",
						"precision": 15
					},
					{
						"name": "CNDOB_YYYYMMDD",
						"type": "float",
						"precision": 15
					},
					{
						"name": "AS_OF",
						"type": "date"
					}
				],
				"typeProperties": {
					"schema": "DW",
					"table": "DW_EFT_RECONCILIATION_DTL"
				}
			},
			"dependsOn": []
		},
		{
			"name": "[concat(parameters('factoryName'), '/SNK_SYN_DW_EFT_RECONCILIATION_SMRY')]",
			"type": "Microsoft.DataFactory/factories/datasets",
			"apiVersion": "2018-06-01",
			"properties": {
				"linkedServiceName": {
					"referenceName": "AzureSynapseAnalytics1",
					"type": "LinkedServiceReference"
				},
				"annotations": [],
				"type": "AzureSqlDWTable",
				"schema": [
					{
						"name": "ETL_DATE_KEY",
						"type": "float",
						"precision": 15
					},
					{
						"name": "CLUB_NUMBER_I",
						"type": "float",
						"precision": 15
					},
					{
						"name": "CLUB_NAME",
						"type": "varchar"
					},
					{
						"name": "PROFIT_CENTER",
						"type": "varchar"
					},
					{
						"name": "INVOICE_AMOUNT",
						"type": "float",
						"precision": 15
					},
					{
						"name": "AS_OF",
						"type": "date"
					}
				],
				"typeProperties": {
					"schema": "DW",
					"table": "DW_EFT_RECONCILIATION_SMRY"
				}
			},
			"dependsOn": []
		},
		{
			"name": "[concat(parameters('factoryName'), '/SNK_SYN_DW_PF_MSS_DD_SMRY')]",
			"type": "Microsoft.DataFactory/factories/datasets",
			"apiVersion": "2018-06-01",
			"properties": {
				"linkedServiceName": {
					"referenceName": "AzureSynapseAnalytics1",
					"type": "LinkedServiceReference"
				},
				"annotations": [],
				"type": "AzureSqlDWTable",
				"schema": [
					{
						"name": "DATE_KEY",
						"type": "float",
						"precision": 15
					},
					{
						"name": "CLUB_FLOAT_I",
						"type": "float",
						"precision": 15
					},
					{
						"name": "STARTING_EFT",
						"type": "float",
						"precision": 15
					},
					{
						"name": "DRAFT_EFT",
						"type": "float",
						"precision": 15
					},
					{
						"name": "EFT_TO_DATE",
						"type": "float",
						"precision": 15
					},
					{
						"name": "GROWTH_PROJECTION",
						"type": "float",
						"precision": 15
					},
					{
						"name": "DAY",
						"type": "varchar"
					},
					{
						"name": "DAY_OF_MONTH",
						"type": "float",
						"precision": 15
					},
					{
						"name": "CASH",
						"type": "float",
						"precision": 15
					},
					{
						"name": "CASH_TO_DATE",
						"type": "float",
						"precision": 15
					},
					{
						"name": "CASH_PROJECTION",
						"type": "float",
						"precision": 15
					},
					{
						"name": "MEMBER_PROJECTION",
						"type": "float",
						"precision": 15
					},
					{
						"name": "GUESTS",
						"type": "float",
						"precision": 15
					},
					{
						"name": "GUESTS_TO_DATE",
						"type": "float",
						"precision": 15
					},
					{
						"name": "GUESTS_PROJECTION",
						"type": "float",
						"precision": 15
					},
					{
						"name": "PROSPECT_CHECKINS",
						"type": "float",
						"precision": 15
					},
					{
						"name": "PROSPECT_CHECKINS_TO_DATE",
						"type": "float",
						"precision": 15
					},
					{
						"name": "NEW_MEMBERS",
						"type": "float",
						"precision": 15
					},
					{
						"name": "NEW_MEMBERS_TO_DATE",
						"type": "float",
						"precision": 15
					},
					{
						"name": "NEW_MEMBERS_PROJECTION",
						"type": "float",
						"precision": 15
					},
					{
						"name": "CLOSING_W_BC_GUESTS",
						"type": "float",
						"precision": 15
					},
					{
						"name": "CLOSING_WO_BC_GUESTS",
						"type": "float",
						"precision": 15
					},
					{
						"name": "INFO_CALLS",
						"type": "float",
						"precision": 15
					},
					{
						"name": "INFO_CALLS_TO_DATE",
						"type": "float",
						"precision": 15
					},
					{
						"name": "MISSED_TOUR_ACTIVITIES",
						"type": "float",
						"precision": 15
					},
					{
						"name": "MISSED_TOUR_ACTIVITIES_TO_DATE",
						"type": "float",
						"precision": 15
					},
					{
						"name": "MSS_CANCELS",
						"type": "float",
						"precision": 15
					},
					{
						"name": "MSS_CANCELS_TO_DATE",
						"type": "float",
						"precision": 15
					},
					{
						"name": "MSS_CANCEL_PROJECTIONS",
						"type": "float",
						"precision": 15
					},
					{
						"name": "BC_GUESTS",
						"type": "float",
						"precision": 15
					},
					{
						"name": "BC_GUESTS_TO_DATE",
						"type": "float",
						"precision": 15
					},
					{
						"name": "BC_GUESTS_PROJECTION",
						"type": "float",
						"precision": 15
					},
					{
						"name": "EFT_MEMBERS",
						"type": "float",
						"precision": 15
					},
					{
						"name": "PREPAID_MEMBERS",
						"type": "float",
						"precision": 15
					},
					{
						"name": "DD_CANCELS",
						"type": "float",
						"precision": 15
					},
					{
						"name": "DD_CANCELS_TO_DATE",
						"type": "float",
						"precision": 15
					},
					{
						"name": "DD_CANCEL_PROJECTIONS",
						"type": "float",
						"precision": 15
					},
					{
						"name": "RFCS",
						"type": "float",
						"precision": 15
					},
					{
						"name": "RFCS_TO_DATE",
						"type": "float",
						"precision": 15
					},
					{
						"name": "RFC_ATTRITION",
						"type": "float",
						"precision": 15
					},
					{
						"name": "VOLUNTARY_ATTRITION",
						"type": "float",
						"precision": 15
					},
					{
						"name": "EFT_MEMBERS_FROM_1ST",
						"type": "float",
						"precision": 15
					},
					{
						"name": "JAN_ANNUAL_PROJECTIONS",
						"type": "float",
						"precision": 15
					},
					{
						"name": "FEB_ANNUAL_PROJECTIONS",
						"type": "float",
						"precision": 15
					},
					{
						"name": "MAR_ANNUAL_PROJECTIONS",
						"type": "float",
						"precision": 15
					},
					{
						"name": "APR_ANNUAL_PROJECTIONS",
						"type": "float",
						"precision": 15
					},
					{
						"name": "MAY_ANNUAL_PROJECTIONS",
						"type": "float",
						"precision": 15
					},
					{
						"name": "JUN_ANNUAL_PROJECTIONS",
						"type": "float",
						"precision": 15
					},
					{
						"name": "JUL_ANNUAL_PROJECTIONS",
						"type": "float",
						"precision": 15
					},
					{
						"name": "AUG_ANNUAL_PROJECTIONS",
						"type": "float",
						"precision": 15
					},
					{
						"name": "SEP_ANNUAL_PROJECTIONS",
						"type": "float",
						"precision": 15
					},
					{
						"name": "OCT_ANNUAL_PROJECTIONS",
						"type": "float",
						"precision": 15
					},
					{
						"name": "NOV_ANNUAL_PROJECTIONS",
						"type": "float",
						"precision": 15
					},
					{
						"name": "DEC_ANNUAL_PROJECTIONS",
						"type": "float",
						"precision": 15
					},
					{
						"name": "AS_OF",
						"type": "date"
					}
				],
				"typeProperties": {
					"schema": "DW",
					"table": "PF_MSS_DD_SMRY"
				}
			},
			"dependsOn": []
		},
		{
			"name": "[concat(parameters('factoryName'), '/SNK_SYN_EDW_ACTION_STATUS_CODES_PRD_INCR')]",
			"type": "Microsoft.DataFactory/factories/datasets",
			"apiVersion": "2018-06-01",
			"properties": {
				"linkedServiceName": {
					"referenceName": "AzureSynapseAnalytics1",
					"type": "LinkedServiceReference"
				},
				"annotations": [],
				"type": "AzureSqlDWTable",
				"schema": [],
				"typeProperties": {
					"schema": "PF",
					"table": "EDW_ACTION_STATUS_CODES_PRD_INCR"
				}
			},
			"dependsOn": []
		},
		{
			"name": "[concat(parameters('factoryName'), '/SNK_SYN_EFT_ALLOC_COLLCTNSUCCESS_AF')]",
			"type": "Microsoft.DataFactory/factories/datasets",
			"apiVersion": "2018-06-01",
			"properties": {
				"linkedServiceName": {
					"referenceName": "AzureSynapseAnalytics1",
					"type": "LinkedServiceReference"
				},
				"annotations": [],
				"type": "AzureSqlDWTable",
				"schema": [
					{
						"name": "CLUB",
						"type": "varchar"
					},
					{
						"name": "DESCRIPTION",
						"type": "varchar"
					},
					{
						"name": "ACH",
						"type": "varchar"
					},
					{
						"name": "CCD",
						"type": "varchar"
					},
					{
						"name": "PRB",
						"type": "varchar"
					},
					{
						"name": "STM",
						"type": "varchar"
					},
					{
						"name": "AMZ",
						"type": "varchar"
					},
					{
						"name": "APL",
						"type": "varchar"
					},
					{
						"name": "DGP",
						"type": "varchar"
					},
					{
						"name": "TOT",
						"type": "varchar"
					},
					{
						"name": "AS_OF",
						"type": "date"
					}
				],
				"typeProperties": {
					"schema": "PF",
					"table": "EFT_ALLOC_COLLCTNSUCCESS_AF"
				}
			},
			"dependsOn": []
		},
		{
			"name": "[concat(parameters('factoryName'), '/SNK_SYN_EFT_ALLOC_COLLCTNSUCCESS_DS')]",
			"type": "Microsoft.DataFactory/factories/datasets",
			"apiVersion": "2018-06-01",
			"properties": {
				"linkedServiceName": {
					"referenceName": "AzureSynapseAnalytics1",
					"type": "LinkedServiceReference"
				},
				"annotations": [],
				"type": "AzureSqlDWTable",
				"schema": [
					{
						"name": "CLUB",
						"type": "varchar"
					},
					{
						"name": "DESCRIPTION",
						"type": "varchar"
					},
					{
						"name": "ACH",
						"type": "varchar"
					},
					{
						"name": "CCD",
						"type": "varchar"
					},
					{
						"name": "PRB",
						"type": "varchar"
					},
					{
						"name": "STM",
						"type": "varchar"
					},
					{
						"name": "AMZ",
						"type": "varchar"
					},
					{
						"name": "APL",
						"type": "varchar"
					},
					{
						"name": "DGP",
						"type": "varchar"
					},
					{
						"name": "TOT",
						"type": "varchar"
					},
					{
						"name": "AS_OF",
						"type": "date"
					}
				],
				"typeProperties": {
					"schema": "PF",
					"table": "EFT_ALLOC_COLLCTNSUCCESS_DS"
				}
			},
			"dependsOn": []
		},
		{
			"name": "[concat(parameters('factoryName'), '/SNK_SYN_EFT_ALLOC_DELINQ_RECOV_AF')]",
			"type": "Microsoft.DataFactory/factories/datasets",
			"apiVersion": "2018-06-01",
			"properties": {
				"linkedServiceName": {
					"referenceName": "AzureSynapseAnalytics1",
					"type": "LinkedServiceReference"
				},
				"annotations": [],
				"type": "AzureSqlDWTable",
				"schema": [
					{
						"name": "CLUB",
						"type": "varchar"
					},
					{
						"name": "DESCRIPTION",
						"type": "varchar"
					},
					{
						"name": "ACH",
						"type": "varchar"
					},
					{
						"name": "CCD",
						"type": "varchar"
					},
					{
						"name": "PRB",
						"type": "varchar"
					},
					{
						"name": "STM",
						"type": "varchar"
					},
					{
						"name": "AMZ",
						"type": "varchar"
					},
					{
						"name": "APL",
						"type": "varchar"
					},
					{
						"name": "DGP",
						"type": "varchar"
					},
					{
						"name": "TOT",
						"type": "varchar"
					},
					{
						"name": "AS_OF",
						"type": "date"
					}
				],
				"typeProperties": {
					"schema": "PF",
					"table": "EFT_ALLOC_DELINQ_RECOV_AF"
				}
			},
			"dependsOn": []
		},
		{
			"name": "[concat(parameters('factoryName'), '/SNK_SYN_EFT_ALLOC_DELINQ_RECOV_DS')]",
			"type": "Microsoft.DataFactory/factories/datasets",
			"apiVersion": "2018-06-01",
			"properties": {
				"linkedServiceName": {
					"referenceName": "AzureSynapseAnalytics1",
					"type": "LinkedServiceReference"
				},
				"annotations": [],
				"type": "AzureSqlDWTable",
				"schema": [
					{
						"name": "CLUB",
						"type": "varchar"
					},
					{
						"name": "DESCRIPTION",
						"type": "varchar"
					},
					{
						"name": "ACH",
						"type": "varchar"
					},
					{
						"name": "CCD",
						"type": "varchar"
					},
					{
						"name": "PRB",
						"type": "varchar"
					},
					{
						"name": "STM",
						"type": "varchar"
					},
					{
						"name": "AMZ",
						"type": "varchar"
					},
					{
						"name": "APL",
						"type": "varchar"
					},
					{
						"name": "DGP",
						"type": "varchar"
					},
					{
						"name": "AS_OF",
						"type": "date"
					}
				],
				"typeProperties": {
					"schema": "PF",
					"table": "EFT_ALLOC_DELINQ_RECOV_DS"
				}
			},
			"dependsOn": []
		},
		{
			"name": "[concat(parameters('factoryName'), '/SNK_SYN_EFT_ALLOC_INVOICES_AF')]",
			"type": "Microsoft.DataFactory/factories/datasets",
			"apiVersion": "2018-06-01",
			"properties": {
				"linkedServiceName": {
					"referenceName": "AzureSynapseAnalytics1",
					"type": "LinkedServiceReference"
				},
				"annotations": [],
				"type": "AzureSqlDWTable",
				"schema": [
					{
						"name": "CLUB",
						"type": "varchar"
					},
					{
						"name": "DUES_INVOICES",
						"type": "varchar"
					},
					{
						"name": "GROSS_INVOICES_ACH#T",
						"type": "varchar"
					},
					{
						"name": "GROSS_INVOICES_ACH$A",
						"type": "varchar"
					},
					{
						"name": "GROSS_INVOICES_CCD#T",
						"type": "varchar"
					},
					{
						"name": "GROSS_INVOICES_CCD$A",
						"type": "varchar"
					},
					{
						"name": "GROSS_INVOICES_PRB#T",
						"type": "varchar"
					},
					{
						"name": "GROSS_INVOICES_PRB$A",
						"type": "varchar"
					},
					{
						"name": "GROSS_INVOICES_STM#T",
						"type": "varchar"
					},
					{
						"name": "GROSS_INVOICES_STM$A",
						"type": "varchar"
					},
					{
						"name": "GROSS_INVOICES_AMZ#T",
						"type": "varchar"
					},
					{
						"name": "GROSS_INVOICES_AMZ$A",
						"type": "varchar"
					},
					{
						"name": "GROSS_INVOICES_APL#T",
						"type": "varchar"
					},
					{
						"name": "GROSS_INVOICES_APL$A",
						"type": "varchar"
					},
					{
						"name": "GROSS_INVOICES_DGP#T",
						"type": "varchar"
					},
					{
						"name": "GROSS_INVOICES_DGP$A",
						"type": "varchar"
					},
					{
						"name": "GROSS_INVOICES_TOT#T",
						"type": "varchar"
					},
					{
						"name": "GROSS_INVOICES_TOT$A",
						"type": "varchar"
					},
					{
						"name": "M_BCM",
						"type": "float",
						"precision": 15
					},
					{
						"name": "M_10NR",
						"type": "float",
						"precision": 15
					},
					{
						"name": "M_15NR",
						"type": "float",
						"precision": 15
					},
					{
						"name": "M_OTHER",
						"type": "float",
						"precision": 15
					},
					{
						"name": "AS_OF",
						"type": "date"
					}
				],
				"typeProperties": {
					"schema": "PF",
					"table": "EFT_ALLOC_INVOICES_AF"
				}
			},
			"dependsOn": []
		},
		{
			"name": "[concat(parameters('factoryName'), '/SNK_SYN_EFT_ALLOC_INVOICES_DS')]",
			"type": "Microsoft.DataFactory/factories/datasets",
			"apiVersion": "2018-06-01",
			"properties": {
				"linkedServiceName": {
					"referenceName": "AzureSynapseAnalytics1",
					"type": "LinkedServiceReference"
				},
				"annotations": [],
				"type": "AzureSqlDWTable",
				"schema": [
					{
						"name": "GROSS_INVOICES_DGP#T",
						"type": "varchar"
					},
					{
						"name": "GROSS_INVOICES_DGP$A",
						"type": "varchar"
					},
					{
						"name": "GROSS_INVOICES_TOT#T",
						"type": "varchar"
					},
					{
						"name": "GROSS_INVOICES_TOT$A",
						"type": "varchar"
					},
					{
						"name": "M_BCM",
						"type": "float",
						"precision": 15
					},
					{
						"name": "M_10NR",
						"type": "float",
						"precision": 15
					},
					{
						"name": "M_15NR",
						"type": "float",
						"precision": 15
					},
					{
						"name": "M_OTHER",
						"type": "float",
						"precision": 15
					},
					{
						"name": "CLUB",
						"type": "varchar"
					},
					{
						"name": "DUES_INVOICES",
						"type": "varchar"
					},
					{
						"name": "GROSS_INVOICES_ACH#T",
						"type": "varchar"
					},
					{
						"name": "GROSS_INVOICES_ACH$A",
						"type": "varchar"
					},
					{
						"name": "GROSS_INVOICES_CCD#T",
						"type": "varchar"
					},
					{
						"name": "GROSS_INVOICES_CCD$A",
						"type": "varchar"
					},
					{
						"name": "GROSS_INVOICES_PRB#T",
						"type": "varchar"
					},
					{
						"name": "GROSS_INVOICES_PRB$A",
						"type": "varchar"
					},
					{
						"name": "GROSS_INVOICES_STM#T",
						"type": "varchar"
					},
					{
						"name": "GROSS_INVOICES_STM$A",
						"type": "varchar"
					},
					{
						"name": "GROSS_INVOICES_AMZ#T",
						"type": "varchar"
					},
					{
						"name": "GROSS_INVOICES_AMZ$A",
						"type": "varchar"
					},
					{
						"name": "GROSS_INVOICES_APL#T",
						"type": "varchar"
					},
					{
						"name": "GROSS_INVOICES_APL$A",
						"type": "varchar"
					},
					{
						"name": "AS_OF",
						"type": "date"
					}
				],
				"typeProperties": {
					"schema": "PF",
					"table": "EFT_ALLOC_INVOICES_DS"
				}
			},
			"dependsOn": []
		},
		{
			"name": "[concat(parameters('factoryName'), '/SNK_SYN_EFT_ALLOC_OUTSIDE_CYCLE_AF')]",
			"type": "Microsoft.DataFactory/factories/datasets",
			"apiVersion": "2018-06-01",
			"properties": {
				"linkedServiceName": {
					"referenceName": "AzureSynapseAnalytics1",
					"type": "LinkedServiceReference"
				},
				"annotations": [],
				"type": "AzureSqlDWTable",
				"schema": [
					{
						"name": "CLUB",
						"type": "varchar"
					},
					{
						"name": "DESCRIPTION",
						"type": "varchar"
					},
					{
						"name": "ACH",
						"type": "varchar"
					},
					{
						"name": "CCD",
						"type": "varchar"
					},
					{
						"name": "PRB",
						"type": "varchar"
					},
					{
						"name": "STM",
						"type": "varchar"
					},
					{
						"name": "AMZ",
						"type": "varchar"
					},
					{
						"name": "APL",
						"type": "varchar"
					},
					{
						"name": "DGP",
						"type": "varchar"
					},
					{
						"name": "TOT",
						"type": "varchar"
					},
					{
						"name": "AS_OF",
						"type": "date"
					}
				],
				"typeProperties": {
					"schema": "PF",
					"table": "EFT_ALLOC_OUTSIDE_CYCLE_AF"
				}
			},
			"dependsOn": []
		},
		{
			"name": "[concat(parameters('factoryName'), '/SNK_SYN_EFT_ALLOC_OUTSIDE_CYCLE_DS')]",
			"type": "Microsoft.DataFactory/factories/datasets",
			"apiVersion": "2018-06-01",
			"properties": {
				"linkedServiceName": {
					"referenceName": "AzureSynapseAnalytics1",
					"type": "LinkedServiceReference"
				},
				"annotations": [],
				"type": "AzureSqlDWTable",
				"schema": [
					{
						"name": "CLUB",
						"type": "varchar"
					},
					{
						"name": "DESCRIPTION",
						"type": "varchar"
					},
					{
						"name": "ACH",
						"type": "varchar"
					},
					{
						"name": "CCD",
						"type": "varchar"
					},
					{
						"name": "PRB",
						"type": "varchar"
					},
					{
						"name": "STM",
						"type": "varchar"
					},
					{
						"name": "AMZ",
						"type": "varchar"
					},
					{
						"name": "APL",
						"type": "varchar"
					},
					{
						"name": "DGP",
						"type": "varchar"
					},
					{
						"name": "TOT",
						"type": "varchar"
					},
					{
						"name": "AS_OF",
						"type": "date"
					}
				],
				"typeProperties": {
					"schema": "PF",
					"table": "EFT_ALLOC_OUTSIDE_CYCLE_DS"
				}
			},
			"dependsOn": []
		},
		{
			"name": "[concat(parameters('factoryName'), '/SNK_SYN_ISERIES_ABC400MMF_CCDUPDARCF_INCR')]",
			"type": "Microsoft.DataFactory/factories/datasets",
			"apiVersion": "2018-06-01",
			"properties": {
				"linkedServiceName": {
					"referenceName": "AzureSynapseAnalytics1",
					"type": "LinkedServiceReference"
				},
				"annotations": [],
				"type": "AzureSqlDWTable",
				"schema": [
					{
						"name": "CBCLB",
						"type": "int",
						"precision": 10
					},
					{
						"name": "CBCPY",
						"type": "nvarchar"
					},
					{
						"name": "CBACT",
						"type": "nvarchar"
					},
					{
						"name": "CBNME",
						"type": "nvarchar"
					},
					{
						"name": "CBAD1",
						"type": "nvarchar"
					},
					{
						"name": "CBAD2",
						"type": "nvarchar"
					},
					{
						"name": "CBCTY",
						"type": "nvarchar"
					},
					{
						"name": "CBSTE",
						"type": "nvarchar"
					},
					{
						"name": "CBZIP",
						"type": "decimal",
						"precision": 5,
						"scale": 0
					},
					{
						"name": "CBZC4",
						"type": "decimal",
						"precision": 4,
						"scale": 0
					},
					{
						"name": "CBPNM",
						"type": "nvarchar"
					},
					{
						"name": "CBPA1",
						"type": "nvarchar"
					},
					{
						"name": "CBPA2",
						"type": "nvarchar"
					},
					{
						"name": "CBPCY",
						"type": "nvarchar"
					},
					{
						"name": "CBPST",
						"type": "nvarchar"
					},
					{
						"name": "CBPZC",
						"type": "decimal",
						"precision": 5,
						"scale": 0
					},
					{
						"name": "CBPZ4",
						"type": "decimal",
						"precision": 4,
						"scale": 0
					},
					{
						"name": "CBPHA",
						"type": "nvarchar"
					},
					{
						"name": "CBPHP",
						"type": "nvarchar"
					},
					{
						"name": "CBPHN",
						"type": "nvarchar"
					},
					{
						"name": "CBFXA",
						"type": "nvarchar"
					},
					{
						"name": "CBFXP",
						"type": "nvarchar"
					},
					{
						"name": "CBFXN",
						"type": "nvarchar"
					},
					{
						"name": "CBCN1",
						"type": "nvarchar"
					},
					{
						"name": "CBCN2",
						"type": "nvarchar"
					},
					{
						"name": "CBCN3",
						"type": "nvarchar"
					},
					{
						"name": "CBCN4",
						"type": "nvarchar"
					},
					{
						"name": "CBCN5",
						"type": "nvarchar"
					},
					{
						"name": "CBCN6",
						"type": "nvarchar"
					},
					{
						"name": "CBSLM",
						"type": "nvarchar"
					},
					{
						"name": "CBSBD",
						"type": "decimal",
						"precision": 6,
						"scale": 0
					},
					{
						"name": "CBPMO",
						"type": "nvarchar"
					},
					{
						"name": "CBPCH",
						"type": "nvarchar"
					},
					{
						"name": "CBEDT",
						"type": "decimal",
						"precision": 6,
						"scale": 0
					},
					{
						"name": "CBRDT",
						"type": "decimal",
						"precision": 6,
						"scale": 0
					},
					{
						"name": "CBTF3",
						"type": "nvarchar"
					},
					{
						"name": "CBWGR",
						"type": "nvarchar"
					},
					{
						"name": "CBIAR",
						"type": "nvarchar"
					},
					{
						"name": "CBCCP",
						"type": "decimal",
						"precision": 4,
						"scale": 3
					},
					{
						"name": "CBCPD",
						"type": "decimal",
						"precision": 4,
						"scale": 3
					},
					{
						"name": "CBCED",
						"type": "decimal",
						"precision": 4,
						"scale": 3
					},
					{
						"name": "CBCCC",
						"type": "decimal",
						"precision": 4,
						"scale": 3
					},
					{
						"name": "CBCDF",
						"type": "decimal",
						"precision": 4,
						"scale": 3
					},
					{
						"name": "CBACF",
						"type": "nvarchar"
					},
					{
						"name": "CBACA",
						"type": "decimal",
						"precision": 7,
						"scale": 2
					},
					{
						"name": "CBACP",
						"type": "decimal",
						"precision": 4,
						"scale": 3
					},
					{
						"name": "CBAPD",
						"type": "decimal",
						"precision": 4,
						"scale": 3
					},
					{
						"name": "CBAED",
						"type": "decimal",
						"precision": 4,
						"scale": 3
					},
					{
						"name": "CBACC",
						"type": "decimal",
						"precision": 4,
						"scale": 3
					},
					{
						"name": "CBADF",
						"type": "decimal",
						"precision": 4,
						"scale": 3
					},
					{
						"name": "CBNLR",
						"type": "nvarchar"
					},
					{
						"name": "CBNLD",
						"type": "nvarchar"
					},
					{
						"name": "CBNLC",
						"type": "nvarchar"
					},
					{
						"name": "CBNLP",
						"type": "nvarchar"
					},
					{
						"name": "CBNPC",
						"type": "nvarchar"
					},
					{
						"name": "CBPCF",
						"type": "nvarchar"
					},
					{
						"name": "CBPCC",
						"type": "decimal",
						"precision": 5,
						"scale": 2
					},
					{
						"name": "CBPCM",
						"type": "decimal",
						"precision": 5,
						"scale": 2
					},
					{
						"name": "CBPCD",
						"type": "nvarchar"
					},
					{
						"name": "CBPCR",
						"type": "nvarchar"
					},
					{
						"name": "CBPCT",
						"type": "nvarchar"
					},
					{
						"name": "CBRLF",
						"type": "nvarchar"
					},
					{
						"name": "CBRLP",
						"type": "nvarchar"
					},
					{
						"name": "CBRLC",
						"type": "decimal",
						"precision": 5,
						"scale": 2
					},
					{
						"name": "CBRLM",
						"type": "decimal",
						"precision": 5,
						"scale": 2
					},
					{
						"name": "CBARF",
						"type": "nvarchar"
					},
					{
						"name": "CBCSH",
						"type": "decimal",
						"precision": 5,
						"scale": 2
					},
					{
						"name": "CBRIF",
						"type": "nvarchar"
					},
					{
						"name": "CBRID",
						"type": "decimal",
						"precision": 6,
						"scale": 0
					},
					{
						"name": "CBSVC",
						"type": "decimal",
						"precision": 5,
						"scale": 2
					},
					{
						"name": "CBSVD",
						"type": "decimal",
						"precision": 6,
						"scale": 0
					},
					{
						"name": "CBGDY",
						"type": "decimal",
						"precision": 2,
						"scale": 0
					},
					{
						"name": "CBLCF",
						"type": "nvarchar"
					},
					{
						"name": "CBLCA",
						"type": "decimal",
						"precision": 5,
						"scale": 2
					},
					{
						"name": "CBLCP",
						"type": "decimal",
						"precision": 4,
						"scale": 3
					},
					{
						"name": "CBLLF",
						"type": "nvarchar"
					},
					{
						"name": "CBL15",
						"type": "nvarchar"
					},
					{
						"name": "CBL30",
						"type": "nvarchar"
					},
					{
						"name": "CBL45",
						"type": "nvarchar"
					},
					{
						"name": "CBL60",
						"type": "nvarchar"
					},
					{
						"name": "CBLAL",
						"type": "nvarchar"
					},
					{
						"name": "CBLPO",
						"type": "nvarchar"
					},
					{
						"name": "CBPMF",
						"type": "nvarchar"
					},
					{
						"name": "CBPMC",
						"type": "decimal",
						"precision": 5,
						"scale": 2
					},
					{
						"name": "CBPMR",
						"type": "nvarchar"
					},
					{
						"name": "CBPMA",
						"type": "nvarchar"
					},
					{
						"name": "CBRPS",
						"type": "nvarchar"
					},
					{
						"name": "CBTF4",
						"type": "nvarchar"
					},
					{
						"name": "CBTF5",
						"type": "nvarchar"
					},
					{
						"name": "CBTF6",
						"type": "nvarchar"
					},
					{
						"name": "CBTF7",
						"type": "nvarchar"
					},
					{
						"name": "CBTSD",
						"type": "nvarchar"
					},
					{
						"name": "CBTF2",
						"type": "nvarchar"
					},
					{
						"name": "CBTSL",
						"type": "nvarchar"
					},
					{
						"name": "CBTSC",
						"type": "decimal",
						"precision": 1,
						"scale": 0
					},
					{
						"name": "CBPCP",
						"type": "nvarchar"
					},
					{
						"name": "CBTZN",
						"type": "nvarchar"
					},
					{
						"name": "CBSCC",
						"type": "nvarchar"
					},
					{
						"name": "CBRCS",
						"type": "decimal",
						"precision": 7,
						"scale": 2
					},
					{
						"name": "CBLMU",
						"type": "decimal",
						"precision": 5,
						"scale": 0
					},
					{
						"name": "CBTF9",
						"type": "nvarchar"
					},
					{
						"name": "CBTW1",
						"type": "nvarchar"
					},
					{
						"name": "CBTW3",
						"type": "nvarchar"
					},
					{
						"name": "CBTW4",
						"type": "nvarchar"
					},
					{
						"name": "CBTW5",
						"type": "nvarchar"
					},
					{
						"name": "CBTW6",
						"type": "nvarchar"
					},
					{
						"name": "CBTW7",
						"type": "nvarchar"
					},
					{
						"name": "CBTW8",
						"type": "nvarchar"
					},
					{
						"name": "CBTW9",
						"type": "nvarchar"
					},
					{
						"name": "SOURCE_SYSTEM",
						"type": "nvarchar"
					},
					{
						"name": "DW_CHANGE_DATE",
						"type": "datetime",
						"precision": 23,
						"scale": 3
					},
					{
						"name": "HASHKEY",
						"type": "varbinary"
					}
				],
				"typeProperties": {
					"schema": "StgIseries",
					"table": "ABC400MMF_CCDUPDARCF_INCR"
				}
			},
			"dependsOn": []
		},
		{
			"name": "[concat(parameters('factoryName'), '/SNK_SYN_ISERIES_ACFILEXT_INCR')]",
			"type": "Microsoft.DataFactory/factories/datasets",
			"apiVersion": "2018-06-01",
			"properties": {
				"linkedServiceName": {
					"referenceName": "AzureSynapseAnalytics1",
					"type": "LinkedServiceReference"
				},
				"annotations": [],
				"type": "AzureSqlDWTable",
				"schema": [
					{
						"name": "ACCLBE",
						"type": "int",
						"precision": 10
					},
					{
						"name": "ACMBRE",
						"type": "int",
						"precision": 10
					},
					{
						"name": "ACDTEE",
						"type": "decimal",
						"precision": 6,
						"scale": 0
					},
					{
						"name": "ACCDEE",
						"type": "varchar"
					},
					{
						"name": "ACUSER",
						"type": "varchar"
					},
					{
						"name": "ACPROCBY",
						"type": "varchar"
					},
					{
						"name": "ACAUTHBY",
						"type": "varchar"
					}
				],
				"typeProperties": {
					"schema": "StgIseries",
					"table": "ABC400FIL_ACFILEXT_INCR"
				}
			},
			"dependsOn": []
		},
		{
			"name": "[concat(parameters('factoryName'), '/SNK_SYN_ISERIES_ATFXFRLOG_INCR')]",
			"type": "Microsoft.DataFactory/factories/datasets",
			"apiVersion": "2018-06-01",
			"properties": {
				"linkedServiceName": {
					"referenceName": "AzureSynapseAnalytics1",
					"type": "LinkedServiceReference"
				},
				"annotations": [],
				"type": "AzureSqlDWTable",
				"schema": [
					{
						"name": "XFRCLUBFROM",
						"type": "int",
						"precision": 10
					},
					{
						"name": "XFRMEMBERFROM",
						"type": "int",
						"precision": 10
					},
					{
						"name": "XFRCLUBTO",
						"type": "int",
						"precision": 10
					},
					{
						"name": "XFRMEMBERTO",
						"type": "int",
						"precision": 10
					},
					{
						"name": "XFRSKIPFLAG",
						"type": "nvarchar"
					},
					{
						"name": "XFRTRANAMOUNT",
						"type": "decimal",
						"precision": 7,
						"scale": 2
					},
					{
						"name": "XFRTRANREASON",
						"type": "nvarchar"
					},
					{
						"name": "XFRTRANTYPEFROM",
						"type": "nvarchar"
					},
					{
						"name": "XFRTRANTYPETO",
						"type": "nvarchar"
					},
					{
						"name": "XFRDESCRIPTION",
						"type": "nvarchar"
					},
					{
						"name": "XFRTRANSFERALL",
						"type": "nvarchar"
					},
					{
						"name": "XFRTRANORDNL01",
						"type": "nvarchar"
					},
					{
						"name": "XFRTRANFNAME01",
						"type": "nvarchar"
					},
					{
						"name": "XFRTRANLNAME01",
						"type": "nvarchar"
					},
					{
						"name": "XFRTRANORDNL02",
						"type": "nvarchar"
					},
					{
						"name": "XFRTRANFNAME02",
						"type": "nvarchar"
					},
					{
						"name": "XFRTRANLNAME02",
						"type": "nvarchar"
					},
					{
						"name": "XFRTRANORDNL03",
						"type": "nvarchar"
					},
					{
						"name": "XFRTRANFNAME03",
						"type": "nvarchar"
					},
					{
						"name": "XFRTRANLNAME03",
						"type": "nvarchar"
					},
					{
						"name": "XFRTRANORDNL04",
						"type": "nvarchar"
					},
					{
						"name": "XFRTRANFNAME04",
						"type": "nvarchar"
					},
					{
						"name": "XFRTRANLNAME04",
						"type": "nvarchar"
					},
					{
						"name": "XFRTRANORDNL05",
						"type": "nvarchar"
					},
					{
						"name": "XFRTRANFNAME05",
						"type": "nvarchar"
					},
					{
						"name": "XFRTRANLNAME05",
						"type": "nvarchar"
					},
					{
						"name": "XFRTRANORDNL06",
						"type": "nvarchar"
					},
					{
						"name": "XFRTRANFNAME06",
						"type": "nvarchar"
					},
					{
						"name": "XFRTRANLNAME06",
						"type": "nvarchar"
					},
					{
						"name": "XFRTRANORDNL07",
						"type": "nvarchar"
					},
					{
						"name": "XFRTRANFNAME07",
						"type": "nvarchar"
					},
					{
						"name": "XFRTRANLNAME07",
						"type": "nvarchar"
					},
					{
						"name": "XFRTRANORDNL08",
						"type": "nvarchar"
					},
					{
						"name": "XFRTRANFNAME08",
						"type": "nvarchar"
					},
					{
						"name": "XFRTRANLNAME08",
						"type": "nvarchar"
					},
					{
						"name": "XFRTRANORDNL09",
						"type": "nvarchar"
					},
					{
						"name": "XFRTRANFNAME09",
						"type": "nvarchar"
					},
					{
						"name": "XFRTRANLNAME09",
						"type": "nvarchar"
					},
					{
						"name": "XFRSENDEMAIL",
						"type": "nvarchar"
					},
					{
						"name": "XFRFCEMAIL1",
						"type": "nvarchar"
					},
					{
						"name": "XFRFCEMAIL2",
						"type": "nvarchar"
					},
					{
						"name": "XFRFCEMAIL3",
						"type": "nvarchar"
					},
					{
						"name": "XFRTCEMAIL1",
						"type": "nvarchar"
					},
					{
						"name": "XFRTCEMAIL2",
						"type": "nvarchar"
					},
					{
						"name": "XFRTCEMAIL3",
						"type": "nvarchar"
					},
					{
						"name": "XFRFROMERR1",
						"type": "nvarchar"
					},
					{
						"name": "XFRFROMERR2",
						"type": "nvarchar"
					},
					{
						"name": "XFRFROMERR3",
						"type": "nvarchar"
					},
					{
						"name": "XFRTOERR1",
						"type": "nvarchar"
					},
					{
						"name": "XFRTOERR2",
						"type": "nvarchar"
					},
					{
						"name": "XFRTOERR3",
						"type": "nvarchar"
					},
					{
						"name": "XFRCREATEBY",
						"type": "nvarchar"
					},
					{
						"name": "XFRCREATEDATE",
						"type": "decimal",
						"precision": 8,
						"scale": 0
					},
					{
						"name": "XFRCREATETIME",
						"type": "decimal",
						"precision": 6,
						"scale": 0
					},
					{
						"name": "XFRREASON",
						"type": "nvarchar"
					}
				],
				"typeProperties": {
					"schema": "StgIseries",
					"table": "ABC400FIL_ATFXFRLOG_INCR"
				}
			},
			"dependsOn": []
		},
		{
			"name": "[concat(parameters('factoryName'), '/SNK_SYN_ISERIES_BCZFIL2_INCR')]",
			"type": "Microsoft.DataFactory/factories/datasets",
			"apiVersion": "2018-06-01",
			"properties": {
				"linkedServiceName": {
					"referenceName": "AzureSynapseAnalytics1",
					"type": "LinkedServiceReference"
				},
				"annotations": [],
				"type": "AzureSqlDWTable",
				"schema": [
					{
						"name": "CBCLB",
						"type": "int",
						"precision": 10
					},
					{
						"name": "CBCPY",
						"type": "nvarchar"
					},
					{
						"name": "CBACT",
						"type": "nvarchar"
					},
					{
						"name": "CBNME",
						"type": "nvarchar"
					},
					{
						"name": "CBAD1",
						"type": "nvarchar"
					},
					{
						"name": "CBAD2",
						"type": "nvarchar"
					},
					{
						"name": "CBCTY",
						"type": "nvarchar"
					},
					{
						"name": "CBSTE",
						"type": "nvarchar"
					},
					{
						"name": "CBZIP",
						"type": "decimal",
						"precision": 5,
						"scale": 0
					},
					{
						"name": "CBZC4",
						"type": "decimal",
						"precision": 4,
						"scale": 0
					},
					{
						"name": "CBPNM",
						"type": "nvarchar"
					},
					{
						"name": "CBPA1",
						"type": "nvarchar"
					},
					{
						"name": "CBPA2",
						"type": "nvarchar"
					},
					{
						"name": "CBPCY",
						"type": "nvarchar"
					},
					{
						"name": "CBPST",
						"type": "nvarchar"
					},
					{
						"name": "CBPZC",
						"type": "decimal",
						"precision": 5,
						"scale": 0
					},
					{
						"name": "CBPZ4",
						"type": "decimal",
						"precision": 4,
						"scale": 0
					},
					{
						"name": "CBPHA",
						"type": "nvarchar"
					},
					{
						"name": "CBPHP",
						"type": "nvarchar"
					},
					{
						"name": "CBPHN",
						"type": "nvarchar"
					},
					{
						"name": "CBFXA",
						"type": "nvarchar"
					},
					{
						"name": "CBFXP",
						"type": "nvarchar"
					},
					{
						"name": "CBFXN",
						"type": "nvarchar"
					},
					{
						"name": "CBCN1",
						"type": "nvarchar"
					},
					{
						"name": "CBCN2",
						"type": "nvarchar"
					},
					{
						"name": "CBCN3",
						"type": "nvarchar"
					},
					{
						"name": "CBCN4",
						"type": "nvarchar"
					},
					{
						"name": "CBCN5",
						"type": "nvarchar"
					},
					{
						"name": "CBCN6",
						"type": "nvarchar"
					},
					{
						"name": "CBSLM",
						"type": "nvarchar"
					},
					{
						"name": "CBSBD",
						"type": "decimal",
						"precision": 6,
						"scale": 0
					},
					{
						"name": "CBPMO",
						"type": "nvarchar"
					},
					{
						"name": "CBPCH",
						"type": "nvarchar"
					},
					{
						"name": "CBEDT",
						"type": "decimal",
						"precision": 6,
						"scale": 0
					},
					{
						"name": "CBRDT",
						"type": "decimal",
						"precision": 6,
						"scale": 0
					},
					{
						"name": "CBTF3",
						"type": "nvarchar"
					},
					{
						"name": "CBWGR",
						"type": "nvarchar"
					},
					{
						"name": "CBIAR",
						"type": "nvarchar"
					},
					{
						"name": "CBCCP",
						"type": "decimal",
						"precision": 4,
						"scale": 3
					},
					{
						"name": "CBCPD",
						"type": "decimal",
						"precision": 4,
						"scale": 3
					},
					{
						"name": "CBCED",
						"type": "decimal",
						"precision": 4,
						"scale": 3
					},
					{
						"name": "CBCCC",
						"type": "decimal",
						"precision": 4,
						"scale": 3
					},
					{
						"name": "CBCDF",
						"type": "decimal",
						"precision": 4,
						"scale": 3
					},
					{
						"name": "CBACF",
						"type": "nvarchar"
					},
					{
						"name": "CBACA",
						"type": "decimal",
						"precision": 7,
						"scale": 2
					},
					{
						"name": "CBACP",
						"type": "decimal",
						"precision": 4,
						"scale": 3
					},
					{
						"name": "CBAPD",
						"type": "decimal",
						"precision": 4,
						"scale": 3
					},
					{
						"name": "CBAED",
						"type": "decimal",
						"precision": 4,
						"scale": 3
					},
					{
						"name": "CBACC",
						"type": "decimal",
						"precision": 4,
						"scale": 3
					},
					{
						"name": "CBADF",
						"type": "decimal",
						"precision": 4,
						"scale": 3
					},
					{
						"name": "CBNLR",
						"type": "nvarchar"
					},
					{
						"name": "CBNLD",
						"type": "nvarchar"
					},
					{
						"name": "CBNLC",
						"type": "nvarchar"
					},
					{
						"name": "CBNLP",
						"type": "nvarchar"
					},
					{
						"name": "CBNPC",
						"type": "nvarchar"
					},
					{
						"name": "CBPCF",
						"type": "nvarchar"
					},
					{
						"name": "CBPCC",
						"type": "decimal",
						"precision": 5,
						"scale": 2
					},
					{
						"name": "CBPCM",
						"type": "decimal",
						"precision": 5,
						"scale": 2
					},
					{
						"name": "CBPCD",
						"type": "nvarchar"
					},
					{
						"name": "CBPCR",
						"type": "nvarchar"
					},
					{
						"name": "CBPCT",
						"type": "nvarchar"
					},
					{
						"name": "CBRLF",
						"type": "nvarchar"
					},
					{
						"name": "CBRLP",
						"type": "nvarchar"
					},
					{
						"name": "CBRLC",
						"type": "decimal",
						"precision": 5,
						"scale": 2
					},
					{
						"name": "CBRLM",
						"type": "decimal",
						"precision": 5,
						"scale": 2
					},
					{
						"name": "CBARF",
						"type": "nvarchar"
					},
					{
						"name": "CBCSH",
						"type": "decimal",
						"precision": 5,
						"scale": 2
					},
					{
						"name": "CBRIF",
						"type": "nvarchar"
					},
					{
						"name": "CBRID",
						"type": "decimal",
						"precision": 6,
						"scale": 0
					},
					{
						"name": "CBSVC",
						"type": "decimal",
						"precision": 5,
						"scale": 2
					},
					{
						"name": "CBSVD",
						"type": "decimal",
						"precision": 6,
						"scale": 0
					},
					{
						"name": "CBGDY",
						"type": "decimal",
						"precision": 2,
						"scale": 0
					},
					{
						"name": "CBLCF",
						"type": "nvarchar"
					},
					{
						"name": "CBLCA",
						"type": "decimal",
						"precision": 5,
						"scale": 2
					},
					{
						"name": "CBLCP",
						"type": "decimal",
						"precision": 4,
						"scale": 3
					},
					{
						"name": "CBLLF",
						"type": "nvarchar"
					},
					{
						"name": "CBL15",
						"type": "nvarchar"
					},
					{
						"name": "CBL30",
						"type": "nvarchar"
					},
					{
						"name": "CBL45",
						"type": "nvarchar"
					},
					{
						"name": "CBL60",
						"type": "nvarchar"
					},
					{
						"name": "CBLAL",
						"type": "nvarchar"
					},
					{
						"name": "CBLPO",
						"type": "nvarchar"
					},
					{
						"name": "CBPMF",
						"type": "nvarchar"
					},
					{
						"name": "CBPMC",
						"type": "decimal",
						"precision": 5,
						"scale": 2
					},
					{
						"name": "CBPMR",
						"type": "nvarchar"
					},
					{
						"name": "CBPMA",
						"type": "nvarchar"
					},
					{
						"name": "CBRPS",
						"type": "nvarchar"
					},
					{
						"name": "CBTF4",
						"type": "nvarchar"
					},
					{
						"name": "CBTF5",
						"type": "nvarchar"
					},
					{
						"name": "CBTF6",
						"type": "nvarchar"
					},
					{
						"name": "CBTF7",
						"type": "nvarchar"
					},
					{
						"name": "CBTSD",
						"type": "nvarchar"
					},
					{
						"name": "CBTF2",
						"type": "nvarchar"
					},
					{
						"name": "CBTSL",
						"type": "nvarchar"
					},
					{
						"name": "CBTSC",
						"type": "decimal",
						"precision": 1,
						"scale": 0
					},
					{
						"name": "CBPCP",
						"type": "nvarchar"
					},
					{
						"name": "CBTZN",
						"type": "nvarchar"
					},
					{
						"name": "CBSCC",
						"type": "nvarchar"
					},
					{
						"name": "CBRCS",
						"type": "decimal",
						"precision": 7,
						"scale": 2
					},
					{
						"name": "CBLMU",
						"type": "decimal",
						"precision": 5,
						"scale": 0
					},
					{
						"name": "CBTF9",
						"type": "nvarchar"
					},
					{
						"name": "CBTW1",
						"type": "nvarchar"
					},
					{
						"name": "CBTW3",
						"type": "nvarchar"
					},
					{
						"name": "CBTW4",
						"type": "nvarchar"
					},
					{
						"name": "CBTW5",
						"type": "nvarchar"
					},
					{
						"name": "CBTW6",
						"type": "nvarchar"
					},
					{
						"name": "CBTW7",
						"type": "nvarchar"
					},
					{
						"name": "CBTW8",
						"type": "nvarchar"
					},
					{
						"name": "CBTW9",
						"type": "nvarchar"
					},
					{
						"name": "SOURCE_SYSTEM",
						"type": "nvarchar"
					},
					{
						"name": "DW_CHANGE_DATE",
						"type": "datetime",
						"precision": 23,
						"scale": 3
					},
					{
						"name": "HASHKEY",
						"type": "varbinary"
					}
				],
				"typeProperties": {
					"schema": "StgIseries",
					"table": "ABC400FIL_BCZFIL2_INCR"
				}
			},
			"dependsOn": []
		},
		{
			"name": "[concat(parameters('factoryName'), '/SNK_SYN_ISERIES_BCZFIL_INCR')]",
			"type": "Microsoft.DataFactory/factories/datasets",
			"apiVersion": "2018-06-01",
			"properties": {
				"linkedServiceName": {
					"referenceName": "AzureSynapseAnalytics1",
					"type": "LinkedServiceReference"
				},
				"annotations": [],
				"type": "AzureSqlDWTable",
				"schema": [
					{
						"name": "CBCLB",
						"type": "int",
						"precision": 10
					},
					{
						"name": "CBCPY",
						"type": "nvarchar"
					},
					{
						"name": "CBACT",
						"type": "nvarchar"
					},
					{
						"name": "CBNME",
						"type": "nvarchar"
					},
					{
						"name": "CBAD1",
						"type": "nvarchar"
					},
					{
						"name": "CBAD2",
						"type": "nvarchar"
					},
					{
						"name": "CBCTY",
						"type": "nvarchar"
					},
					{
						"name": "CBSTE",
						"type": "nvarchar"
					},
					{
						"name": "CBZIP",
						"type": "decimal",
						"precision": 5,
						"scale": 0
					},
					{
						"name": "CBZC4",
						"type": "decimal",
						"precision": 4,
						"scale": 0
					},
					{
						"name": "CBPNM",
						"type": "nvarchar"
					},
					{
						"name": "CBPA1",
						"type": "nvarchar"
					},
					{
						"name": "CBPA2",
						"type": "nvarchar"
					},
					{
						"name": "CBPCY",
						"type": "nvarchar"
					},
					{
						"name": "CBPST",
						"type": "nvarchar"
					},
					{
						"name": "CBPZC",
						"type": "decimal",
						"precision": 5,
						"scale": 0
					},
					{
						"name": "CBPZ4",
						"type": "decimal",
						"precision": 4,
						"scale": 0
					},
					{
						"name": "CBPHA",
						"type": "nvarchar"
					},
					{
						"name": "CBPHP",
						"type": "nvarchar"
					},
					{
						"name": "CBPHN",
						"type": "nvarchar"
					},
					{
						"name": "CBFXA",
						"type": "nvarchar"
					},
					{
						"name": "CBFXP",
						"type": "nvarchar"
					},
					{
						"name": "CBFXN",
						"type": "nvarchar"
					},
					{
						"name": "CBCN1",
						"type": "nvarchar"
					},
					{
						"name": "CBCN2",
						"type": "nvarchar"
					},
					{
						"name": "CBCN3",
						"type": "nvarchar"
					},
					{
						"name": "CBCN4",
						"type": "nvarchar"
					},
					{
						"name": "CBCN5",
						"type": "nvarchar"
					},
					{
						"name": "CBCN6",
						"type": "nvarchar"
					},
					{
						"name": "CBSLM",
						"type": "nvarchar"
					},
					{
						"name": "CBSBD",
						"type": "decimal",
						"precision": 6,
						"scale": 0
					},
					{
						"name": "CBPMO",
						"type": "nvarchar"
					},
					{
						"name": "CBPCH",
						"type": "nvarchar"
					},
					{
						"name": "CBEDT",
						"type": "decimal",
						"precision": 6,
						"scale": 0
					},
					{
						"name": "CBRDT",
						"type": "decimal",
						"precision": 6,
						"scale": 0
					},
					{
						"name": "CBTF3",
						"type": "nvarchar"
					},
					{
						"name": "CBWGR",
						"type": "nvarchar"
					},
					{
						"name": "CBIAR",
						"type": "nvarchar"
					},
					{
						"name": "CBCCP",
						"type": "decimal",
						"precision": 4,
						"scale": 3
					},
					{
						"name": "CBCPD",
						"type": "decimal",
						"precision": 4,
						"scale": 3
					},
					{
						"name": "CBCED",
						"type": "decimal",
						"precision": 4,
						"scale": 3
					},
					{
						"name": "CBCCC",
						"type": "decimal",
						"precision": 4,
						"scale": 3
					},
					{
						"name": "CBCDF",
						"type": "decimal",
						"precision": 4,
						"scale": 3
					},
					{
						"name": "CBACF",
						"type": "nvarchar"
					},
					{
						"name": "CBACA",
						"type": "decimal",
						"precision": 7,
						"scale": 2
					},
					{
						"name": "CBACP",
						"type": "decimal",
						"precision": 4,
						"scale": 3
					},
					{
						"name": "CBAPD",
						"type": "decimal",
						"precision": 4,
						"scale": 3
					},
					{
						"name": "CBAED",
						"type": "decimal",
						"precision": 4,
						"scale": 3
					},
					{
						"name": "CBACC",
						"type": "decimal",
						"precision": 4,
						"scale": 3
					},
					{
						"name": "CBADF",
						"type": "decimal",
						"precision": 4,
						"scale": 3
					},
					{
						"name": "CBNLR",
						"type": "nvarchar"
					},
					{
						"name": "CBNLD",
						"type": "nvarchar"
					},
					{
						"name": "CBNLC",
						"type": "nvarchar"
					},
					{
						"name": "CBNLP",
						"type": "nvarchar"
					},
					{
						"name": "CBNPC",
						"type": "nvarchar"
					},
					{
						"name": "CBPCF",
						"type": "nvarchar"
					},
					{
						"name": "CBPCC",
						"type": "decimal",
						"precision": 5,
						"scale": 2
					},
					{
						"name": "CBPCM",
						"type": "decimal",
						"precision": 5,
						"scale": 2
					},
					{
						"name": "CBPCD",
						"type": "nvarchar"
					},
					{
						"name": "CBPCR",
						"type": "nvarchar"
					},
					{
						"name": "CBPCT",
						"type": "nvarchar"
					},
					{
						"name": "CBRLF",
						"type": "nvarchar"
					},
					{
						"name": "CBRLP",
						"type": "nvarchar"
					},
					{
						"name": "CBRLC",
						"type": "decimal",
						"precision": 5,
						"scale": 2
					},
					{
						"name": "CBRLM",
						"type": "decimal",
						"precision": 5,
						"scale": 2
					},
					{
						"name": "CBARF",
						"type": "nvarchar"
					},
					{
						"name": "CBCSH",
						"type": "decimal",
						"precision": 5,
						"scale": 2
					},
					{
						"name": "CBRIF",
						"type": "nvarchar"
					},
					{
						"name": "CBRID",
						"type": "decimal",
						"precision": 6,
						"scale": 0
					},
					{
						"name": "CBSVC",
						"type": "decimal",
						"precision": 5,
						"scale": 2
					},
					{
						"name": "CBSVD",
						"type": "decimal",
						"precision": 6,
						"scale": 0
					},
					{
						"name": "CBGDY",
						"type": "decimal",
						"precision": 2,
						"scale": 0
					},
					{
						"name": "CBLCF",
						"type": "nvarchar"
					},
					{
						"name": "CBLCA",
						"type": "decimal",
						"precision": 5,
						"scale": 2
					},
					{
						"name": "CBLCP",
						"type": "decimal",
						"precision": 4,
						"scale": 3
					},
					{
						"name": "CBLLF",
						"type": "nvarchar"
					},
					{
						"name": "CBL15",
						"type": "nvarchar"
					},
					{
						"name": "CBL30",
						"type": "nvarchar"
					},
					{
						"name": "CBL45",
						"type": "nvarchar"
					},
					{
						"name": "CBL60",
						"type": "nvarchar"
					},
					{
						"name": "CBLAL",
						"type": "nvarchar"
					},
					{
						"name": "CBLPO",
						"type": "nvarchar"
					},
					{
						"name": "CBPMF",
						"type": "nvarchar"
					},
					{
						"name": "CBPMC",
						"type": "decimal",
						"precision": 5,
						"scale": 2
					},
					{
						"name": "CBPMR",
						"type": "nvarchar"
					},
					{
						"name": "CBPMA",
						"type": "nvarchar"
					},
					{
						"name": "CBRPS",
						"type": "nvarchar"
					},
					{
						"name": "CBTF4",
						"type": "nvarchar"
					},
					{
						"name": "CBTF5",
						"type": "nvarchar"
					},
					{
						"name": "CBTF6",
						"type": "nvarchar"
					},
					{
						"name": "CBTF7",
						"type": "nvarchar"
					},
					{
						"name": "CBTSD",
						"type": "nvarchar"
					},
					{
						"name": "CBTF2",
						"type": "nvarchar"
					},
					{
						"name": "CBTSL",
						"type": "nvarchar"
					},
					{
						"name": "CBTSC",
						"type": "decimal",
						"precision": 1,
						"scale": 0
					},
					{
						"name": "CBPCP",
						"type": "nvarchar"
					},
					{
						"name": "CBTZN",
						"type": "nvarchar"
					},
					{
						"name": "CBSCC",
						"type": "nvarchar"
					},
					{
						"name": "CBRCS",
						"type": "decimal",
						"precision": 7,
						"scale": 2
					},
					{
						"name": "CBLMU",
						"type": "decimal",
						"precision": 5,
						"scale": 0
					},
					{
						"name": "CBTF9",
						"type": "nvarchar"
					},
					{
						"name": "CBTW1",
						"type": "nvarchar"
					},
					{
						"name": "CBTW3",
						"type": "nvarchar"
					},
					{
						"name": "CBTW4",
						"type": "nvarchar"
					},
					{
						"name": "CBTW5",
						"type": "nvarchar"
					},
					{
						"name": "CBTW6",
						"type": "nvarchar"
					},
					{
						"name": "CBTW7",
						"type": "nvarchar"
					},
					{
						"name": "CBTW8",
						"type": "nvarchar"
					},
					{
						"name": "CBTW9",
						"type": "nvarchar"
					},
					{
						"name": "SOURCE_SYSTEM",
						"type": "nvarchar"
					},
					{
						"name": "DW_CHANGE_DATE",
						"type": "datetime",
						"precision": 23,
						"scale": 3
					},
					{
						"name": "HASHKEY",
						"type": "varbinary"
					}
				],
				"typeProperties": {
					"schema": "StgIseries",
					"table": "ABC400FIL_BCZFIL_INCR"
				}
			},
			"dependsOn": []
		},
		{
			"name": "[concat(parameters('factoryName'), '/SNK_SYN_ISERIES_BPDAV2CLDF_INCR')]",
			"type": "Microsoft.DataFactory/factories/datasets",
			"apiVersion": "2018-06-01",
			"properties": {
				"linkedServiceName": {
					"referenceName": "AzureSynapseAnalytics1",
					"type": "LinkedServiceReference"
				},
				"annotations": [],
				"type": "AzureSqlDWTable",
				"schema": [
					{
						"name": "BPAVDDTE",
						"type": "decimal",
						"precision": 6,
						"scale": 0
					},
					{
						"name": "BPAVDCLB",
						"type": "int",
						"precision": 10
					},
					{
						"name": "BPAVDMBR",
						"type": "int",
						"precision": 10
					},
					{
						"name": "BPPRFCTR",
						"type": "nvarchar"
					},
					{
						"name": "BPINVAMT",
						"type": "decimal",
						"precision": 13,
						"scale": 2
					},
					{
						"name": "BPSTSDES",
						"type": "nvarchar"
					},
					{
						"name": "BPCRPAMT",
						"type": "decimal",
						"precision": 13,
						"scale": 2
					},
					{
						"name": "BPPDPAMT",
						"type": "decimal",
						"precision": 13,
						"scale": 2
					},
					{
						"name": "BPTOTPRJ",
						"type": "decimal",
						"precision": 13,
						"scale": 2
					},
					{
						"name": "BPNMPINV",
						"type": "decimal",
						"precision": 13,
						"scale": 2
					},
					{
						"name": "BPCRIAVL",
						"type": "decimal",
						"precision": 13,
						"scale": 2
					},
					{
						"name": "BPPDIAVL",
						"type": "decimal",
						"precision": 13,
						"scale": 2
					},
					{
						"name": "BPTOTAVL",
						"type": "decimal",
						"precision": 13,
						"scale": 2
					},
					{
						"name": "BPCRCOLL",
						"type": "decimal",
						"precision": 13,
						"scale": 2
					},
					{
						"name": "BPCRCRFC",
						"type": "decimal",
						"precision": 13,
						"scale": 2
					},
					{
						"name": "BPPDCOLL",
						"type": "decimal",
						"precision": 13,
						"scale": 2
					},
					{
						"name": "BPPDCRFC",
						"type": "decimal",
						"precision": 13,
						"scale": 2
					},
					{
						"name": "BPFTCOLL",
						"type": "decimal",
						"precision": 13,
						"scale": 2
					},
					{
						"name": "BPFTCRFC",
						"type": "decimal",
						"precision": 13,
						"scale": 2
					},
					{
						"name": "BPTOTRFCC",
						"type": "decimal",
						"precision": 13,
						"scale": 2
					},
					{
						"name": "BPTOTCOLL",
						"type": "decimal",
						"precision": 13,
						"scale": 2
					},
					{
						"name": "BPCRCHG",
						"type": "decimal",
						"precision": 13,
						"scale": 2
					},
					{
						"name": "BPCRRFC",
						"type": "decimal",
						"precision": 13,
						"scale": 2
					},
					{
						"name": "BPPDCHG",
						"type": "decimal",
						"precision": 13,
						"scale": 2
					},
					{
						"name": "BPPDRFC",
						"type": "decimal",
						"precision": 13,
						"scale": 2
					},
					{
						"name": "BPTOTCHG",
						"type": "decimal",
						"precision": 13,
						"scale": 2
					},
					{
						"name": "BPTOTRFC",
						"type": "decimal",
						"precision": 13,
						"scale": 2
					},
					{
						"name": "BPCRPCT",
						"type": "decimal",
						"precision": 12,
						"scale": 4
					},
					{
						"name": "BPPDPCTA",
						"type": "decimal",
						"precision": 12,
						"scale": 4
					},
					{
						"name": "BPPDPCT",
						"type": "decimal",
						"precision": 12,
						"scale": 4
					},
					{
						"name": "BPTOTPCT",
						"type": "decimal",
						"precision": 12,
						"scale": 4
					}
				],
				"typeProperties": {
					"schema": "StgIseries",
					"table": "ABC400FIL_BPDAV2CLDF_INCR"
				}
			},
			"dependsOn": []
		},
		{
			"name": "[concat(parameters('factoryName'), '/SNK_SYN_ISERIES_BPDENEXCF_INCR')]",
			"type": "Microsoft.DataFactory/factories/datasets",
			"apiVersion": "2018-06-01",
			"properties": {
				"linkedServiceName": {
					"referenceName": "AzureSynapseAnalytics1",
					"type": "LinkedServiceReference"
				},
				"annotations": [],
				"type": "AzureSqlDWTable",
				"schema": [
					{
						"name": "BPRCDTE",
						"type": "decimal",
						"precision": 6,
						"scale": 0
					},
					{
						"name": "BPRCCLB",
						"type": "int",
						"precision": 10
					},
					{
						"name": "BPRCCPY",
						"type": "nvarchar"
					},
					{
						"name": "BPRCNEWC",
						"type": "decimal",
						"precision": 5,
						"scale": 0
					},
					{
						"name": "BPRCNEWCC",
						"type": "decimal",
						"precision": 5,
						"scale": 0
					},
					{
						"name": "BPRCNEWEC",
						"type": "decimal",
						"precision": 5,
						"scale": 0
					},
					{
						"name": "BPRCRNWC",
						"type": "decimal",
						"precision": 5,
						"scale": 0
					},
					{
						"name": "BPRCRNWCC",
						"type": "decimal",
						"precision": 5,
						"scale": 0
					},
					{
						"name": "BPRCRNWEC",
						"type": "decimal",
						"precision": 5,
						"scale": 0
					},
					{
						"name": "BPRCRWTC",
						"type": "decimal",
						"precision": 5,
						"scale": 0
					},
					{
						"name": "BPRCRWTCC",
						"type": "decimal",
						"precision": 5,
						"scale": 0
					},
					{
						"name": "BPRCRWTEC",
						"type": "decimal",
						"precision": 5,
						"scale": 0
					},
					{
						"name": "BPRCTAIC",
						"type": "decimal",
						"precision": 5,
						"scale": 0
					},
					{
						"name": "BPRCTAOC",
						"type": "decimal",
						"precision": 5,
						"scale": 0
					},
					{
						"name": "BPRCCNXC",
						"type": "decimal",
						"precision": 5,
						"scale": 0
					},
					{
						"name": "BPRCPCHC",
						"type": "decimal",
						"precision": 5,
						"scale": 0
					},
					{
						"name": "BPRCPOFC",
						"type": "decimal",
						"precision": 5,
						"scale": 0
					},
					{
						"name": "BPRCREIC",
						"type": "decimal",
						"precision": 5,
						"scale": 0
					},
					{
						"name": "BPRCRFCC",
						"type": "decimal",
						"precision": 5,
						"scale": 0
					},
					{
						"name": "BPRCEXPC",
						"type": "decimal",
						"precision": 5,
						"scale": 0
					},
					{
						"name": "BPRCOTHC",
						"type": "decimal",
						"precision": 5,
						"scale": 0
					},
					{
						"name": "BPRCOTHCX",
						"type": "decimal",
						"precision": 5,
						"scale": 0
					},
					{
						"name": "BPRCTOTEN",
						"type": "decimal",
						"precision": 5,
						"scale": 0
					},
					{
						"name": "BPRCTOTEX",
						"type": "decimal",
						"precision": 5,
						"scale": 0
					},
					{
						"name": "BPRCCURMBC",
						"type": "decimal",
						"precision": 5,
						"scale": 0
					},
					{
						"name": "BPRCPRVMBC",
						"type": "decimal",
						"precision": 5,
						"scale": 0
					},
					{
						"name": "BPRCDIFMBC",
						"type": "decimal",
						"precision": 5,
						"scale": 0
					},
					{
						"name": "BPRCTOTMBC",
						"type": "decimal",
						"precision": 5,
						"scale": 0
					},
					{
						"name": "BPRCNGIM01",
						"type": "decimal",
						"precision": 5,
						"scale": 0
					},
					{
						"name": "BPRCNGIM02",
						"type": "decimal",
						"precision": 5,
						"scale": 0
					},
					{
						"name": "BPRCNGIM03",
						"type": "decimal",
						"precision": 5,
						"scale": 0
					},
					{
						"name": "BPRCNGIM04",
						"type": "decimal",
						"precision": 5,
						"scale": 0
					},
					{
						"name": "BPRCNGIM05",
						"type": "decimal",
						"precision": 5,
						"scale": 0
					},
					{
						"name": "BPRCNGIM06",
						"type": "decimal",
						"precision": 5,
						"scale": 0
					},
					{
						"name": "BPRCNGIM07",
						"type": "decimal",
						"precision": 5,
						"scale": 0
					},
					{
						"name": "BPRCNGIM08",
						"type": "decimal",
						"precision": 5,
						"scale": 0
					},
					{
						"name": "BPRCNGIM09",
						"type": "decimal",
						"precision": 5,
						"scale": 0
					},
					{
						"name": "BPRCNGIM10",
						"type": "decimal",
						"precision": 5,
						"scale": 0
					},
					{
						"name": "BPRCNGIM11",
						"type": "decimal",
						"precision": 5,
						"scale": 0
					},
					{
						"name": "BPRCNGIM12",
						"type": "decimal",
						"precision": 5,
						"scale": 0
					},
					{
						"name": "BPRCENDM01",
						"type": "decimal",
						"precision": 5,
						"scale": 0
					},
					{
						"name": "BPRCENDM02",
						"type": "decimal",
						"precision": 5,
						"scale": 0
					},
					{
						"name": "BPRCENDM03",
						"type": "decimal",
						"precision": 5,
						"scale": 0
					},
					{
						"name": "BPRCENDM04",
						"type": "decimal",
						"precision": 5,
						"scale": 0
					},
					{
						"name": "BPRCENDM05",
						"type": "decimal",
						"precision": 5,
						"scale": 0
					},
					{
						"name": "BPRCENDM06",
						"type": "decimal",
						"precision": 5,
						"scale": 0
					},
					{
						"name": "BPRCENDM07",
						"type": "decimal",
						"precision": 5,
						"scale": 0
					},
					{
						"name": "BPRCENDM08",
						"type": "decimal",
						"precision": 5,
						"scale": 0
					},
					{
						"name": "BPRCENDM09",
						"type": "decimal",
						"precision": 5,
						"scale": 0
					},
					{
						"name": "BPRCENDM10",
						"type": "decimal",
						"precision": 5,
						"scale": 0
					},
					{
						"name": "BPRCENDM11",
						"type": "decimal",
						"precision": 5,
						"scale": 0
					},
					{
						"name": "BPRCENDM12",
						"type": "decimal",
						"precision": 5,
						"scale": 0
					},
					{
						"name": "BPRCCRCSHC",
						"type": "decimal",
						"precision": 5,
						"scale": 0
					},
					{
						"name": "BPRCPVCSHC",
						"type": "decimal",
						"precision": 5,
						"scale": 0
					},
					{
						"name": "BPRCCSHDIF",
						"type": "decimal",
						"precision": 5,
						"scale": 0
					},
					{
						"name": "BPRCCSHEN",
						"type": "decimal",
						"precision": 5,
						"scale": 0
					},
					{
						"name": "BPRCCSHEX",
						"type": "decimal",
						"precision": 5,
						"scale": 0
					},
					{
						"name": "BPRCCSMAT",
						"type": "decimal",
						"precision": 11,
						"scale": 4
					},
					{
						"name": "BPRCCSMATA",
						"type": "decimal",
						"precision": 11,
						"scale": 4
					},
					{
						"name": "BPRCCREFTC",
						"type": "decimal",
						"precision": 5,
						"scale": 0
					},
					{
						"name": "BPRCPVEFTC",
						"type": "decimal",
						"precision": 5,
						"scale": 0
					},
					{
						"name": "BPRCEFTDIF",
						"type": "decimal",
						"precision": 5,
						"scale": 0
					},
					{
						"name": "BPRCEFTEN",
						"type": "decimal",
						"precision": 5,
						"scale": 0
					},
					{
						"name": "BPRCEFTEX",
						"type": "decimal",
						"precision": 5,
						"scale": 0
					},
					{
						"name": "BPRCEFMAT",
						"type": "decimal",
						"precision": 11,
						"scale": 4
					},
					{
						"name": "BPRCEFMATA",
						"type": "decimal",
						"precision": 11,
						"scale": 4
					},
					{
						"name": "BPRCMNATR",
						"type": "decimal",
						"precision": 11,
						"scale": 4
					},
					{
						"name": "BPRCMNATRA",
						"type": "decimal",
						"precision": 11,
						"scale": 4
					},
					{
						"name": "BPRCMNATRY",
						"type": "decimal",
						"precision": 11,
						"scale": 4
					}
				],
				"typeProperties": {
					"schema": "StgIseries",
					"table": "ABC400FIL_BPDENEXCF_INCR"
				}
			},
			"dependsOn": []
		},
		{
			"name": "[concat(parameters('factoryName'), '/SNK_SYN_ISERIES_BPDEXT_INCR')]",
			"type": "Microsoft.DataFactory/factories/datasets",
			"apiVersion": "2018-06-01",
			"properties": {
				"linkedServiceName": {
					"referenceName": "AzureSynapseAnalytics1",
					"type": "LinkedServiceReference"
				},
				"annotations": [],
				"type": "AzureSqlDWTable",
				"schema": [
					{
						"name": "BPDEDTE",
						"type": "decimal",
						"precision": 6,
						"scale": 0
					},
					{
						"name": "BPDECLB",
						"type": "int",
						"precision": 10
					},
					{
						"name": "BPDEMBR",
						"type": "int",
						"precision": 10
					},
					{
						"name": "BPDEPCH",
						"type": "nvarchar"
					},
					{
						"name": "BPDECSHPIF",
						"type": "nvarchar"
					},
					{
						"name": "BPDECSHSFE",
						"type": "nvarchar"
					}
				],
				"typeProperties": {
					"schema": "StgIseries",
					"table": "ABC400FIL_BPDEXT_INCR"
				}
			},
			"dependsOn": []
		}
	]
}