{
	"$schema": "http://schema.management.azure.com/schemas/2015-01-01/deploymentTemplate.json#",
	"contentVersion": "1.0.0.0",
	"parameters": {
		"factoryName": {
			"type": "string",
			"metadata": "Data Factory name",
			"defaultValue": "PlanetFitnessDF"
		},
		"RCMProd_HardCollection_connectionString": {
			"type": "secureString",
			"metadata": "Secure string for 'connectionString' of 'RCMProd_HardCollection'"
		},
		"RCMProd_Organization_connectionString": {
			"type": "secureString",
			"metadata": "Secure string for 'connectionString' of 'RCMProd_Organization'"
		},
		"RCMProd_Taxation_connectionString": {
			"type": "secureString",
			"metadata": "Secure string for 'connectionString' of 'RCMProd_Taxation'"
		},
		"RCMProd_member_transfer_connectionString": {
			"type": "secureString",
			"metadata": "Secure string for 'connectionString' of 'RCMProd_member_transfer'"
		},
		"SQLPoolAS_connectionString": {
			"type": "secureString",
			"metadata": "Secure string for 'connectionString' of 'SQLPoolAS'"
		},
		"Sftp1_password": {
			"type": "secureString",
			"metadata": "Secure string for 'password' of 'Sftp1'"
		},
		"Snowflake1_connectionString": {
			"type": "secureString",
			"metadata": "Secure string for 'connectionString' of 'Snowflake1'"
		},
		"fitness bi_connectionString": {
			"type": "secureString",
			"metadata": "Secure string for 'connectionString' of 'fitness bi'"
		},
		"gymsales_connectionString": {
			"type": "secureString",
			"metadata": "Secure string for 'connectionString' of 'gymsales'"
		},
		"stage_link_blob_connectionString": {
			"type": "secureString",
			"metadata": "Secure string for 'connectionString' of 'stage_link_blob'"
		},
		"RestService1_properties_typeProperties_url": {
			"type": "string",
			"defaultValue": "https://abc.vi-partners-test.xyz"
		},
		"Sftp1_properties_typeProperties_host": {
			"type": "string",
			"defaultValue": "secureftp.abcfinancial.com"
		},
		"Sftp1_properties_typeProperties_userName": {
			"type": "string",
			"defaultValue": "litlereportpull"
		},
		"linkedService1_sasUri": {
			"type": "secureString",
			"metadata": "Secure string for 'sasUri' of 'linkedService1'"
		},
		"AzureSqlDatabase1_properties_privateLinkResourceId": {
			"type": "string",
			"defaultValue": "/subscriptions/11423360-c96a-4d92-8e58-806b30cd5e72/resourceGroups/SQL_DB/providers/Microsoft.Sql/servers/fitnessbidb1"
		},
		"AzureSqlDatabase1_properties_groupId": {
			"type": "string",
			"defaultValue": "sqlServer"
		},
		"AzureSqlDatabase1_properties_fqdns": {
			"type": "array",
			"defaultValue": [
				"fitnessbidb1.database.windows.net"
			]
		}
	},
	"variables": {
		"factoryId": "[concat('Microsoft.DataFactory/factories/', parameters('factoryName'))]"
	},
	"resources": [
		{
			"name": "[concat(parameters('factoryName'), '/RCMProd_HardCollection')]",
			"type": "Microsoft.DataFactory/factories/linkedServices",
			"apiVersion": "2018-06-01",
			"properties": {
				"annotations": [],
				"type": "MySql",
				"typeProperties": {
					"connectionString": "[parameters('RCMProd_HardCollection_connectionString')]"
				},
				"connectVia": {
					"referenceName": "integrationRuntimepf",
					"type": "IntegrationRuntimeReference"
				}
			},
			"dependsOn": []
		},
		{
			"name": "[concat(parameters('factoryName'), '/RCMProd_Organization')]",
			"type": "Microsoft.DataFactory/factories/linkedServices",
			"apiVersion": "2018-06-01",
			"properties": {
				"annotations": [],
				"type": "MySql",
				"typeProperties": {
					"connectionString": "[parameters('RCMProd_Organization_connectionString')]"
				},
				"connectVia": {
					"referenceName": "integrationRuntimepf",
					"type": "IntegrationRuntimeReference"
				}
			},
			"dependsOn": []
		},
		{
			"name": "[concat(parameters('factoryName'), '/RCMProd_Taxation')]",
			"type": "Microsoft.DataFactory/factories/linkedServices",
			"apiVersion": "2018-06-01",
			"properties": {
				"annotations": [],
				"type": "MySql",
				"typeProperties": {
					"connectionString": "[parameters('RCMProd_Taxation_connectionString')]"
				},
				"connectVia": {
					"referenceName": "integrationRuntimepf",
					"type": "IntegrationRuntimeReference"
				}
			},
			"dependsOn": []
		},
		{
			"name": "[concat(parameters('factoryName'), '/RCMProd_member_transfer')]",
			"type": "Microsoft.DataFactory/factories/linkedServices",
			"apiVersion": "2018-06-01",
			"properties": {
				"annotations": [],
				"type": "MySql",
				"typeProperties": {
					"connectionString": "[parameters('RCMProd_member_transfer_connectionString')]"
				},
				"connectVia": {
					"referenceName": "integrationRuntimepf",
					"type": "IntegrationRuntimeReference"
				}
			},
			"dependsOn": []
		},
		{
			"name": "[concat(parameters('factoryName'), '/RestService1')]",
			"type": "Microsoft.DataFactory/factories/linkedServices",
			"apiVersion": "2018-06-01",
			"properties": {
				"annotations": [],
				"type": "RestService",
				"typeProperties": {
					"url": "[parameters('RestService1_properties_typeProperties_url')]",
					"enableServerCertificateValidation": true,
					"authenticationType": "Anonymous",
					"authHeaders": {
						"Authorization": {
							"type": "SecureString",
							"value": "**********"
						}
					}
				},
				"connectVia": {
					"referenceName": "integrationRuntimepf",
					"type": "IntegrationRuntimeReference"
				}
			},
			"dependsOn": []
		},
		{
			"name": "[concat(parameters('factoryName'), '/SQLPoolAS')]",
			"type": "Microsoft.DataFactory/factories/linkedServices",
			"apiVersion": "2018-06-01",
			"properties": {
				"annotations": [],
				"type": "AzureSqlDatabase",
				"typeProperties": {
					"connectionString": "[parameters('SQLPoolAS_connectionString')]"
				},
				"connectVia": {
					"referenceName": "integrationRuntimePFEDW",
					"type": "IntegrationRuntimeReference"
				}
			},
			"dependsOn": []
		},
		{
			"name": "[concat(parameters('factoryName'), '/Sftp1')]",
			"type": "Microsoft.DataFactory/factories/linkedServices",
			"apiVersion": "2018-06-01",
			"properties": {
				"annotations": [],
				"type": "Sftp",
				"typeProperties": {
					"host": "[parameters('Sftp1_properties_typeProperties_host')]",
					"port": 22,
					"skipHostKeyValidation": true,
					"authenticationType": "Basic",
					"userName": "[parameters('Sftp1_properties_typeProperties_userName')]",
					"password": {
						"type": "SecureString",
						"value": "[parameters('Sftp1_password')]"
					}
				},
				"connectVia": {
					"referenceName": "integrationRuntime2",
					"type": "IntegrationRuntimeReference"
				}
			},
			"dependsOn": []
		},
		{
			"name": "[concat(parameters('factoryName'), '/Snowflake1')]",
			"type": "Microsoft.DataFactory/factories/linkedServices",
			"apiVersion": "2018-06-01",
			"properties": {
				"annotations": [],
				"type": "Snowflake",
				"typeProperties": {
					"authenticationType": "Basic",
					"connectionString": "[parameters('Snowflake1_connectionString')]"
				},
				"connectVia": {
					"referenceName": "integrationRuntimePFVMSNOW",
					"type": "IntegrationRuntimeReference"
				}
			},
			"dependsOn": []
		},
		{
			"name": "[concat(parameters('factoryName'), '/fitness bi')]",
			"type": "Microsoft.DataFactory/factories/linkedServices",
			"apiVersion": "2018-06-01",
			"properties": {
				"annotations": [],
				"type": "AzureSqlDatabase",
				"typeProperties": {
					"connectionString": "[parameters('fitness bi_connectionString')]"
				},
				"connectVia": {
					"referenceName": "integrationRuntime2",
					"type": "IntegrationRuntimeReference"
				}
			},
			"dependsOn": []
		},
		{
			"name": "[concat(parameters('factoryName'), '/gymsales')]",
			"type": "Microsoft.DataFactory/factories/linkedServices",
			"apiVersion": "2018-06-01",
			"properties": {
				"annotations": [],
				"type": "PostgreSql",
				"typeProperties": {
					"connectionString": "[parameters('gymsales_connectionString')]"
				},
				"connectVia": {
					"referenceName": "integrationRuntimepf",
					"type": "IntegrationRuntimeReference"
				}
			},
			"dependsOn": []
		},
		{
			"name": "[concat(parameters('factoryName'), '/linkedService1')]",
			"type": "Microsoft.DataFactory/factories/linkedServices",
			"apiVersion": "2018-06-01",
			"properties": {
				"annotations": [],
				"type": "AzureBlobStorage",
				"typeProperties": {
					"sasUri": "[parameters('linkedService1_sasUri')]"
				},
				"connectVia": {
					"referenceName": "integrationRuntimePFVMSNOW",
					"type": "IntegrationRuntimeReference"
				}
			},
			"dependsOn": []
		},
		{
			"name": "[concat(parameters('factoryName'), '/stage_link_blob')]",
			"type": "Microsoft.DataFactory/factories/linkedServices",
			"apiVersion": "2018-06-01",
			"properties": {
				"annotations": [],
				"type": "AzureBlobStorage",
				"typeProperties": {
					"connectionString": "[parameters('stage_link_blob_connectionString')]"
				},
				"connectVia": {
					"referenceName": "integrationRuntimePFVMSNOW",
					"type": "IntegrationRuntimeReference"
				}
			},
			"dependsOn": []
		},
		{
			"name": "[concat(parameters('factoryName'), '/AutoResolveIntegrationRuntime')]",
			"type": "Microsoft.DataFactory/factories/integrationRuntimes",
			"apiVersion": "2018-06-01",
			"properties": {
				"type": "Managed",
				"typeProperties": {
					"computeProperties": {
						"location": "AutoResolve",
						"dataFlowProperties": {
							"computeType": "General",
							"coreCount": 8,
							"timeToLive": 0,
							"cleanup": true
						}
					}
				},
				"managedVirtualNetwork": {
					"type": "ManagedVirtualNetworkReference",
					"referenceName": "default"
				}
			},
			"dependsOn": []
		},
		{
			"name": "[concat(parameters('factoryName'), '/default/AzureSqlDatabase1')]",
			"type": "Microsoft.DataFactory/factories/managedVirtualNetworks/managedPrivateEndpoints",
			"apiVersion": "2018-06-01",
			"properties": {
				"privateLinkResourceId": "[parameters('AzureSqlDatabase1_properties_privateLinkResourceId')]",
				"groupId": "[parameters('AzureSqlDatabase1_properties_groupId')]",
				"fqdns": "[parameters('AzureSqlDatabase1_properties_fqdns')]"
			},
			"dependsOn": []
		},
		{
			"name": "[concat(parameters('factoryName'), '/DailyUpdate_DraftAmount_SQLPOOL')]",
			"type": "Microsoft.DataFactory/factories/pipelines",
			"apiVersion": "2018-06-01",
			"properties": {
				"activities": [
					{
						"name": "Daily Update DimAgreement-DraftAmt",
						"type": "SqlServerStoredProcedure",
						"dependsOn": [],
						"policy": {
							"timeout": "7.00:00:00",
							"retry": 0,
							"retryIntervalInSeconds": 30,
							"secureOutput": false,
							"secureInput": false
						},
						"userProperties": [],
						"typeProperties": {
							"storedProcedureName": "[[DimFactPI].[DailyUpdate_DimAgreement]"
						},
						"linkedServiceName": {
							"referenceName": "AzureSynapseAnalytics1",
							"type": "LinkedServiceReference"
						}
					}
				],
				"policy": {
					"elapsedTimeMetric": {},
					"cancelAfter": {}
				},
				"folder": {
					"name": "Oracle_SQLPOOL"
				},
				"annotations": [],
				"lastPublishTime": "2023-02-08T11:25:30Z"
			},
			"dependsOn": []
		},
		{
			"name": "[concat(parameters('factoryName'), '/LOAD_RCM_ALLOC_PF')]",
			"type": "Microsoft.DataFactory/factories/pipelines",
			"apiVersion": "2018-06-01",
			"properties": {
				"activities": [
					{
						"name": "RCM_EFT_ALLOC_AF_UPDATE",
						"type": "SqlServerStoredProcedure",
						"dependsOn": [],
						"policy": {
							"timeout": "0.12:00:00",
							"retry": 0,
							"retryIntervalInSeconds": 30,
							"secureOutput": false,
							"secureInput": false
						},
						"userProperties": [],
						"typeProperties": {
							"storedProcedureName": "[[PF].[RCM_EFT_ALLOC_AF_UPDATE]"
						},
						"linkedServiceName": {
							"referenceName": "AzureSynapseAnalytics1",
							"type": "LinkedServiceReference"
						}
					},
					{
						"name": "RCM_EFT_ALLOC_DS_UPDATE",
						"type": "SqlServerStoredProcedure",
						"dependsOn": [],
						"policy": {
							"timeout": "0.12:00:00",
							"retry": 0,
							"retryIntervalInSeconds": 30,
							"secureOutput": false,
							"secureInput": false
						},
						"userProperties": [],
						"typeProperties": {
							"storedProcedureName": "[[PF].[RCM_EFT_ALLOC_DS_UPDATE]"
						},
						"linkedServiceName": {
							"referenceName": "AzureSynapseAnalytics1",
							"type": "LinkedServiceReference"
						}
					},
					{
						"name": "RCM_EFT_ALLOC_TAX_DS_UPDATE",
						"type": "SqlServerStoredProcedure",
						"dependsOn": [],
						"policy": {
							"timeout": "0.12:00:00",
							"retry": 0,
							"retryIntervalInSeconds": 30,
							"secureOutput": false,
							"secureInput": false
						},
						"userProperties": [],
						"typeProperties": {
							"storedProcedureName": "[[PF].[RCM_EFT_ALLOC_TAX_DS_UPDATE]"
						},
						"linkedServiceName": {
							"referenceName": "AzureSynapseAnalytics1",
							"type": "LinkedServiceReference"
						}
					},
					{
						"name": "RCM_EFT_ALLOC_TAX_AF_UPDATE",
						"type": "SqlServerStoredProcedure",
						"dependsOn": [],
						"policy": {
							"timeout": "0.12:00:00",
							"retry": 0,
							"retryIntervalInSeconds": 30,
							"secureOutput": false,
							"secureInput": false
						},
						"userProperties": [],
						"typeProperties": {
							"storedProcedureName": "[[PF].[RCM_EFT_ALLOC_TAX_AF_UPDATE]"
						},
						"linkedServiceName": {
							"referenceName": "AzureSynapseAnalytics1",
							"type": "LinkedServiceReference"
						}
					},
					{
						"name": "RCM_SOFT_DECLINES_UPDATE",
						"type": "SqlServerStoredProcedure",
						"dependsOn": [],
						"policy": {
							"timeout": "0.12:00:00",
							"retry": 0,
							"retryIntervalInSeconds": 30,
							"secureOutput": false,
							"secureInput": false
						},
						"userProperties": [],
						"typeProperties": {
							"storedProcedureName": "[[PF].[RCM_SOFT_DECLINES_UPDATE]"
						},
						"linkedServiceName": {
							"referenceName": "AzureSynapseAnalytics1",
							"type": "LinkedServiceReference"
						}
					},
					{
						"name": "RCM_HARD_DECLINES_UPDATE",
						"type": "SqlServerStoredProcedure",
						"dependsOn": [],
						"policy": {
							"timeout": "0.12:00:00",
							"retry": 0,
							"retryIntervalInSeconds": 30,
							"secureOutput": false,
							"secureInput": false
						},
						"userProperties": [],
						"typeProperties": {
							"storedProcedureName": "[[PF].[RCM_HARD_DECLINES_UPDATE]"
						},
						"linkedServiceName": {
							"referenceName": "AzureSynapseAnalytics1",
							"type": "LinkedServiceReference"
						}
					},
					{
						"name": "RCM_EFT_ALLOC_INVOICES_AF_UPDATE",
						"type": "SqlServerStoredProcedure",
						"dependsOn": [],
						"policy": {
							"timeout": "0.12:00:00",
							"retry": 0,
							"retryIntervalInSeconds": 30,
							"secureOutput": false,
							"secureInput": false
						},
						"userProperties": [],
						"typeProperties": {
							"storedProcedureName": "[[PF].[RCM_EFT_ALLOC_INVOICES_AF_UPDATE]"
						},
						"linkedServiceName": {
							"referenceName": "AzureSynapseAnalytics1",
							"type": "LinkedServiceReference"
						}
					},
					{
						"name": "RCM_EFT_ALLOC_INVOICES_DS_UPDATE",
						"type": "SqlServerStoredProcedure",
						"dependsOn": [],
						"policy": {
							"timeout": "0.12:00:00",
							"retry": 0,
							"retryIntervalInSeconds": 30,
							"secureOutput": false,
							"secureInput": false
						},
						"userProperties": [],
						"typeProperties": {
							"storedProcedureName": "[[PF].[RCM_EFT_ALLOC_INVOICES_DS_UPDATE]"
						},
						"linkedServiceName": {
							"referenceName": "AzureSynapseAnalytics1",
							"type": "LinkedServiceReference"
						}
					},
					{
						"name": "RCM_EFT_ALLOC_OUTSIDE_CYCLE_AF_UPDATE",
						"type": "SqlServerStoredProcedure",
						"dependsOn": [],
						"policy": {
							"timeout": "0.12:00:00",
							"retry": 0,
							"retryIntervalInSeconds": 30,
							"secureOutput": false,
							"secureInput": false
						},
						"userProperties": [],
						"typeProperties": {
							"storedProcedureName": "[[PF].[RCM_EFT_ALLOC_OUTSIDE_CYCLE_AF_UPDATE]"
						},
						"linkedServiceName": {
							"referenceName": "AzureSynapseAnalytics1",
							"type": "LinkedServiceReference"
						}
					},
					{
						"name": "RCM_EFT_ALLOC_OUTSIDE_CYCLE_DS_UPDATE",
						"type": "SqlServerStoredProcedure",
						"dependsOn": [],
						"policy": {
							"timeout": "0.12:00:00",
							"retry": 0,
							"retryIntervalInSeconds": 30,
							"secureOutput": false,
							"secureInput": false
						},
						"userProperties": [],
						"typeProperties": {
							"storedProcedureName": "[[PF].[RCM_EFT_ALLOC_OUTSIDE_CYCLE_DS_UPDATE]"
						},
						"linkedServiceName": {
							"referenceName": "AzureSynapseAnalytics1",
							"type": "LinkedServiceReference"
						}
					},
					{
						"name": "RCM_EFT_ALLOC_DELINQ_RECOV_AF_UPDATE",
						"type": "SqlServerStoredProcedure",
						"dependsOn": [],
						"policy": {
							"timeout": "0.12:00:00",
							"retry": 0,
							"retryIntervalInSeconds": 30,
							"secureOutput": false,
							"secureInput": false
						},
						"userProperties": [],
						"typeProperties": {
							"storedProcedureName": "[[PF].[RCM_EFT_ALLOC_DELINQ_RECOV_AF_UPDATE]"
						},
						"linkedServiceName": {
							"referenceName": "AzureSynapseAnalytics1",
							"type": "LinkedServiceReference"
						}
					},
					{
						"name": "RCM_EFT_ALLOC_DELINQ_RECOV_DS_UPDATE",
						"type": "SqlServerStoredProcedure",
						"dependsOn": [],
						"policy": {
							"timeout": "0.12:00:00",
							"retry": 0,
							"retryIntervalInSeconds": 30,
							"secureOutput": false,
							"secureInput": false
						},
						"userProperties": [],
						"typeProperties": {
							"storedProcedureName": "[[PF].[RCM_EFT_ALLOC_DELINQ_RECOV_DS_UPDATE]"
						},
						"linkedServiceName": {
							"referenceName": "AzureSynapseAnalytics1",
							"type": "LinkedServiceReference"
						}
					},
					{
						"name": "RCM_EFT_ALLOC_COLLCTNSUCCESS_AF_UPDATE",
						"type": "SqlServerStoredProcedure",
						"dependsOn": [],
						"policy": {
							"timeout": "0.12:00:00",
							"retry": 0,
							"retryIntervalInSeconds": 30,
							"secureOutput": false,
							"secureInput": false
						},
						"userProperties": [],
						"typeProperties": {
							"storedProcedureName": "[[PF].[RCM_EFT_ALLOC_COLLCTNSUCCESS_AF_UPDATE]"
						},
						"linkedServiceName": {
							"referenceName": "AzureSynapseAnalytics1",
							"type": "LinkedServiceReference"
						}
					},
					{
						"name": "RCM_EFT_ALLOC_COLLCTNSUCCESS_DS_UPDATE",
						"type": "SqlServerStoredProcedure",
						"dependsOn": [],
						"policy": {
							"timeout": "0.12:00:00",
							"retry": 0,
							"retryIntervalInSeconds": 30,
							"secureOutput": false,
							"secureInput": false
						},
						"userProperties": [],
						"typeProperties": {
							"storedProcedureName": "[[PF].[RCM_EFT_ALLOC_COLLCTNSUCCESS_DS_UPDATE]"
						},
						"linkedServiceName": {
							"referenceName": "AzureSynapseAnalytics1",
							"type": "LinkedServiceReference"
						}
					}
				],
				"policy": {
					"elapsedTimeMetric": {},
					"cancelAfter": {}
				},
				"folder": {
					"name": "RCM_PF"
				},
				"annotations": []
			},
			"dependsOn": []
		},
		{
			"name": "[concat(parameters('factoryName'), '/Load_DW_Facts_RCM')]",
			"type": "Microsoft.DataFactory/factories/pipelines",
			"apiVersion": "2018-06-01",
			"properties": {
				"activities": [
					{
						"name": "Fact_Revenue_Trans",
						"type": "SqlServerStoredProcedure",
						"dependsOn": [],
						"policy": {
							"timeout": "0.12:00:00",
							"retry": 0,
							"retryIntervalInSeconds": 30,
							"secureOutput": false,
							"secureInput": false
						},
						"userProperties": [],
						"typeProperties": {
							"storedProcedureName": "[[DW].[Fact_Revenue_Trans_RCM_Update]"
						},
						"linkedServiceName": {
							"referenceName": "AzureSynapseAnalytics1",
							"type": "LinkedServiceReference"
						}
					}
				],
				"policy": {
					"elapsedTimeMetric": {},
					"cancelAfter": {}
				},
				"folder": {
					"name": "RCM_SQLPOOL"
				},
				"annotations": []
			},
			"dependsOn": []
		},
		{
			"name": "[concat(parameters('factoryName'), '/Load_INZABA_Dimensions')]",
			"type": "Microsoft.DataFactory/factories/pipelines",
			"apiVersion": "2018-06-01",
			"properties": {
				"activities": [
					{
						"name": "DimCatalogueItem",
						"type": "SqlServerStoredProcedure",
						"dependsOn": [],
						"policy": {
							"timeout": "0.12:00:00",
							"retry": 0,
							"retryIntervalInSeconds": 30,
							"secureOutput": false,
							"secureInput": false
						},
						"userProperties": [],
						"typeProperties": {
							"storedProcedureName": "[[INZADBA].[DimCatalogueItemUpdate]"
						},
						"linkedServiceName": {
							"referenceName": "AzureSynapseAnalytics1",
							"type": "LinkedServiceReference"
						}
					},
					{
						"name": "DimCheckInAlert",
						"type": "SqlServerStoredProcedure",
						"dependsOn": [],
						"policy": {
							"timeout": "0.12:00:00",
							"retry": 0,
							"retryIntervalInSeconds": 30,
							"secureOutput": false,
							"secureInput": false
						},
						"userProperties": [],
						"typeProperties": {
							"storedProcedureName": "[[INZADBA].[DimCheckInAlertUpdate]"
						},
						"linkedServiceName": {
							"referenceName": "AzureSynapseAnalytics1",
							"type": "LinkedServiceReference"
						}
					},
					{
						"name": "DimMemberTypeToLKUP",
						"type": "SqlServerStoredProcedure",
						"dependsOn": [],
						"policy": {
							"timeout": "0.12:00:00",
							"retry": 0,
							"retryIntervalInSeconds": 30,
							"secureOutput": false,
							"secureInput": false
						},
						"userProperties": [],
						"typeProperties": {
							"storedProcedureName": "[[INZADBA].[DimMemberTypeToLKUPUpdate]"
						},
						"linkedServiceName": {
							"referenceName": "AzureSynapseAnalytics1",
							"type": "LinkedServiceReference"
						}
					},
					{
						"name": "DimMemberType",
						"type": "SqlServerStoredProcedure",
						"dependsOn": [],
						"policy": {
							"timeout": "0.12:00:00",
							"retry": 0,
							"retryIntervalInSeconds": 30,
							"secureOutput": false,
							"secureInput": false
						},
						"userProperties": [],
						"typeProperties": {
							"storedProcedureName": "[[INZADBA].[DimMemberTypeUpdate]"
						},
						"linkedServiceName": {
							"referenceName": "AzureSynapseAnalytics1",
							"type": "LinkedServiceReference"
						}
					},
					{
						"name": "DimPaymentCode",
						"type": "SqlServerStoredProcedure",
						"dependsOn": [],
						"policy": {
							"timeout": "0.12:00:00",
							"retry": 0,
							"retryIntervalInSeconds": 30,
							"secureOutput": false,
							"secureInput": false
						},
						"userProperties": [],
						"typeProperties": {
							"storedProcedureName": "[[INZADBA].[DimPaymentCodeUpdate]"
						},
						"linkedServiceName": {
							"referenceName": "AzureSynapseAnalytics1",
							"type": "LinkedServiceReference"
						}
					},
					{
						"name": "DimProfitCenter",
						"type": "SqlServerStoredProcedure",
						"dependsOn": [],
						"policy": {
							"timeout": "0.12:00:00",
							"retry": 0,
							"retryIntervalInSeconds": 30,
							"secureOutput": false,
							"secureInput": false
						},
						"userProperties": [],
						"typeProperties": {
							"storedProcedureName": "[[INZADBA].[DimProfitCenterUpdate]"
						},
						"linkedServiceName": {
							"referenceName": "AzureSynapseAnalytics1",
							"type": "LinkedServiceReference"
						}
					},
					{
						"name": "DimSalesPerson",
						"type": "SqlServerStoredProcedure",
						"dependsOn": [],
						"policy": {
							"timeout": "0.12:00:00",
							"retry": 0,
							"retryIntervalInSeconds": 30,
							"secureOutput": false,
							"secureInput": false
						},
						"userProperties": [],
						"typeProperties": {
							"storedProcedureName": "[[INZADBA].[DimSalesPersonUpdate]"
						},
						"linkedServiceName": {
							"referenceName": "AzureSynapseAnalytics1",
							"type": "LinkedServiceReference"
						}
					},
					{
						"name": "DimAmenity",
						"type": "SqlServerStoredProcedure",
						"dependsOn": [],
						"policy": {
							"timeout": "0.12:00:00",
							"retry": 0,
							"retryIntervalInSeconds": 30,
							"secureOutput": false,
							"secureInput": false
						},
						"userProperties": [],
						"typeProperties": {
							"storedProcedureName": "[[INZADBA].[DimAmenityUpdate]"
						},
						"linkedServiceName": {
							"referenceName": "AzureSynapseAnalytics1",
							"type": "LinkedServiceReference"
						}
					},
					{
						"name": "DimMemberPaymentFrequencyCodeLKUP",
						"type": "SqlServerStoredProcedure",
						"dependsOn": [],
						"policy": {
							"timeout": "0.12:00:00",
							"retry": 0,
							"retryIntervalInSeconds": 30,
							"secureOutput": false,
							"secureInput": false
						},
						"userProperties": [],
						"typeProperties": {
							"storedProcedureName": "[[INZADBA].[DimMemberPaymentFrequencyCodeLKUPUpdate]"
						},
						"linkedServiceName": {
							"referenceName": "AzureSynapseAnalytics1",
							"type": "LinkedServiceReference"
						}
					},
					{
						"name": "DimStatusCodeActionTypeLKUP",
						"type": "SqlServerStoredProcedure",
						"dependsOn": [],
						"policy": {
							"timeout": "0.12:00:00",
							"retry": 0,
							"retryIntervalInSeconds": 30,
							"secureOutput": false,
							"secureInput": false
						},
						"userProperties": [],
						"typeProperties": {
							"storedProcedureName": "[[INZADBA].[DimStatusCodeActionTypeLookupUpdate]"
						},
						"linkedServiceName": {
							"referenceName": "AzureSynapseAnalytics1",
							"type": "LinkedServiceReference"
						}
					},
					{
						"name": "DimStatusCode",
						"type": "SqlServerStoredProcedure",
						"dependsOn": [],
						"policy": {
							"timeout": "0.12:00:00",
							"retry": 0,
							"retryIntervalInSeconds": 30,
							"secureOutput": false,
							"secureInput": false
						},
						"userProperties": [],
						"typeProperties": {
							"storedProcedureName": "[[INZADBA].[DimStatusCodeUpdate]"
						},
						"linkedServiceName": {
							"referenceName": "AzureSynapseAnalytics1",
							"type": "LinkedServiceReference"
						}
					},
					{
						"name": "DimAddType",
						"type": "SqlServerStoredProcedure",
						"dependsOn": [],
						"policy": {
							"timeout": "0.12:00:00",
							"retry": 0,
							"retryIntervalInSeconds": 30,
							"secureOutput": false,
							"secureInput": false
						},
						"userProperties": [],
						"typeProperties": {
							"storedProcedureName": "[[INZADBA].[DimAddTypeUpdate]"
						},
						"linkedServiceName": {
							"referenceName": "AzureSynapseAnalytics1",
							"type": "LinkedServiceReference"
						}
					},
					{
						"name": "Dimclub",
						"type": "SqlServerStoredProcedure",
						"dependsOn": [],
						"policy": {
							"timeout": "0.12:00:00",
							"retry": 0,
							"retryIntervalInSeconds": 30,
							"secureOutput": false,
							"secureInput": false
						},
						"userProperties": [],
						"typeProperties": {
							"storedProcedureName": "[[INZADBA].[DimClubUpdate]"
						},
						"linkedServiceName": {
							"referenceName": "AzureSynapseAnalytics1",
							"type": "LinkedServiceReference"
						}
					},
					{
						"name": "DimStatusCodeToLookupUpdate",
						"type": "SqlServerStoredProcedure",
						"dependsOn": [],
						"policy": {
							"timeout": "0.12:00:00",
							"retry": 0,
							"retryIntervalInSeconds": 30,
							"secureOutput": false,
							"secureInput": false
						},
						"userProperties": [],
						"typeProperties": {
							"storedProcedureName": "[[INZADBA].[DimStatusCodeToLkupUpdate]"
						},
						"linkedServiceName": {
							"referenceName": "AzureSynapseAnalytics1",
							"type": "LinkedServiceReference"
						}
					},
					{
						"name": "DimOffer",
						"type": "SqlServerStoredProcedure",
						"dependsOn": [],
						"policy": {
							"timeout": "0.12:00:00",
							"retry": 0,
							"retryIntervalInSeconds": 30,
							"secureOutput": false,
							"secureInput": false
						},
						"userProperties": [],
						"typeProperties": {
							"storedProcedureName": "[[INZADBA].[DimOfferUpdate]"
						},
						"linkedServiceName": {
							"referenceName": "AzureSynapseAnalytics1",
							"type": "LinkedServiceReference"
						}
					},
					{
						"name": "DimMember",
						"type": "SqlServerStoredProcedure",
						"dependsOn": [],
						"policy": {
							"timeout": "0.12:00:00",
							"retry": 0,
							"retryIntervalInSeconds": 30,
							"secureOutput": false,
							"secureInput": false
						},
						"userProperties": [],
						"typeProperties": {
							"storedProcedureName": "[[INZADBA].[DimMemberUpdate]"
						},
						"linkedServiceName": {
							"referenceName": "AzureSynapseAnalytics1",
							"type": "LinkedServiceReference"
						}
					},
					{
						"name": "DimProspect",
						"type": "SqlServerStoredProcedure",
						"dependsOn": [],
						"policy": {
							"timeout": "0.12:00:00",
							"retry": 0,
							"retryIntervalInSeconds": 30,
							"secureOutput": false,
							"secureInput": false
						},
						"userProperties": [],
						"typeProperties": {
							"storedProcedureName": "[[INZADBA].[DimProspectUpdate]"
						},
						"linkedServiceName": {
							"referenceName": "AzureSynapseAnalytics1",
							"type": "LinkedServiceReference"
						}
					},
					{
						"name": "DimMemberSourceCodeLKUPUpdate",
						"type": "SqlServerStoredProcedure",
						"dependsOn": [],
						"policy": {
							"timeout": "0.12:00:00",
							"retry": 0,
							"retryIntervalInSeconds": 30,
							"secureOutput": false,
							"secureInput": false
						},
						"userProperties": [],
						"typeProperties": {
							"storedProcedureName": "[[INZADBA].[DimMemberSourceCodeLKUPUpdate]"
						},
						"linkedServiceName": {
							"referenceName": "AzureSynapseAnalytics1",
							"type": "LinkedServiceReference"
						}
					}
				],
				"policy": {
					"elapsedTimeMetric": {},
					"cancelAfter": {}
				},
				"folder": {
					"name": "INZABA"
				},
				"annotations": [],
				"lastPublishTime": "2023-02-27T21:51:38Z"
			},
			"dependsOn": []
		},
		{
			"name": "[concat(parameters('factoryName'), '/Load_INZABA_Fact')]",
			"type": "Microsoft.DataFactory/factories/pipelines",
			"apiVersion": "2018-06-01",
			"properties": {
				"activities": [
					{
						"name": "FactCatalogueItemsSaleUpdate",
						"type": "SqlServerStoredProcedure",
						"dependsOn": [],
						"policy": {
							"timeout": "0.12:00:00",
							"retry": 0,
							"retryIntervalInSeconds": 30,
							"secureOutput": false,
							"secureInput": false
						},
						"userProperties": [],
						"typeProperties": {
							"storedProcedureName": "[[INZADBA].[FactCatalogueItemsSaleUpdate]"
						},
						"linkedServiceName": {
							"referenceName": "AzureSynapseAnalytics1",
							"type": "LinkedServiceReference"
						}
					},
					{
						"name": "FactMemberUsageUpdate",
						"type": "SqlServerStoredProcedure",
						"dependsOn": [],
						"policy": {
							"timeout": "0.12:00:00",
							"retry": 0,
							"retryIntervalInSeconds": 30,
							"secureOutput": false,
							"secureInput": false
						},
						"userProperties": [],
						"typeProperties": {
							"storedProcedureName": "[[INZADBA].[FactMemberUsageUpdate]"
						},
						"linkedServiceName": {
							"referenceName": "AzureSynapseAnalytics1",
							"type": "LinkedServiceReference"
						}
					},
					{
						"name": "FactMemberActionAction",
						"type": "SqlServerStoredProcedure",
						"dependsOn": [],
						"policy": {
							"timeout": "0.12:00:00",
							"retry": 0,
							"retryIntervalInSeconds": 30,
							"secureOutput": false,
							"secureInput": false
						},
						"userProperties": [],
						"typeProperties": {
							"storedProcedureName": "[[INZADBA].[FactMemberActionsUpdate]"
						},
						"linkedServiceName": {
							"referenceName": "AzureSynapseAnalytics1",
							"type": "LinkedServiceReference"
						}
					},
					{
						"name": "FactMemberInvoice",
						"type": "SqlServerStoredProcedure",
						"dependsOn": [],
						"policy": {
							"timeout": "0.12:00:00",
							"retry": 0,
							"retryIntervalInSeconds": 30,
							"secureOutput": false,
							"secureInput": false
						},
						"userProperties": [],
						"typeProperties": {
							"storedProcedureName": "[[INZADBA].[FactMemberInvoicesUpdate]"
						},
						"linkedServiceName": {
							"referenceName": "AzureSynapseAnalytics1",
							"type": "LinkedServiceReference"
						}
					}
				],
				"policy": {
					"elapsedTimeMetric": {},
					"cancelAfter": {}
				},
				"folder": {
					"name": "INZABA"
				},
				"annotations": [],
				"lastPublishTime": "2023-02-27T21:51:38Z"
			},
			"dependsOn": []
		},
		{
			"name": "[concat(parameters('factoryName'), '/Load_Star_Sequence_1_Hist_SQLPOOL')]",
			"type": "Microsoft.DataFactory/factories/pipelines",
			"apiVersion": "2018-06-01",
			"properties": {
				"activities": [
					{
						"name": "DimClubStation",
						"type": "SqlServerStoredProcedure",
						"dependsOn": [],
						"policy": {
							"timeout": "7.00:00:00",
							"retry": 0,
							"retryIntervalInSeconds": 30,
							"secureOutput": false,
							"secureInput": false
						},
						"userProperties": [],
						"typeProperties": {
							"storedProcedureName": "[[DimFactPI].[DimClubStationUpdate_Hist]"
						},
						"linkedServiceName": {
							"referenceName": "AzureSynapseAnalytics1",
							"type": "LinkedServiceReference"
						}
					},
					{
						"name": "DimCampaign",
						"type": "SqlServerStoredProcedure",
						"dependsOn": [],
						"policy": {
							"timeout": "7.00:00:00",
							"retry": 0,
							"retryIntervalInSeconds": 30,
							"secureOutput": false,
							"secureInput": false
						},
						"userProperties": [],
						"typeProperties": {
							"storedProcedureName": "[[DimFactPI].[DimCampaignUpdate_Hist]"
						},
						"linkedServiceName": {
							"referenceName": "AzureSynapseAnalytics1",
							"type": "LinkedServiceReference"
						}
					},
					{
						"name": "FactEmployeesTimesheets",
						"type": "SqlServerStoredProcedure",
						"dependsOn": [
							{
								"activity": "DimEmployee",
								"dependencyConditions": [
									"Succeeded"
								]
							}
						],
						"policy": {
							"timeout": "7.00:00:00",
							"retry": 0,
							"retryIntervalInSeconds": 30,
							"secureOutput": false,
							"secureInput": false
						},
						"userProperties": [],
						"typeProperties": {
							"storedProcedureName": "[[DimFactPI].[FactEmployeesTimesheetsUpdate_Hist]"
						},
						"linkedServiceName": {
							"referenceName": "AzureSynapseAnalytics1",
							"type": "LinkedServiceReference"
						}
					},
					{
						"name": "DimClubPlan",
						"type": "SqlServerStoredProcedure",
						"dependsOn": [],
						"policy": {
							"timeout": "7.00:00:00",
							"retry": 0,
							"retryIntervalInSeconds": 30,
							"secureOutput": false,
							"secureInput": false
						},
						"userProperties": [],
						"typeProperties": {
							"storedProcedureName": "[[DimFactPI].[UpdateDimClubPlan_Hist]"
						},
						"linkedServiceName": {
							"referenceName": "AzureSynapseAnalytics1",
							"type": "LinkedServiceReference"
						}
					},
					{
						"name": "DimBillingCatalogItems",
						"type": "SqlServerStoredProcedure",
						"dependsOn": [],
						"policy": {
							"timeout": "7.00:00:00",
							"retry": 0,
							"retryIntervalInSeconds": 30,
							"secureOutput": false,
							"secureInput": false
						},
						"userProperties": [],
						"typeProperties": {
							"storedProcedureName": "[[DimFactPI].[DimBillingCatalogItemsUpdate_Hist]"
						},
						"linkedServiceName": {
							"referenceName": "AzureSynapseAnalytics1",
							"type": "LinkedServiceReference"
						}
					},
					{
						"name": "DimEmployee",
						"type": "SqlServerStoredProcedure",
						"dependsOn": [],
						"policy": {
							"timeout": "7.00:00:00",
							"retry": 0,
							"retryIntervalInSeconds": 30,
							"secureOutput": false,
							"secureInput": false
						},
						"userProperties": [],
						"typeProperties": {
							"storedProcedureName": "[[DimFactPI].[DimEmployeeUpdate_Hist]"
						},
						"linkedServiceName": {
							"referenceName": "AzureSynapseAnalytics1",
							"type": "LinkedServiceReference"
						}
					},
					{
						"name": "DimCalendarCustomCategories",
						"type": "SqlServerStoredProcedure",
						"dependsOn": [],
						"policy": {
							"timeout": "7.00:00:00",
							"retry": 0,
							"retryIntervalInSeconds": 30,
							"secureOutput": false,
							"secureInput": false
						},
						"userProperties": [],
						"typeProperties": {
							"storedProcedureName": "[[DimFactPI].[DimCalendarCustomCategoriesUpdate_Hist]"
						},
						"linkedServiceName": {
							"referenceName": "AzureSynapseAnalytics1",
							"type": "LinkedServiceReference"
						}
					},
					{
						"name": "DimProfitCenter",
						"type": "SqlServerStoredProcedure",
						"dependsOn": [],
						"policy": {
							"timeout": "7.00:00:00",
							"retry": 0,
							"retryIntervalInSeconds": 30,
							"secureOutput": false,
							"secureInput": false
						},
						"userProperties": [],
						"typeProperties": {
							"storedProcedureName": "[[DimFactPI].[DimProfitCenterUpdate_Hist]"
						},
						"linkedServiceName": {
							"referenceName": "AzureSynapseAnalytics1",
							"type": "LinkedServiceReference"
						}
					}
				],
				"policy": {
					"elapsedTimeMetric": {},
					"cancelAfter": {}
				},
				"folder": {
					"name": "Oracle_SQLPOOL"
				},
				"annotations": [],
				"lastPublishTime": "2023-02-24T15:45:49Z"
			},
			"dependsOn": []
		}
	]
}