{
	"$schema": "http://schema.management.azure.com/schemas/2015-01-01/deploymentTemplate.json#",
	"contentVersion": "1.0.0.0",
	"parameters": {
		"factoryName": {
			"type": "string",
			"metadata": "Data Factory name",
			"defaultValue": "PlanetFitnessDF"
		}
	},
	"variables": {
		"factoryId": "[concat('Microsoft.DataFactory/factories/', parameters('factoryName'))]"
	},
	"resources": [
		{
			"name": "[concat(parameters('factoryName'), '/SNK_SYN_ISERIES_XXXTPETBL_TPE_CONTROL_TRANSACTION_RESPONSE_CODE_INCR')]",
			"type": "Microsoft.DataFactory/factories/datasets",
			"apiVersion": "2018-06-01",
			"properties": {
				"linkedServiceName": {
					"referenceName": "AzureSynapseAnalytics1",
					"type": "LinkedServiceReference"
				},
				"annotations": [],
				"type": "AzureSqlDWTable",
				"schema": [
					{
						"name": "CBCLB",
						"type": "int",
						"precision": 10
					},
					{
						"name": "CBCPY",
						"type": "nvarchar"
					},
					{
						"name": "CBACT",
						"type": "nvarchar"
					},
					{
						"name": "CBNME",
						"type": "nvarchar"
					},
					{
						"name": "CBAD1",
						"type": "nvarchar"
					},
					{
						"name": "CBAD2",
						"type": "nvarchar"
					},
					{
						"name": "CBCTY",
						"type": "nvarchar"
					},
					{
						"name": "CBSTE",
						"type": "nvarchar"
					},
					{
						"name": "CBZIP",
						"type": "decimal",
						"precision": 5,
						"scale": 0
					},
					{
						"name": "CBZC4",
						"type": "decimal",
						"precision": 4,
						"scale": 0
					},
					{
						"name": "CBPNM",
						"type": "nvarchar"
					},
					{
						"name": "CBPA1",
						"type": "nvarchar"
					},
					{
						"name": "CBPA2",
						"type": "nvarchar"
					},
					{
						"name": "CBPCY",
						"type": "nvarchar"
					},
					{
						"name": "CBPST",
						"type": "nvarchar"
					},
					{
						"name": "CBPZC",
						"type": "decimal",
						"precision": 5,
						"scale": 0
					},
					{
						"name": "CBPZ4",
						"type": "decimal",
						"precision": 4,
						"scale": 0
					},
					{
						"name": "CBPHA",
						"type": "nvarchar"
					},
					{
						"name": "CBPHP",
						"type": "nvarchar"
					},
					{
						"name": "CBPHN",
						"type": "nvarchar"
					},
					{
						"name": "CBFXA",
						"type": "nvarchar"
					},
					{
						"name": "CBFXP",
						"type": "nvarchar"
					},
					{
						"name": "CBFXN",
						"type": "nvarchar"
					},
					{
						"name": "CBCN1",
						"type": "nvarchar"
					},
					{
						"name": "CBCN2",
						"type": "nvarchar"
					},
					{
						"name": "CBCN3",
						"type": "nvarchar"
					},
					{
						"name": "CBCN4",
						"type": "nvarchar"
					},
					{
						"name": "CBCN5",
						"type": "nvarchar"
					},
					{
						"name": "CBCN6",
						"type": "nvarchar"
					},
					{
						"name": "CBSLM",
						"type": "nvarchar"
					},
					{
						"name": "CBSBD",
						"type": "decimal",
						"precision": 6,
						"scale": 0
					},
					{
						"name": "CBPMO",
						"type": "nvarchar"
					},
					{
						"name": "CBPCH",
						"type": "nvarchar"
					},
					{
						"name": "CBEDT",
						"type": "decimal",
						"precision": 6,
						"scale": 0
					},
					{
						"name": "CBRDT",
						"type": "decimal",
						"precision": 6,
						"scale": 0
					},
					{
						"name": "CBTF3",
						"type": "nvarchar"
					},
					{
						"name": "CBWGR",
						"type": "nvarchar"
					},
					{
						"name": "CBIAR",
						"type": "nvarchar"
					},
					{
						"name": "CBCCP",
						"type": "decimal",
						"precision": 4,
						"scale": 3
					},
					{
						"name": "CBCPD",
						"type": "decimal",
						"precision": 4,
						"scale": 3
					},
					{
						"name": "CBCED",
						"type": "decimal",
						"precision": 4,
						"scale": 3
					},
					{
						"name": "CBCCC",
						"type": "decimal",
						"precision": 4,
						"scale": 3
					},
					{
						"name": "CBCDF",
						"type": "decimal",
						"precision": 4,
						"scale": 3
					},
					{
						"name": "CBACF",
						"type": "nvarchar"
					},
					{
						"name": "CBACA",
						"type": "decimal",
						"precision": 7,
						"scale": 2
					},
					{
						"name": "CBACP",
						"type": "decimal",
						"precision": 4,
						"scale": 3
					},
					{
						"name": "CBAPD",
						"type": "decimal",
						"precision": 4,
						"scale": 3
					},
					{
						"name": "CBAED",
						"type": "decimal",
						"precision": 4,
						"scale": 3
					},
					{
						"name": "CBACC",
						"type": "decimal",
						"precision": 4,
						"scale": 3
					},
					{
						"name": "CBADF",
						"type": "decimal",
						"precision": 4,
						"scale": 3
					},
					{
						"name": "CBNLR",
						"type": "nvarchar"
					},
					{
						"name": "CBNLD",
						"type": "nvarchar"
					},
					{
						"name": "CBNLC",
						"type": "nvarchar"
					},
					{
						"name": "CBNLP",
						"type": "nvarchar"
					},
					{
						"name": "CBNPC",
						"type": "nvarchar"
					},
					{
						"name": "CBPCF",
						"type": "nvarchar"
					},
					{
						"name": "CBPCC",
						"type": "decimal",
						"precision": 5,
						"scale": 2
					},
					{
						"name": "CBPCM",
						"type": "decimal",
						"precision": 5,
						"scale": 2
					},
					{
						"name": "CBPCD",
						"type": "nvarchar"
					},
					{
						"name": "CBPCR",
						"type": "nvarchar"
					},
					{
						"name": "CBPCT",
						"type": "nvarchar"
					},
					{
						"name": "CBRLF",
						"type": "nvarchar"
					},
					{
						"name": "CBRLP",
						"type": "nvarchar"
					},
					{
						"name": "CBRLC",
						"type": "decimal",
						"precision": 5,
						"scale": 2
					},
					{
						"name": "CBRLM",
						"type": "decimal",
						"precision": 5,
						"scale": 2
					},
					{
						"name": "CBARF",
						"type": "nvarchar"
					},
					{
						"name": "CBCSH",
						"type": "decimal",
						"precision": 5,
						"scale": 2
					},
					{
						"name": "CBRIF",
						"type": "nvarchar"
					},
					{
						"name": "CBRID",
						"type": "decimal",
						"precision": 6,
						"scale": 0
					},
					{
						"name": "CBSVC",
						"type": "decimal",
						"precision": 5,
						"scale": 2
					},
					{
						"name": "CBSVD",
						"type": "decimal",
						"precision": 6,
						"scale": 0
					},
					{
						"name": "CBGDY",
						"type": "decimal",
						"precision": 2,
						"scale": 0
					},
					{
						"name": "CBLCF",
						"type": "nvarchar"
					},
					{
						"name": "CBLCA",
						"type": "decimal",
						"precision": 5,
						"scale": 2
					},
					{
						"name": "CBLCP",
						"type": "decimal",
						"precision": 4,
						"scale": 3
					},
					{
						"name": "CBLLF",
						"type": "nvarchar"
					},
					{
						"name": "CBL15",
						"type": "nvarchar"
					},
					{
						"name": "CBL30",
						"type": "nvarchar"
					},
					{
						"name": "CBL45",
						"type": "nvarchar"
					},
					{
						"name": "CBL60",
						"type": "nvarchar"
					},
					{
						"name": "CBLAL",
						"type": "nvarchar"
					},
					{
						"name": "CBLPO",
						"type": "nvarchar"
					},
					{
						"name": "CBPMF",
						"type": "nvarchar"
					},
					{
						"name": "CBPMC",
						"type": "decimal",
						"precision": 5,
						"scale": 2
					},
					{
						"name": "CBPMR",
						"type": "nvarchar"
					},
					{
						"name": "CBPMA",
						"type": "nvarchar"
					},
					{
						"name": "CBRPS",
						"type": "nvarchar"
					},
					{
						"name": "CBTF4",
						"type": "nvarchar"
					},
					{
						"name": "CBTF5",
						"type": "nvarchar"
					},
					{
						"name": "CBTF6",
						"type": "nvarchar"
					},
					{
						"name": "CBTF7",
						"type": "nvarchar"
					},
					{
						"name": "CBTSD",
						"type": "nvarchar"
					},
					{
						"name": "CBTF2",
						"type": "nvarchar"
					},
					{
						"name": "CBTSL",
						"type": "nvarchar"
					},
					{
						"name": "CBTSC",
						"type": "decimal",
						"precision": 1,
						"scale": 0
					},
					{
						"name": "CBPCP",
						"type": "nvarchar"
					},
					{
						"name": "CBTZN",
						"type": "nvarchar"
					},
					{
						"name": "CBSCC",
						"type": "nvarchar"
					},
					{
						"name": "CBRCS",
						"type": "decimal",
						"precision": 7,
						"scale": 2
					},
					{
						"name": "CBLMU",
						"type": "decimal",
						"precision": 5,
						"scale": 0
					},
					{
						"name": "CBTF9",
						"type": "nvarchar"
					},
					{
						"name": "CBTW1",
						"type": "nvarchar"
					},
					{
						"name": "CBTW3",
						"type": "nvarchar"
					},
					{
						"name": "CBTW4",
						"type": "nvarchar"
					},
					{
						"name": "CBTW5",
						"type": "nvarchar"
					},
					{
						"name": "CBTW6",
						"type": "nvarchar"
					},
					{
						"name": "CBTW7",
						"type": "nvarchar"
					},
					{
						"name": "CBTW8",
						"type": "nvarchar"
					},
					{
						"name": "CBTW9",
						"type": "nvarchar"
					},
					{
						"name": "SOURCE_SYSTEM",
						"type": "nvarchar"
					},
					{
						"name": "DW_CHANGE_DATE",
						"type": "datetime",
						"precision": 23,
						"scale": 3
					},
					{
						"name": "HASHKEY",
						"type": "varbinary"
					}
				],
				"typeProperties": {
					"schema": "StgIseries",
					"table": "ABC400FIL_XXXTPETBL_TPE_CONTROL_TRANSACTION_RESPONSE_CODE_INCR"
				}
			},
			"dependsOn": []
		},
		{
			"name": "[concat(parameters('factoryName'), '/SNK_SYN_PF_ACTIVE_MEMBERS_SMRY')]",
			"type": "Microsoft.DataFactory/factories/datasets",
			"apiVersion": "2018-06-01",
			"properties": {
				"linkedServiceName": {
					"referenceName": "AzureSynapseAnalytics1",
					"type": "LinkedServiceReference"
				},
				"annotations": [],
				"type": "AzureSqlDWTable",
				"schema": [
					{
						"name": "ETL_DATE_KEY",
						"type": "decimal",
						"precision": 8,
						"scale": 0
					},
					{
						"name": "CLUB_NUMBER_I",
						"type": "decimal",
						"precision": 5,
						"scale": 0
					},
					{
						"name": "GENDER",
						"type": "varchar"
					},
					{
						"name": "TOTAL_COUNT",
						"type": "float",
						"precision": 15
					},
					{
						"name": "AS_OF",
						"type": "date"
					}
				],
				"typeProperties": {
					"schema": "DW",
					"table": "PF_ACTIVE_MEMBERS_SMRY"
				}
			},
			"dependsOn": []
		},
		{
			"name": "[concat(parameters('factoryName'), '/SNK_SYN_PF_CBFIL_PROJ_SNAPSHOT')]",
			"type": "Microsoft.DataFactory/factories/datasets",
			"apiVersion": "2018-06-01",
			"properties": {
				"linkedServiceName": {
					"referenceName": "AzureSynapseAnalytics1",
					"type": "LinkedServiceReference"
				},
				"annotations": [],
				"type": "AzureSqlDWTable",
				"schema": [
					{
						"name": "CBTW1",
						"type": "char"
					},
					{
						"name": "CBTW3",
						"type": "char"
					},
					{
						"name": "CBTW4",
						"type": "char"
					},
					{
						"name": "CBTW5",
						"type": "char"
					},
					{
						"name": "CBTW6",
						"type": "char"
					},
					{
						"name": "CBTW7",
						"type": "char"
					},
					{
						"name": "CBTW8",
						"type": "char"
					},
					{
						"name": "CBTW9",
						"type": "char"
					},
					{
						"name": "CLUB_NUMBER_I",
						"type": "float",
						"precision": 15
					},
					{
						"name": "CBTSL",
						"type": "varchar"
					},
					{
						"name": "CBTSC",
						"type": "float",
						"precision": 15
					},
					{
						"name": "CBPCP",
						"type": "char"
					},
					{
						"name": "CBTZN",
						"type": "char"
					},
					{
						"name": "CBSCC",
						"type": "char"
					},
					{
						"name": "CBRCS",
						"type": "float",
						"precision": 15
					},
					{
						"name": "CBLMU",
						"type": "float",
						"precision": 15
					},
					{
						"name": "CBTF9",
						"type": "char"
					},
					{
						"name": "CBRLC",
						"type": "float",
						"precision": 15
					},
					{
						"name": "CBRLM",
						"type": "float",
						"precision": 15
					},
					{
						"name": "CBARF",
						"type": "char"
					},
					{
						"name": "CBCSH",
						"type": "float",
						"precision": 15
					},
					{
						"name": "CBRIF",
						"type": "char"
					},
					{
						"name": "CBRID",
						"type": "float",
						"precision": 15
					},
					{
						"name": "CBSVC",
						"type": "float",
						"precision": 15
					},
					{
						"name": "CBSVD",
						"type": "float",
						"precision": 15
					},
					{
						"name": "CBGDY",
						"type": "float",
						"precision": 15
					},
					{
						"name": "CBLCF",
						"type": "char"
					},
					{
						"name": "CBLCA",
						"type": "float",
						"precision": 15
					},
					{
						"name": "CBLCP",
						"type": "float",
						"precision": 15
					},
					{
						"name": "CBLLF",
						"type": "char"
					},
					{
						"name": "CBL15",
						"type": "char"
					},
					{
						"name": "CBL30",
						"type": "char"
					},
					{
						"name": "CBL45",
						"type": "char"
					},
					{
						"name": "CBL60",
						"type": "char"
					},
					{
						"name": "CBLAL",
						"type": "char"
					},
					{
						"name": "CBLPO",
						"type": "char"
					},
					{
						"name": "CBPMF",
						"type": "char"
					},
					{
						"name": "CBPMC",
						"type": "float",
						"precision": 15
					},
					{
						"name": "CBPMR",
						"type": "char"
					},
					{
						"name": "CBPMA",
						"type": "varchar"
					},
					{
						"name": "CBRPS",
						"type": "char"
					},
					{
						"name": "CBTF4",
						"type": "char"
					},
					{
						"name": "CBTF5",
						"type": "char"
					},
					{
						"name": "CBTF6",
						"type": "char"
					},
					{
						"name": "CBTF7",
						"type": "char"
					},
					{
						"name": "CBTSD",
						"type": "char"
					},
					{
						"name": "CBTF2",
						"type": "char"
					},
					{
						"name": "ETL_DATE_KEY",
						"type": "float",
						"precision": 15
					},
					{
						"name": "ETL_DATETIME",
						"type": "datetime",
						"precision": 23,
						"scale": 3
					},
					{
						"name": "CBCLB",
						"type": "float",
						"precision": 15
					},
					{
						"name": "CBCPY",
						"type": "char"
					},
					{
						"name": "CBACT",
						"type": "char"
					},
					{
						"name": "CBNME",
						"type": "varchar"
					},
					{
						"name": "CBAD1",
						"type": "varchar"
					},
					{
						"name": "CBAD2",
						"type": "varchar"
					},
					{
						"name": "CBCTY",
						"type": "varchar"
					},
					{
						"name": "CBSTE",
						"type": "char"
					},
					{
						"name": "CBZIP",
						"type": "float",
						"precision": 15
					},
					{
						"name": "CBZC4",
						"type": "float",
						"precision": 15
					},
					{
						"name": "CBPNM",
						"type": "varchar"
					},
					{
						"name": "CBPA1",
						"type": "varchar"
					},
					{
						"name": "CBPA2",
						"type": "varchar"
					},
					{
						"name": "CBPCY",
						"type": "varchar"
					},
					{
						"name": "CBPST",
						"type": "char"
					},
					{
						"name": "CBPZC",
						"type": "float",
						"precision": 15
					},
					{
						"name": "CBPZ4",
						"type": "float",
						"precision": 15
					},
					{
						"name": "CBPHA",
						"type": "char"
					},
					{
						"name": "CBPHP",
						"type": "char"
					},
					{
						"name": "CBPHN",
						"type": "char"
					},
					{
						"name": "CBFXA",
						"type": "char"
					},
					{
						"name": "CBFXP",
						"type": "char"
					},
					{
						"name": "CBFXN",
						"type": "char"
					},
					{
						"name": "CBCN1",
						"type": "varchar"
					},
					{
						"name": "CBCN2",
						"type": "varchar"
					},
					{
						"name": "CBCN3",
						"type": "varchar"
					},
					{
						"name": "CBCN4",
						"type": "varchar"
					},
					{
						"name": "CBCN5",
						"type": "varchar"
					},
					{
						"name": "CBCN6",
						"type": "varchar"
					},
					{
						"name": "CBSLM",
						"type": "char"
					},
					{
						"name": "CBSBD",
						"type": "float",
						"precision": 15
					},
					{
						"name": "CBPMO",
						"type": "char"
					},
					{
						"name": "CBPCH",
						"type": "char"
					},
					{
						"name": "CBEDT",
						"type": "float",
						"precision": 15
					},
					{
						"name": "CBRDT",
						"type": "float",
						"precision": 15
					},
					{
						"name": "CBTF3",
						"type": "char"
					},
					{
						"name": "CBWGR",
						"type": "char"
					},
					{
						"name": "CBIAR",
						"type": "char"
					},
					{
						"name": "CBCCP",
						"type": "float",
						"precision": 15
					},
					{
						"name": "CBCPD",
						"type": "float",
						"precision": 15
					},
					{
						"name": "CBCED",
						"type": "float",
						"precision": 15
					},
					{
						"name": "CBCCC",
						"type": "float",
						"precision": 15
					},
					{
						"name": "CBCDF",
						"type": "float",
						"precision": 15
					},
					{
						"name": "CBACF",
						"type": "char"
					},
					{
						"name": "CBACA",
						"type": "float",
						"precision": 15
					},
					{
						"name": "CBACP",
						"type": "float",
						"precision": 15
					},
					{
						"name": "CBAPD",
						"type": "float",
						"precision": 15
					},
					{
						"name": "CBAED",
						"type": "float",
						"precision": 15
					},
					{
						"name": "CBACC",
						"type": "float",
						"precision": 15
					},
					{
						"name": "CBADF",
						"type": "float",
						"precision": 15
					},
					{
						"name": "CBNLR",
						"type": "char"
					},
					{
						"name": "CBNLD",
						"type": "char"
					},
					{
						"name": "CBNLC",
						"type": "char"
					},
					{
						"name": "CBNLP",
						"type": "char"
					},
					{
						"name": "CBNPC",
						"type": "char"
					},
					{
						"name": "CBPCF",
						"type": "char"
					},
					{
						"name": "CBPCC",
						"type": "float",
						"precision": 15
					},
					{
						"name": "CBPCM",
						"type": "float",
						"precision": 15
					},
					{
						"name": "CBPCD",
						"type": "char"
					},
					{
						"name": "CBPCR",
						"type": "char"
					},
					{
						"name": "CBPCT",
						"type": "char"
					},
					{
						"name": "CBRLF",
						"type": "char"
					},
					{
						"name": "CBRLP",
						"type": "char"
					},
					{
						"name": "AS_OF",
						"type": "date"
					}
				],
				"typeProperties": {
					"schema": "PF",
					"table": "PF_CBFIL_PROJ_SNAPSHOT"
				}
			},
			"dependsOn": []
		},
		{
			"name": "[concat(parameters('factoryName'), '/SNK_SYN_PF_CORP_FEES_DETAIL_VW_INCR')]",
			"type": "Microsoft.DataFactory/factories/datasets",
			"apiVersion": "2018-06-01",
			"properties": {
				"linkedServiceName": {
					"referenceName": "AzureSynapseAnalytics1",
					"type": "LinkedServiceReference"
				},
				"annotations": [],
				"type": "AzureSqlDWTable",
				"schema": [
					{
						"name": "CLUB_NUMBER_AND_NAME",
						"type": "varchar"
					},
					{
						"name": "GROSS_INVOICES_ACH#T",
						"type": "float",
						"precision": 15
					},
					{
						"name": "GROSS_INVOICES_ACH$A",
						"type": "float",
						"precision": 15
					},
					{
						"name": "GROSS_INVOICES_CCD#T",
						"type": "float",
						"precision": 15
					},
					{
						"name": "GROSS_INVOICES_CCD$A",
						"type": "float",
						"precision": 15
					},
					{
						"name": "GROSS_INVOICES_STM#T",
						"type": "float",
						"precision": 15
					},
					{
						"name": "GROSS_INVOICES_STM$A",
						"type": "float",
						"precision": 15
					},
					{
						"name": "GROSS_INVOICES_AMZ#T",
						"type": "float",
						"precision": 15
					},
					{
						"name": "GROSS_INVOICES_AMZ$A",
						"type": "float",
						"precision": 15
					},
					{
						"name": "GROSS_INVOICES_APL#T",
						"type": "float",
						"precision": 15
					},
					{
						"name": "GROSS_INVOICES_APL$A",
						"type": "float",
						"precision": 15
					},
					{
						"name": "GROSS_INVOICES_DGP#T",
						"type": "float",
						"precision": 15
					},
					{
						"name": "GROSS_INVOICES_DGP$A",
						"type": "float",
						"precision": 15
					},
					{
						"name": "GROSS_INVOICES_PRB#T",
						"type": "float",
						"precision": 15
					},
					{
						"name": "GROSS_INVOICES_PRB$A",
						"type": "float",
						"precision": 15
					},
					{
						"name": "GROSS_INVOICES_TOT#T",
						"type": "float",
						"precision": 15
					},
					{
						"name": "GROSS_INVOICES_TOT$A",
						"type": "float",
						"precision": 15
					},
					{
						"name": "COLLECTD_ON_DRAFT_ACH#T",
						"type": "float",
						"precision": 15
					},
					{
						"name": "COLLECTD_ON_DRAFT_ACH$A",
						"type": "float",
						"precision": 15
					},
					{
						"name": "COLLECTD_ON_DRAFT_CCD#T",
						"type": "float",
						"precision": 15
					},
					{
						"name": "COLLECTD_ON_DRAFT_CCD$A",
						"type": "float",
						"precision": 15
					},
					{
						"name": "COLLECTD_ON_DRAFT_STM#T",
						"type": "float",
						"precision": 15
					},
					{
						"name": "COLLECTD_ON_DRAFT_STM$A",
						"type": "float",
						"precision": 15
					},
					{
						"name": "COLLECTD_ON_DRAFT_AMZ#T",
						"type": "float",
						"precision": 15
					},
					{
						"name": "COLLECTD_ON_DRAFT_AMZ$A",
						"type": "float",
						"precision": 15
					},
					{
						"name": "COLLECTD_ON_DRAFT_APL#T",
						"type": "float",
						"precision": 15
					},
					{
						"name": "COLLECTD_ON_DRAFT_APL$A",
						"type": "float",
						"precision": 15
					},
					{
						"name": "COLLECTD_ON_DRAFT_DGP#T",
						"type": "float",
						"precision": 15
					},
					{
						"name": "COLLECTD_ON_DRAFT_DGP$A",
						"type": "float",
						"precision": 15
					},
					{
						"name": "COLLECTD_ON_DRAFT_PRB#T",
						"type": "float",
						"precision": 15
					},
					{
						"name": "COLLECTD_ON_DRAFT_PRB$A",
						"type": "float",
						"precision": 15
					},
					{
						"name": "COLLECTD_ON_DRAFT_TOT#T",
						"type": "float",
						"precision": 15
					},
					{
						"name": "COLLECTD_ON_DRAFT_TOT$A",
						"type": "float",
						"precision": 15
					},
					{
						"name": "DELINQUENT_RECOVRY_ACH#T",
						"type": "float",
						"precision": 15
					},
					{
						"name": "DELINQUENT_RECOVRY_ACH$A",
						"type": "float",
						"precision": 15
					},
					{
						"name": "DELINQUENT_RECOVRY_CCD#T",
						"type": "float",
						"precision": 15
					},
					{
						"name": "DELINQUENT_RECOVRY_CCD$A",
						"type": "float",
						"precision": 15
					},
					{
						"name": "DELINQUENT_RECOVRY_STM#T",
						"type": "float",
						"precision": 15
					},
					{
						"name": "DELINQUENT_RECOVRY_STM$A",
						"type": "float",
						"precision": 15
					},
					{
						"name": "DELINQUENT_RECOVRY_AMZ#T",
						"type": "float",
						"precision": 15
					},
					{
						"name": "DELINQUENT_RECOVRY_AMZ$A",
						"type": "float",
						"precision": 15
					},
					{
						"name": "DELINQUENT_RECOVRY_APL#T",
						"type": "float",
						"precision": 15
					},
					{
						"name": "DELINQUENT_RECOVRY_APL$A",
						"type": "float",
						"precision": 15
					},
					{
						"name": "DELINQUENT_RECOVRY_DGP#T",
						"type": "float",
						"precision": 15
					},
					{
						"name": "DELINQUENT_RECOVRY_DGP$A",
						"type": "float",
						"precision": 15
					},
					{
						"name": "DELINQUENT_RECOVRY_PRB#T",
						"type": "float",
						"precision": 15
					},
					{
						"name": "DELINQUENT_RECOVRY_PRB$A",
						"type": "float",
						"precision": 15
					},
					{
						"name": "DELINQUENT_RECOVRY_TOT#T",
						"type": "float",
						"precision": 15
					},
					{
						"name": "DELINQUENT_RECO_CLUBACCT_TOT$A",
						"type": "float",
						"precision": 15
					},
					{
						"name": "DELINQUENT_RECOVRY_TOT$A",
						"type": "float",
						"precision": 15
					},
					{
						"name": "COLLECTED_PRIOR_TO_DRAFT_ACH#T",
						"type": "float",
						"precision": 15
					},
					{
						"name": "COLLECTED_PRIOR_TO_DRAFT_ACH$A",
						"type": "float",
						"precision": 15
					},
					{
						"name": "COLLECTED_PRIOR_TO_DRAFT_CCD#T",
						"type": "float",
						"precision": 15
					},
					{
						"name": "COLLECTED_PRIOR_TO_DRAFT_CCD$A",
						"type": "float",
						"precision": 15
					},
					{
						"name": "COLLECTED_PRIOR_TO_DRAFT_STM#T",
						"type": "float",
						"precision": 15
					},
					{
						"name": "COLLECTED_PRIOR_TO_DRAFT_STM$A",
						"type": "float",
						"precision": 15
					},
					{
						"name": "COLLECTED_PRIOR_TO_DRAFT_AMZ#T",
						"type": "float",
						"precision": 15
					},
					{
						"name": "COLLECTED_PRIOR_TO_DRAFT_AMZ$A",
						"type": "float",
						"precision": 15
					},
					{
						"name": "COLLECTED_PRIOR_TO_DRAFT_APL#T",
						"type": "float",
						"precision": 15
					},
					{
						"name": "COLLECTED_PRIOR_TO_DRAFT_APL$A",
						"type": "float",
						"precision": 15
					},
					{
						"name": "COLLECTED_PRIOR_TO_DRAFT_DGP#T",
						"type": "float",
						"precision": 15
					},
					{
						"name": "COLLECTED_PRIOR_TO_DRAFT_DGP$A",
						"type": "float",
						"precision": 15
					},
					{
						"name": "COLLECTED_PRIOR_TO_DRAFT_PRB#T",
						"type": "float",
						"precision": 15
					},
					{
						"name": "COLLECTED_PRIOR_TO_DRAFT_PRB$A",
						"type": "float",
						"precision": 15
					},
					{
						"name": "COLLECTED_PRIOR_TO_DRAFT_TOT#T",
						"type": "float",
						"precision": 15
					},
					{
						"name": "COLLECTED_PRIOR_TO_DRAFT_TOT$A",
						"type": "float",
						"precision": 15
					},
					{
						"name": "PRIOR_PERIOD_REVERSALS_ACH#T",
						"type": "float",
						"precision": 15
					},
					{
						"name": "PRIOR_PERIOD_REVERSALS_ACH$A",
						"type": "float",
						"precision": 15
					},
					{
						"name": "PRIOR_PERIOD_REVERSALS_CCD#T",
						"type": "float",
						"precision": 15
					},
					{
						"name": "PRIOR_PERIOD_REVERSALS_CCD$A",
						"type": "float",
						"precision": 15
					},
					{
						"name": "PRIOR_PERIOD_REVERSALS_STM#T",
						"type": "float",
						"precision": 15
					},
					{
						"name": "PRIOR_PERIOD_REVERSALS_STM$A",
						"type": "float",
						"precision": 15
					},
					{
						"name": "PRIOR_PERIOD_REVERSALS_AMZ#T",
						"type": "float",
						"precision": 15
					},
					{
						"name": "PRIOR_PERIOD_REVERSALS_AMZ$A",
						"type": "float",
						"precision": 15
					},
					{
						"name": "PRIOR_PERIOD_REVERSALS_APL#T",
						"type": "float",
						"precision": 15
					},
					{
						"name": "PRIOR_PERIOD_REVERSALS_APL$A",
						"type": "float",
						"precision": 15
					},
					{
						"name": "PRIOR_PERIOD_REVERSALS_DGP#T",
						"type": "float",
						"precision": 15
					},
					{
						"name": "PRIOR_PERIOD_REVERSALS_DGP$A",
						"type": "float",
						"precision": 15
					},
					{
						"name": "PRIOR_PERIOD_REVERSALS_PRB#T",
						"type": "float",
						"precision": 15
					},
					{
						"name": "PRIOR_PERIOD_REVERSALS_PRB$A",
						"type": "float",
						"precision": 15
					},
					{
						"name": "PRIOR_PERIOD_REVERSALS_TOT#T",
						"type": "float",
						"precision": 15
					},
					{
						"name": "PRIOR_PERIOD_REVERSALS_TOT$A",
						"type": "float",
						"precision": 15
					},
					{
						"name": "TOTAL_COLLECTED_ACH#T",
						"type": "float",
						"precision": 15
					},
					{
						"name": "TOTAL_COLLECTED_ACH$A",
						"type": "float",
						"precision": 15
					},
					{
						"name": "TOTAL_COLLECTED_CCD#T",
						"type": "float",
						"precision": 15
					},
					{
						"name": "TOTAL_COLLECTED_CCD$A",
						"type": "float",
						"precision": 15
					},
					{
						"name": "TOTAL_COLLECTED_STM#T",
						"type": "float",
						"precision": 15
					},
					{
						"name": "TOTAL_COLLECTED_STM$A",
						"type": "float",
						"precision": 15
					},
					{
						"name": "TOTAL_COLLECTED_AMZ#T",
						"type": "float",
						"precision": 15
					},
					{
						"name": "TOTAL_COLLECTED_AMZ$A",
						"type": "float",
						"precision": 15
					},
					{
						"name": "TOTAL_COLLECTED_APL#T",
						"type": "float",
						"precision": 15
					},
					{
						"name": "TOTAL_COLLECTED_APL$A",
						"type": "float",
						"precision": 15
					},
					{
						"name": "TOTAL_COLLECTED_DGP#T",
						"type": "float",
						"precision": 15
					},
					{
						"name": "TOTAL_COLLECTED_DGP$A",
						"type": "float",
						"precision": 15
					},
					{
						"name": "TOTAL_COLLECTED_PRB#T",
						"type": "float",
						"precision": 15
					},
					{
						"name": "TOTAL_COLLECTED_PRB$A",
						"type": "float",
						"precision": 15
					},
					{
						"name": "TOTAL_COLLECTED_TOT#T",
						"type": "float",
						"precision": 15
					},
					{
						"name": "TOTAL_COLLECTED_TOT$A",
						"type": "float",
						"precision": 15
					},
					{
						"name": "AS_OF",
						"type": "date"
					}
				],
				"typeProperties": {
					"schema": "DW",
					"table": "PF_CORP_FEES_DETAIL_INCR"
				}
			},
			"dependsOn": []
		},
		{
			"name": "[concat(parameters('factoryName'), '/SNK_SYN_PF_EFT_ALLOC_AF')]",
			"type": "Microsoft.DataFactory/factories/datasets",
			"apiVersion": "2018-06-01",
			"properties": {
				"linkedServiceName": {
					"referenceName": "AzureSynapseAnalytics1",
					"type": "LinkedServiceReference"
				},
				"annotations": [],
				"type": "AzureSqlDWTable",
				"schema": [
					{
						"name": "CLUB_NUMBER_AND_NAME",
						"type": "varchar"
					},
					{
						"name": "GROSS_INVOICES_ACH#T",
						"type": "float",
						"precision": 15
					},
					{
						"name": "GROSS_INVOICES_ACH$A",
						"type": "float",
						"precision": 15
					},
					{
						"name": "GROSS_INVOICES_CCD#T",
						"type": "float",
						"precision": 15
					},
					{
						"name": "GROSS_INVOICES_CCD$A",
						"type": "float",
						"precision": 15
					},
					{
						"name": "GROSS_INVOICES_STM#T",
						"type": "float",
						"precision": 15
					},
					{
						"name": "GROSS_INVOICES_STM$A",
						"type": "float",
						"precision": 15
					},
					{
						"name": "GROSS_INVOICES_AMZ#T",
						"type": "float",
						"precision": 15
					},
					{
						"name": "GROSS_INVOICES_AMZ$A",
						"type": "float",
						"precision": 15
					},
					{
						"name": "GROSS_INVOICES_APL#T",
						"type": "float",
						"precision": 15
					},
					{
						"name": "GROSS_INVOICES_APL$A",
						"type": "float",
						"precision": 15
					},
					{
						"name": "GROSS_INVOICES_DGP#T",
						"type": "float",
						"precision": 15
					},
					{
						"name": "GROSS_INVOICES_DGP$A",
						"type": "float",
						"precision": 15
					},
					{
						"name": "GROSS_INVOICES_PRB#T",
						"type": "float",
						"precision": 15
					},
					{
						"name": "GROSS_INVOICES_PRB$A",
						"type": "float",
						"precision": 15
					},
					{
						"name": "GROSS_INVOICES_TOT#T",
						"type": "float",
						"precision": 15
					},
					{
						"name": "GROSS_INVOICES_TOT$A",
						"type": "float",
						"precision": 15
					},
					{
						"name": "COLLECTD_ON_DRAFT_ACH#T",
						"type": "float",
						"precision": 15
					},
					{
						"name": "COLLECTD_ON_DRAFT_ACH$A",
						"type": "float",
						"precision": 15
					},
					{
						"name": "COLLECTD_ON_DRAFT_CCD#T",
						"type": "float",
						"precision": 15
					},
					{
						"name": "COLLECTD_ON_DRAFT_CCD$A",
						"type": "float",
						"precision": 15
					},
					{
						"name": "COLLECTD_ON_DRAFT_STM#T",
						"type": "float",
						"precision": 15
					},
					{
						"name": "COLLECTD_ON_DRAFT_STM$A",
						"type": "float",
						"precision": 15
					},
					{
						"name": "COLLECTD_ON_DRAFT_AMZ#T",
						"type": "float",
						"precision": 15
					},
					{
						"name": "COLLECTD_ON_DRAFT_AMZ$A",
						"type": "float",
						"precision": 15
					},
					{
						"name": "COLLECTD_ON_DRAFT_APL#T",
						"type": "float",
						"precision": 15
					},
					{
						"name": "COLLECTD_ON_DRAFT_APL$A",
						"type": "float",
						"precision": 15
					},
					{
						"name": "COLLECTD_ON_DRAFT_DGP#T",
						"type": "float",
						"precision": 15
					},
					{
						"name": "COLLECTD_ON_DRAFT_DGP$A",
						"type": "float",
						"precision": 15
					},
					{
						"name": "COLLECTD_ON_DRAFT_PRB#T",
						"type": "float",
						"precision": 15
					},
					{
						"name": "COLLECTD_ON_DRAFT_PRB$A",
						"type": "float",
						"precision": 15
					},
					{
						"name": "COLLECTD_ON_DRAFT_TOT#T",
						"type": "float",
						"precision": 15
					},
					{
						"name": "COLLECTD_ON_DRAFT_TOT$A",
						"type": "float",
						"precision": 15
					},
					{
						"name": "DELINQUENT_RECOVRY_ACH#T",
						"type": "float",
						"precision": 15
					},
					{
						"name": "DELINQUENT_RECOVRY_ACH$A",
						"type": "float",
						"precision": 15
					},
					{
						"name": "DELINQUENT_RECOVRY_CCD#T",
						"type": "float",
						"precision": 15
					},
					{
						"name": "DELINQUENT_RECOVRY_CCD$A",
						"type": "float",
						"precision": 15
					},
					{
						"name": "DELINQUENT_RECOVRY_STM#T",
						"type": "float",
						"precision": 15
					},
					{
						"name": "DELINQUENT_RECOVRY_STM$A",
						"type": "float",
						"precision": 15
					},
					{
						"name": "DELINQUENT_RECOVRY_AMZ#T",
						"type": "float",
						"precision": 15
					},
					{
						"name": "DELINQUENT_RECOVRY_AMZ$A",
						"type": "float",
						"precision": 15
					},
					{
						"name": "DELINQUENT_RECOVRY_APL#T",
						"type": "float",
						"precision": 15
					},
					{
						"name": "DELINQUENT_RECOVRY_APL$A",
						"type": "float",
						"precision": 15
					},
					{
						"name": "DELINQUENT_RECOVRY_DGP#T",
						"type": "float",
						"precision": 15
					},
					{
						"name": "DELINQUENT_RECOVRY_DGP$A",
						"type": "float",
						"precision": 15
					},
					{
						"name": "DELINQUENT_RECOVRY_PRB#T",
						"type": "float",
						"precision": 15
					},
					{
						"name": "DELINQUENT_RECOVRY_PRB$A",
						"type": "float",
						"precision": 15
					},
					{
						"name": "DELINQUENT_RECOVRY_TOT#T",
						"type": "float",
						"precision": 15
					},
					{
						"name": "DELINQUENT_RECO_CLUBACCT_TOT$A",
						"type": "float",
						"precision": 15
					},
					{
						"name": "DELINQUENT_RECOVRY_TOT$A",
						"type": "float",
						"precision": 15
					},
					{
						"name": "COLLECTED_PRIOR_TO_DRAFT_ACH#T",
						"type": "float",
						"precision": 15
					},
					{
						"name": "COLLECTED_PRIOR_TO_DRAFT_ACH$A",
						"type": "float",
						"precision": 15
					},
					{
						"name": "COLLECTED_PRIOR_TO_DRAFT_CCD#T",
						"type": "float",
						"precision": 15
					},
					{
						"name": "COLLECTED_PRIOR_TO_DRAFT_CCD$A",
						"type": "float",
						"precision": 15
					},
					{
						"name": "COLLECTED_PRIOR_TO_DRAFT_STM#T",
						"type": "float",
						"precision": 15
					},
					{
						"name": "COLLECTED_PRIOR_TO_DRAFT_STM$A",
						"type": "float",
						"precision": 15
					},
					{
						"name": "COLLECTED_PRIOR_TO_DRAFT_AMZ#T",
						"type": "float",
						"precision": 15
					},
					{
						"name": "COLLECTED_PRIOR_TO_DRAFT_AMZ$A",
						"type": "float",
						"precision": 15
					},
					{
						"name": "COLLECTED_PRIOR_TO_DRAFT_APL#T",
						"type": "float",
						"precision": 15
					},
					{
						"name": "COLLECTED_PRIOR_TO_DRAFT_APL$A",
						"type": "float",
						"precision": 15
					},
					{
						"name": "COLLECTED_PRIOR_TO_DRAFT_DGP#T",
						"type": "float",
						"precision": 15
					},
					{
						"name": "COLLECTED_PRIOR_TO_DRAFT_DGP$A",
						"type": "float",
						"precision": 15
					},
					{
						"name": "COLLECTED_PRIOR_TO_DRAFT_PRB#T",
						"type": "float",
						"precision": 15
					},
					{
						"name": "COLLECTED_PRIOR_TO_DRAFT_PRB$A",
						"type": "float",
						"precision": 15
					},
					{
						"name": "COLLECTED_PRIOR_TO_DRAFT_TOT#T",
						"type": "float",
						"precision": 15
					},
					{
						"name": "COLLECTED_PRIOR_TO_DRAFT_TOT$A",
						"type": "float",
						"precision": 15
					},
					{
						"name": "PRIOR_PERIOD_REVERSALS_ACH#T",
						"type": "float",
						"precision": 15
					},
					{
						"name": "PRIOR_PERIOD_REVERSALS_ACH$A",
						"type": "float",
						"precision": 15
					},
					{
						"name": "PRIOR_PERIOD_REVERSALS_CCD#T",
						"type": "float",
						"precision": 15
					},
					{
						"name": "PRIOR_PERIOD_REVERSALS_CCD$A",
						"type": "float",
						"precision": 15
					},
					{
						"name": "PRIOR_PERIOD_REVERSALS_STM#T",
						"type": "float",
						"precision": 15
					},
					{
						"name": "PRIOR_PERIOD_REVERSALS_STM$A",
						"type": "float",
						"precision": 15
					},
					{
						"name": "PRIOR_PERIOD_REVERSALS_AMZ#T",
						"type": "float",
						"precision": 15
					},
					{
						"name": "PRIOR_PERIOD_REVERSALS_AMZ$A",
						"type": "float",
						"precision": 15
					},
					{
						"name": "PRIOR_PERIOD_REVERSALS_APL#T",
						"type": "float",
						"precision": 15
					},
					{
						"name": "PRIOR_PERIOD_REVERSALS_APL$A",
						"type": "float",
						"precision": 15
					},
					{
						"name": "PRIOR_PERIOD_REVERSALS_DGP#T",
						"type": "float",
						"precision": 15
					},
					{
						"name": "PRIOR_PERIOD_REVERSALS_DGP$A",
						"type": "float",
						"precision": 15
					},
					{
						"name": "PRIOR_PERIOD_REVERSALS_PRB#T",
						"type": "float",
						"precision": 15
					},
					{
						"name": "PRIOR_PERIOD_REVERSALS_PRB$A",
						"type": "float",
						"precision": 15
					},
					{
						"name": "PRIOR_PERIOD_REVERSALS_TOT#T",
						"type": "float",
						"precision": 15
					},
					{
						"name": "PRIOR_PERIOD_REVERSALS_TOT$A",
						"type": "float",
						"precision": 15
					},
					{
						"name": "TOTAL_COLLECTED_ACH#T",
						"type": "float",
						"precision": 15
					},
					{
						"name": "TOTAL_COLLECTED_ACH$A",
						"type": "float",
						"precision": 15
					},
					{
						"name": "TOTAL_COLLECTED_CCD#T",
						"type": "float",
						"precision": 15
					},
					{
						"name": "TOTAL_COLLECTED_CCD$A",
						"type": "float",
						"precision": 15
					},
					{
						"name": "TOTAL_COLLECTED_STM#T",
						"type": "float",
						"precision": 15
					},
					{
						"name": "TOTAL_COLLECTED_STM$A",
						"type": "float",
						"precision": 15
					},
					{
						"name": "TOTAL_COLLECTED_AMZ#T",
						"type": "float",
						"precision": 15
					},
					{
						"name": "TOTAL_COLLECTED_AMZ$A",
						"type": "float",
						"precision": 15
					},
					{
						"name": "TOTAL_COLLECTED_APL#T",
						"type": "float",
						"precision": 15
					},
					{
						"name": "TOTAL_COLLECTED_APL$A",
						"type": "float",
						"precision": 15
					},
					{
						"name": "TOTAL_COLLECTED_DGP#T",
						"type": "float",
						"precision": 15
					},
					{
						"name": "TOTAL_COLLECTED_DGP$A",
						"type": "float",
						"precision": 15
					},
					{
						"name": "TOTAL_COLLECTED_PRB#T",
						"type": "float",
						"precision": 15
					},
					{
						"name": "TOTAL_COLLECTED_PRB$A",
						"type": "float",
						"precision": 15
					},
					{
						"name": "TOTAL_COLLECTED_TOT#T",
						"type": "float",
						"precision": 15
					},
					{
						"name": "TOTAL_COLLECTED_TOT$A",
						"type": "float",
						"precision": 15
					},
					{
						"name": "AS_OF",
						"type": "date"
					}
				],
				"typeProperties": {
					"schema": "PF",
					"table": "EFT_ALLOC_AF"
				}
			},
			"dependsOn": []
		},
		{
			"name": "[concat(parameters('factoryName'), '/SNK_SYN_PF_EFT_ALLOC_DS')]",
			"type": "Microsoft.DataFactory/factories/datasets",
			"apiVersion": "2018-06-01",
			"properties": {
				"linkedServiceName": {
					"referenceName": "AzureSynapseAnalytics1",
					"type": "LinkedServiceReference"
				},
				"annotations": [],
				"type": "AzureSqlDWTable",
				"schema": [
					{
						"name": "CLUB_NUMBER_AND_NAME",
						"type": "varchar"
					},
					{
						"name": "GROSS_INVOICES_ACH#T",
						"type": "float",
						"precision": 15
					},
					{
						"name": "GROSS_INVOICES_ACH$A",
						"type": "float",
						"precision": 15
					},
					{
						"name": "GROSS_INVOICES_CCD#T",
						"type": "float",
						"precision": 15
					},
					{
						"name": "GROSS_INVOICES_CCD$A",
						"type": "float",
						"precision": 15
					},
					{
						"name": "GROSS_INVOICES_STM#T",
						"type": "float",
						"precision": 15
					},
					{
						"name": "GROSS_INVOICES_STM$A",
						"type": "float",
						"precision": 15
					},
					{
						"name": "GROSS_INVOICES_AMZ#T",
						"type": "float",
						"precision": 15
					},
					{
						"name": "GROSS_INVOICES_AMZ$A",
						"type": "float",
						"precision": 15
					},
					{
						"name": "GROSS_INVOICES_APL#T",
						"type": "float",
						"precision": 15
					},
					{
						"name": "GROSS_INVOICES_APL$A",
						"type": "float",
						"precision": 15
					},
					{
						"name": "GROSS_INVOICES_DGP#T",
						"type": "float",
						"precision": 15
					},
					{
						"name": "GROSS_INVOICES_DGP$A",
						"type": "float",
						"precision": 15
					},
					{
						"name": "GROSS_INVOICES_PRB#T",
						"type": "float",
						"precision": 15
					},
					{
						"name": "GROSS_INVOICES_PRB$A",
						"type": "float",
						"precision": 15
					},
					{
						"name": "GROSS_INVOICES_TOT#T",
						"type": "float",
						"precision": 15
					},
					{
						"name": "GROSS_INVOICES_TOT$A",
						"type": "float",
						"precision": 15
					},
					{
						"name": "COLLECTD_ON_DRAFT_ACH#T",
						"type": "float",
						"precision": 15
					},
					{
						"name": "COLLECTD_ON_DRAFT_ACH$A",
						"type": "float",
						"precision": 15
					},
					{
						"name": "COLLECTD_ON_DRAFT_CCD#T",
						"type": "float",
						"precision": 15
					},
					{
						"name": "COLLECTD_ON_DRAFT_CCD$A",
						"type": "float",
						"precision": 15
					},
					{
						"name": "COLLECTD_ON_DRAFT_STM#T",
						"type": "float",
						"precision": 15
					},
					{
						"name": "COLLECTD_ON_DRAFT_STM$A",
						"type": "float",
						"precision": 15
					},
					{
						"name": "COLLECTD_ON_DRAFT_AMZ#T",
						"type": "float",
						"precision": 15
					},
					{
						"name": "COLLECTD_ON_DRAFT_AMZ$A",
						"type": "float",
						"precision": 15
					},
					{
						"name": "COLLECTD_ON_DRAFT_APL#T",
						"type": "float",
						"precision": 15
					},
					{
						"name": "COLLECTD_ON_DRAFT_APL$A",
						"type": "float",
						"precision": 15
					},
					{
						"name": "COLLECTD_ON_DRAFT_DGP#T",
						"type": "float",
						"precision": 15
					},
					{
						"name": "COLLECTD_ON_DRAFT_DGP$A",
						"type": "float",
						"precision": 15
					},
					{
						"name": "COLLECTD_ON_DRAFT_PRB#T",
						"type": "float",
						"precision": 15
					},
					{
						"name": "COLLECTD_ON_DRAFT_PRB$A",
						"type": "float",
						"precision": 15
					},
					{
						"name": "COLLECTD_ON_DRAFT_TOT#T",
						"type": "float",
						"precision": 15
					},
					{
						"name": "COLLECTD_ON_DRAFT_TOT$A",
						"type": "float",
						"precision": 15
					},
					{
						"name": "DELINQUENT_RECOVRY_ACH#T",
						"type": "float",
						"precision": 15
					},
					{
						"name": "DELINQUENT_RECOVRY_ACH$A",
						"type": "float",
						"precision": 15
					},
					{
						"name": "DELINQUENT_RECOVRY_CCD#T",
						"type": "float",
						"precision": 15
					},
					{
						"name": "DELINQUENT_RECOVRY_CCD$A",
						"type": "float",
						"precision": 15
					},
					{
						"name": "DELINQUENT_RECOVRY_STM#T",
						"type": "float",
						"precision": 15
					},
					{
						"name": "DELINQUENT_RECOVRY_STM$A",
						"type": "float",
						"precision": 15
					},
					{
						"name": "DELINQUENT_RECOVRY_AMZ#T",
						"type": "float",
						"precision": 15
					},
					{
						"name": "DELINQUENT_RECOVRY_AMZ$A",
						"type": "float",
						"precision": 15
					},
					{
						"name": "DELINQUENT_RECOVRY_APL#T",
						"type": "float",
						"precision": 15
					},
					{
						"name": "DELINQUENT_RECOVRY_APL$A",
						"type": "float",
						"precision": 15
					},
					{
						"name": "DELINQUENT_RECOVRY_DGP#T",
						"type": "float",
						"precision": 15
					},
					{
						"name": "DELINQUENT_RECOVRY_DGP$A",
						"type": "float",
						"precision": 15
					},
					{
						"name": "DELINQUENT_RECOVRY_PRB#T",
						"type": "float",
						"precision": 15
					},
					{
						"name": "DELINQUENT_RECOVRY_PRB$A",
						"type": "float",
						"precision": 15
					},
					{
						"name": "DELINQUENT_RECOVRY_TOT#T",
						"type": "float",
						"precision": 15
					},
					{
						"name": "DELINQUENT_RECO_CLUBACCT_TOT$A",
						"type": "float",
						"precision": 15
					},
					{
						"name": "DELINQUENT_RECOVRY_TOT$A",
						"type": "float",
						"precision": 15
					},
					{
						"name": "COLLECTED_PRIOR_TO_DRAFT_ACH#T",
						"type": "float",
						"precision": 15
					},
					{
						"name": "COLLECTED_PRIOR_TO_DRAFT_ACH$A",
						"type": "float",
						"precision": 15
					},
					{
						"name": "COLLECTED_PRIOR_TO_DRAFT_CCD#T",
						"type": "float",
						"precision": 15
					},
					{
						"name": "COLLECTED_PRIOR_TO_DRAFT_CCD$A",
						"type": "float",
						"precision": 15
					},
					{
						"name": "COLLECTED_PRIOR_TO_DRAFT_STM#T",
						"type": "float",
						"precision": 15
					},
					{
						"name": "COLLECTED_PRIOR_TO_DRAFT_STM$A",
						"type": "float",
						"precision": 15
					},
					{
						"name": "COLLECTED_PRIOR_TO_DRAFT_AMZ#T",
						"type": "float",
						"precision": 15
					},
					{
						"name": "COLLECTED_PRIOR_TO_DRAFT_AMZ$A",
						"type": "float",
						"precision": 15
					},
					{
						"name": "COLLECTED_PRIOR_TO_DRAFT_APL#T",
						"type": "float",
						"precision": 15
					},
					{
						"name": "COLLECTED_PRIOR_TO_DRAFT_APL$A",
						"type": "float",
						"precision": 15
					},
					{
						"name": "COLLECTED_PRIOR_TO_DRAFT_DGP#T",
						"type": "float",
						"precision": 15
					},
					{
						"name": "COLLECTED_PRIOR_TO_DRAFT_DGP$A",
						"type": "float",
						"precision": 15
					},
					{
						"name": "COLLECTED_PRIOR_TO_DRAFT_PRB#T",
						"type": "float",
						"precision": 15
					},
					{
						"name": "COLLECTED_PRIOR_TO_DRAFT_PRB$A",
						"type": "float",
						"precision": 15
					},
					{
						"name": "COLLECTED_PRIOR_TO_DRAFT_TOT#T",
						"type": "float",
						"precision": 15
					},
					{
						"name": "COLLECTED_PRIOR_TO_DRAFT_TOT$A",
						"type": "float",
						"precision": 15
					},
					{
						"name": "PRIOR_PERIOD_REVERSALS_ACH#T",
						"type": "float",
						"precision": 15
					},
					{
						"name": "PRIOR_PERIOD_REVERSALS_ACH$A",
						"type": "float",
						"precision": 15
					},
					{
						"name": "PRIOR_PERIOD_REVERSALS_CCD#T",
						"type": "float",
						"precision": 15
					},
					{
						"name": "PRIOR_PERIOD_REVERSALS_CCD$A",
						"type": "float",
						"precision": 15
					},
					{
						"name": "PRIOR_PERIOD_REVERSALS_STM#T",
						"type": "float",
						"precision": 15
					},
					{
						"name": "PRIOR_PERIOD_REVERSALS_STM$A",
						"type": "float",
						"precision": 15
					},
					{
						"name": "PRIOR_PERIOD_REVERSALS_AMZ#T",
						"type": "float",
						"precision": 15
					},
					{
						"name": "PRIOR_PERIOD_REVERSALS_AMZ$A",
						"type": "float",
						"precision": 15
					},
					{
						"name": "PRIOR_PERIOD_REVERSALS_APL#T",
						"type": "float",
						"precision": 15
					},
					{
						"name": "PRIOR_PERIOD_REVERSALS_APL$A",
						"type": "float",
						"precision": 15
					},
					{
						"name": "PRIOR_PERIOD_REVERSALS_DGP#T",
						"type": "float",
						"precision": 15
					},
					{
						"name": "PRIOR_PERIOD_REVERSALS_DGP$A",
						"type": "float",
						"precision": 15
					},
					{
						"name": "PRIOR_PERIOD_REVERSALS_PRB#T",
						"type": "float",
						"precision": 15
					},
					{
						"name": "PRIOR_PERIOD_REVERSALS_PRB$A",
						"type": "float",
						"precision": 15
					},
					{
						"name": "PRIOR_PERIOD_REVERSALS_TOT#T",
						"type": "float",
						"precision": 15
					},
					{
						"name": "PRIOR_PERIOD_REVERSALS_TOT$A",
						"type": "float",
						"precision": 15
					},
					{
						"name": "TOTAL_COLLECTED_ACH#T",
						"type": "float",
						"precision": 15
					},
					{
						"name": "TOTAL_COLLECTED_ACH$A",
						"type": "float",
						"precision": 15
					},
					{
						"name": "TOTAL_COLLECTED_CCD#T",
						"type": "float",
						"precision": 15
					},
					{
						"name": "TOTAL_COLLECTED_CCD$A",
						"type": "float",
						"precision": 15
					},
					{
						"name": "TOTAL_COLLECTED_STM#T",
						"type": "float",
						"precision": 15
					},
					{
						"name": "TOTAL_COLLECTED_STM$A",
						"type": "float",
						"precision": 15
					},
					{
						"name": "TOTAL_COLLECTED_AMZ#T",
						"type": "float",
						"precision": 15
					},
					{
						"name": "TOTAL_COLLECTED_AMZ$A",
						"type": "float",
						"precision": 15
					},
					{
						"name": "TOTAL_COLLECTED_APL#T",
						"type": "float",
						"precision": 15
					},
					{
						"name": "TOTAL_COLLECTED_APL$A",
						"type": "float",
						"precision": 15
					},
					{
						"name": "TOTAL_COLLECTED_DGP#T",
						"type": "float",
						"precision": 15
					},
					{
						"name": "TOTAL_COLLECTED_DGP$A",
						"type": "float",
						"precision": 15
					},
					{
						"name": "TOTAL_COLLECTED_PRB#T",
						"type": "float",
						"precision": 15
					},
					{
						"name": "TOTAL_COLLECTED_PRB$A",
						"type": "float",
						"precision": 15
					},
					{
						"name": "TOTAL_COLLECTED_TOT#T",
						"type": "float",
						"precision": 15
					},
					{
						"name": "TOTAL_COLLECTED_TOT$A",
						"type": "float",
						"precision": 15
					},
					{
						"name": "AS_OF",
						"type": "datetime",
						"precision": 23,
						"scale": 3
					}
				],
				"typeProperties": {
					"schema": "PF",
					"table": "EFT_ALLOC_DS"
				}
			},
			"dependsOn": []
		},
		{
			"name": "[concat(parameters('factoryName'), '/SNK_SYN_PF_EFT_ALLOC_TAX_AF')]",
			"type": "Microsoft.DataFactory/factories/datasets",
			"apiVersion": "2018-06-01",
			"properties": {
				"linkedServiceName": {
					"referenceName": "AzureSynapseAnalytics1",
					"type": "LinkedServiceReference"
				},
				"annotations": [],
				"type": "AzureSqlDWTable",
				"schema": [
					{
						"name": "CLUB_NUMBER_AND_NAME",
						"type": "varchar"
					},
					{
						"name": "IT_GROSS_INVOICES_ACH#T",
						"type": "float",
						"precision": 15
					},
					{
						"name": "IT_GROSS_INVOICES_ACH$A",
						"type": "float",
						"precision": 15
					},
					{
						"name": "IT_GROSS_INVOICES_CCD#T",
						"type": "float",
						"precision": 15
					},
					{
						"name": "IT_GROSS_INVOICES_CCD$A",
						"type": "float",
						"precision": 15
					},
					{
						"name": "IT_GROSS_INVOICES_STM#T",
						"type": "float",
						"precision": 15
					},
					{
						"name": "IT_GROSS_INVOICES_STM$A",
						"type": "float",
						"precision": 15
					},
					{
						"name": "IT_GROSS_INVOICES_AMZ#T",
						"type": "float",
						"precision": 15
					},
					{
						"name": "IT_GROSS_INVOICES_AMZ$A",
						"type": "float",
						"precision": 15
					},
					{
						"name": "IT_GROSS_INVOICES_APL#T",
						"type": "float",
						"precision": 15
					},
					{
						"name": "IT_GROSS_INVOICES_APL$A",
						"type": "float",
						"precision": 15
					},
					{
						"name": "IT_GROSS_INVOICES_DGP#T",
						"type": "float",
						"precision": 15
					},
					{
						"name": "IT_GROSS_INVOICES_DGP$A",
						"type": "float",
						"precision": 15
					},
					{
						"name": "IT_GROSS_INVOICES_PRB#T",
						"type": "float",
						"precision": 15
					},
					{
						"name": "IT_GROSS_INVOICES_PRB$A",
						"type": "float",
						"precision": 15
					},
					{
						"name": "IT_GROSS_INVOICES_TOT#T",
						"type": "float",
						"precision": 15
					},
					{
						"name": "IT_GROSS_INVOICES_TOT$A",
						"type": "float",
						"precision": 15
					},
					{
						"name": "IT_TOTAL_COLLECTED_ACH#T",
						"type": "float",
						"precision": 15
					},
					{
						"name": "IT_TOTAL_COLLECTED_ACH$A",
						"type": "float",
						"precision": 15
					},
					{
						"name": "IT_TOTAL_COLLECTED_CCD#T",
						"type": "float",
						"precision": 15
					},
					{
						"name": "IT_TOTAL_COLLECTED_CCD$A",
						"type": "float",
						"precision": 15
					},
					{
						"name": "IT_TOTAL_COLLECTED_STM#T",
						"type": "float",
						"precision": 15
					},
					{
						"name": "IT_TOTAL_COLLECTED_STM$A",
						"type": "float",
						"precision": 15
					},
					{
						"name": "IT_TOTAL_COLLECTED_AMZ#T",
						"type": "float",
						"precision": 15
					},
					{
						"name": "IT_TOTAL_COLLECTED_AMZ$A",
						"type": "float",
						"precision": 15
					},
					{
						"name": "IT_TOTAL_COLLECTED_APL#T",
						"type": "float",
						"precision": 15
					},
					{
						"name": "IT_TOTAL_COLLECTED_APL$A",
						"type": "float",
						"precision": 15
					},
					{
						"name": "IT_TOTAL_COLLECTED_DGP#T",
						"type": "float",
						"precision": 15
					},
					{
						"name": "IT_TOTAL_COLLECTED_DGP$A",
						"type": "float",
						"precision": 15
					},
					{
						"name": "IT_TOTAL_COLLECTED_PRB#T",
						"type": "float",
						"precision": 15
					},
					{
						"name": "IT_TOTAL_COLLECTED_PRB$A",
						"type": "float",
						"precision": 15
					},
					{
						"name": "IT_TOTAL_COLLECTED_TOT#T",
						"type": "float",
						"precision": 15
					},
					{
						"name": "IT_TOTAL_COLLECTED_TOT$A",
						"type": "float",
						"precision": 15
					},
					{
						"name": "PT_GROSS_INVOICES_ACH$T",
						"type": "float",
						"precision": 15
					},
					{
						"name": "PT_GROSS_INVOICES_ACH$A",
						"type": "float",
						"precision": 15
					},
					{
						"name": "PT_GROSS_INVOICES_CCD$T",
						"type": "float",
						"precision": 15
					},
					{
						"name": "PT_GROSS_INVOICES_CCD$A",
						"type": "float",
						"precision": 15
					},
					{
						"name": "PT_GROSS_INVOICES_STM$T",
						"type": "float",
						"precision": 15
					},
					{
						"name": "PT_GROSS_INVOICES_STM$A",
						"type": "float",
						"precision": 15
					},
					{
						"name": "PT_GROSS_INVOICES_AMZ$T",
						"type": "float",
						"precision": 15
					},
					{
						"name": "PT_GROSS_INVOICES_AMZ$A",
						"type": "float",
						"precision": 15
					},
					{
						"name": "PT_GROSS_INVOICES_APL$T",
						"type": "float",
						"precision": 15
					},
					{
						"name": "PT_GROSS_INVOICES_APL$A",
						"type": "float",
						"precision": 15
					},
					{
						"name": "PT_GROSS_INVOICES_DGP$T",
						"type": "float",
						"precision": 15
					},
					{
						"name": "PT_GROSS_INVOICES_DGP$A",
						"type": "float",
						"precision": 15
					},
					{
						"name": "PT_GROSS_INVOICES_PRB$T",
						"type": "float",
						"precision": 15
					},
					{
						"name": "PT_GROSS_INVOICES_PRB$A",
						"type": "float",
						"precision": 15
					},
					{
						"name": "PT_GROSS_INVOICES_TOT$T",
						"type": "float",
						"precision": 15
					},
					{
						"name": "PT_GROSS_INVOICES_TOT$A",
						"type": "float",
						"precision": 15
					},
					{
						"name": "PT_TAX_ACH$T",
						"type": "float",
						"precision": 15
					},
					{
						"name": "PT_TOTAL_COLLECTED_ACH$A",
						"type": "float",
						"precision": 15
					},
					{
						"name": "PT_TAX_CCD$T",
						"type": "float",
						"precision": 15
					},
					{
						"name": "PT_TOTAL_COLLECTED_CCD$A",
						"type": "float",
						"precision": 15
					},
					{
						"name": "PT_TAX_STM$T",
						"type": "float",
						"precision": 15
					},
					{
						"name": "PT_TOTAL_COLLECTED_STM$A",
						"type": "float",
						"precision": 15
					},
					{
						"name": "PT_TAX_AMZ$T",
						"type": "float",
						"precision": 15
					},
					{
						"name": "PT_TOTAL_COLLECTED_AMZ$A",
						"type": "float",
						"precision": 15
					},
					{
						"name": "PT_TAX_APL$T",
						"type": "float",
						"precision": 15
					},
					{
						"name": "PT_TOTAL_COLLECTED_APL$A",
						"type": "float",
						"precision": 15
					},
					{
						"name": "PT_TAX_DGP$T",
						"type": "float",
						"precision": 15
					},
					{
						"name": "PT_TOTAL_COLLECTED_DGP$A",
						"type": "float",
						"precision": 15
					},
					{
						"name": "PT_TAX_PRB$T",
						"type": "float",
						"precision": 15
					},
					{
						"name": "PT_TOTAL_COLLECTED_PRB$A",
						"type": "float",
						"precision": 15
					},
					{
						"name": "PT_TAX_TOT$T",
						"type": "float",
						"precision": 15
					},
					{
						"name": "PT_TOTAL_COLLECTED_TOT$A",
						"type": "float",
						"precision": 15
					},
					{
						"name": "AS_OF",
						"type": "date"
					}
				],
				"typeProperties": {
					"schema": "PF",
					"table": "EFT_ALLOC_TAX_AF"
				}
			},
			"dependsOn": []
		},
		{
			"name": "[concat(parameters('factoryName'), '/SNK_SYN_PF_EFT_ALLOC_TAX_DS')]",
			"type": "Microsoft.DataFactory/factories/datasets",
			"apiVersion": "2018-06-01",
			"properties": {
				"linkedServiceName": {
					"referenceName": "AzureSynapseAnalytics1",
					"type": "LinkedServiceReference"
				},
				"annotations": [],
				"type": "AzureSqlDWTable",
				"schema": [
					{
						"name": "CLUB_NUMBER_AND_NAME",
						"type": "varchar"
					},
					{
						"name": "IT_GROSS_INVOICES_ACH#T",
						"type": "float",
						"precision": 15
					},
					{
						"name": "IT_GROSS_INVOICES_ACH$A",
						"type": "float",
						"precision": 15
					},
					{
						"name": "IT_GROSS_INVOICES_CCD#T",
						"type": "float",
						"precision": 15
					},
					{
						"name": "IT_GROSS_INVOICES_CCD$A",
						"type": "float",
						"precision": 15
					},
					{
						"name": "IT_GROSS_INVOICES_STM#T",
						"type": "float",
						"precision": 15
					},
					{
						"name": "IT_GROSS_INVOICES_STM$A",
						"type": "float",
						"precision": 15
					},
					{
						"name": "IT_GROSS_INVOICES_AMZ#T",
						"type": "float",
						"precision": 15
					},
					{
						"name": "IT_GROSS_INVOICES_AMZ$A",
						"type": "float",
						"precision": 15
					},
					{
						"name": "IT_GROSS_INVOICES_APL#T",
						"type": "float",
						"precision": 15
					},
					{
						"name": "IT_GROSS_INVOICES_APL$A",
						"type": "float",
						"precision": 15
					},
					{
						"name": "IT_GROSS_INVOICES_DGP#T",
						"type": "float",
						"precision": 15
					},
					{
						"name": "IT_GROSS_INVOICES_DGP$A",
						"type": "float",
						"precision": 15
					},
					{
						"name": "IT_GROSS_INVOICES_PRB#T",
						"type": "float",
						"precision": 15
					},
					{
						"name": "IT_GROSS_INVOICES_PRB$A",
						"type": "float",
						"precision": 15
					},
					{
						"name": "IT_GROSS_INVOICES_TOT#T",
						"type": "float",
						"precision": 15
					},
					{
						"name": "IT_GROSS_INVOICES_TOT$A",
						"type": "float",
						"precision": 15
					},
					{
						"name": "IT_TOTAL_COLLECTED_ACH#T",
						"type": "float",
						"precision": 15
					},
					{
						"name": "IT_TOTAL_COLLECTED_ACH$A",
						"type": "float",
						"precision": 15
					},
					{
						"name": "IT_TOTAL_COLLECTED_CCD#T",
						"type": "float",
						"precision": 15
					},
					{
						"name": "IT_TOTAL_COLLECTED_CCD$A",
						"type": "float",
						"precision": 15
					},
					{
						"name": "IT_TOTAL_COLLECTED_STM#T",
						"type": "float",
						"precision": 15
					},
					{
						"name": "IT_TOTAL_COLLECTED_STM$A",
						"type": "float",
						"precision": 15
					},
					{
						"name": "IT_TOTAL_COLLECTED_AMZ#T",
						"type": "float",
						"precision": 15
					},
					{
						"name": "IT_TOTAL_COLLECTED_AMZ$A",
						"type": "float",
						"precision": 15
					},
					{
						"name": "IT_TOTAL_COLLECTED_APL#T",
						"type": "float",
						"precision": 15
					},
					{
						"name": "IT_TOTAL_COLLECTED_APL$A",
						"type": "float",
						"precision": 15
					},
					{
						"name": "IT_TOTAL_COLLECTED_DGP#T",
						"type": "float",
						"precision": 15
					},
					{
						"name": "IT_TOTAL_COLLECTED_DGP$A",
						"type": "float",
						"precision": 15
					},
					{
						"name": "IT_TOTAL_COLLECTED_PRB#T",
						"type": "float",
						"precision": 15
					},
					{
						"name": "IT_TOTAL_COLLECTED_PRB$A",
						"type": "float",
						"precision": 15
					},
					{
						"name": "IT_TOTAL_COLLECTED_TOT#T",
						"type": "float",
						"precision": 15
					},
					{
						"name": "IT_TOTAL_COLLECTED_TOT$A",
						"type": "float",
						"precision": 15
					},
					{
						"name": "PT_GROSS_INVOICES_ACH$T",
						"type": "float",
						"precision": 15
					},
					{
						"name": "PT_GROSS_INVOICES_ACH$A",
						"type": "float",
						"precision": 15
					},
					{
						"name": "PT_GROSS_INVOICES_CCD$T",
						"type": "float",
						"precision": 15
					},
					{
						"name": "PT_GROSS_INVOICES_CCD$A",
						"type": "float",
						"precision": 15
					},
					{
						"name": "PT_GROSS_INVOICES_STM$T",
						"type": "float",
						"precision": 15
					},
					{
						"name": "PT_GROSS_INVOICES_STM$A",
						"type": "float",
						"precision": 15
					},
					{
						"name": "PT_GROSS_INVOICES_AMZ$T",
						"type": "float",
						"precision": 15
					},
					{
						"name": "PT_GROSS_INVOICES_AMZ$A",
						"type": "float",
						"precision": 15
					},
					{
						"name": "PT_GROSS_INVOICES_APL$T",
						"type": "float",
						"precision": 15
					},
					{
						"name": "PT_GROSS_INVOICES_APL$A",
						"type": "float",
						"precision": 15
					},
					{
						"name": "PT_GROSS_INVOICES_DGP$T",
						"type": "float",
						"precision": 15
					},
					{
						"name": "PT_GROSS_INVOICES_DGP$A",
						"type": "float",
						"precision": 15
					},
					{
						"name": "PT_GROSS_INVOICES_PRB$T",
						"type": "float",
						"precision": 15
					},
					{
						"name": "PT_GROSS_INVOICES_PRB$A",
						"type": "float",
						"precision": 15
					},
					{
						"name": "PT_GROSS_INVOICES_TOT$T",
						"type": "float",
						"precision": 15
					},
					{
						"name": "PT_GROSS_INVOICES_TOT$A",
						"type": "float",
						"precision": 15
					},
					{
						"name": "PT_TAX_ACH$T",
						"type": "float",
						"precision": 15
					},
					{
						"name": "PT_TOTAL_COLLECTED_ACH$A",
						"type": "float",
						"precision": 15
					},
					{
						"name": "PT_TAX_CCD$T",
						"type": "float",
						"precision": 15
					},
					{
						"name": "PT_TOTAL_COLLECTED_CCD$A",
						"type": "float",
						"precision": 15
					},
					{
						"name": "PT_TAX_STM$T",
						"type": "float",
						"precision": 15
					},
					{
						"name": "PT_TOTAL_COLLECTED_STM$A",
						"type": "float",
						"precision": 15
					},
					{
						"name": "PT_TAX_AMZ$T",
						"type": "float",
						"precision": 15
					},
					{
						"name": "PT_TOTAL_COLLECTED_AMZ$A",
						"type": "float",
						"precision": 15
					},
					{
						"name": "PT_TAX_APL$T",
						"type": "float",
						"precision": 15
					},
					{
						"name": "PT_TOTAL_COLLECTED_APL$A",
						"type": "float",
						"precision": 15
					},
					{
						"name": "PT_TAX_DGP$T",
						"type": "float",
						"precision": 15
					},
					{
						"name": "PT_TOTAL_COLLECTED_DGP$A",
						"type": "float",
						"precision": 15
					},
					{
						"name": "PT_TAX_PRB$T",
						"type": "float",
						"precision": 15
					},
					{
						"name": "PT_TOTAL_COLLECTED_PRB$A",
						"type": "float",
						"precision": 15
					},
					{
						"name": "PT_TAX_TOT$T",
						"type": "float",
						"precision": 15
					},
					{
						"name": "PT_TOTAL_COLLECTED_TOT$A",
						"type": "float",
						"precision": 15
					},
					{
						"name": "AS_OF",
						"type": "date"
					}
				],
				"typeProperties": {
					"schema": "PF",
					"table": "EFT_ALLOC_TAX_DS"
				}
			},
			"dependsOn": []
		},
		{
			"name": "[concat(parameters('factoryName'), '/SNK_SYN_PF_HARD_DECLINES')]",
			"type": "Microsoft.DataFactory/factories/datasets",
			"apiVersion": "2018-06-01",
			"properties": {
				"linkedServiceName": {
					"referenceName": "AzureSynapseAnalytics1",
					"type": "LinkedServiceReference"
				},
				"annotations": [],
				"type": "AzureSqlDWTable",
				"schema": [
					{
						"name": "VPD_ID",
						"type": "float",
						"precision": 15
					},
					{
						"name": "CLUB_NUMBER_I",
						"type": "float",
						"precision": 15
					},
					{
						"name": "SPL_ABC_ID",
						"type": "varchar"
					},
					{
						"name": "A_AGREEMENT_NUMBER",
						"type": "varchar"
					},
					{
						"name": "APM_NAME",
						"type": "varchar"
					},
					{
						"name": "A_OLDEST_NEXT_DUE_DATE",
						"type": "datetime",
						"precision": 23,
						"scale": 3
					},
					{
						"name": "PAPMT_DATE_DUE",
						"type": "datetime",
						"precision": 23,
						"scale": 3
					},
					{
						"name": "REVERSAL_DATE",
						"type": "date"
					},
					{
						"name": "REVERSAL_REASON",
						"type": "varchar"
					},
					{
						"name": "AMOUNT",
						"type": "float",
						"precision": 15
					},
					{
						"name": "M_NAME_LAST",
						"type": "varchar"
					},
					{
						"name": "M_NAME_FIRST",
						"type": "varchar"
					},
					{
						"name": "M_PHONE_HOME",
						"type": "varchar"
					},
					{
						"name": "M_PHONE_CELL",
						"type": "varchar"
					},
					{
						"name": "M_EMAIL",
						"type": "varchar"
					},
					{
						"name": "A_DATE_JOINED",
						"type": "datetime",
						"precision": 23,
						"scale": 3
					},
					{
						"name": "A_EFFECTIVITY_DATE",
						"type": "datetime",
						"precision": 23,
						"scale": 3
					},
					{
						"name": "ATL_ABC_ID",
						"type": "varchar"
					},
					{
						"name": "PROFIT_CENTER",
						"type": "varchar"
					},
					{
						"name": "NEXT_DUE_DATE_INT",
						"type": "float",
						"precision": 15
					},
					{
						"name": "INSERT_TIMESTAMP",
						"type": "datetime",
						"precision": 23,
						"scale": 3
					},
					{
						"name": "AS_OF",
						"type": "date"
					}
				],
				"typeProperties": {
					"schema": "PF",
					"table": "HARD_DECLINES"
				}
			},
			"dependsOn": []
		},
		{
			"name": "[concat(parameters('factoryName'), '/SNK_SYN_PF_MEMBERSHIP_TYPE_SMRY_VW_INCR')]",
			"type": "Microsoft.DataFactory/factories/datasets",
			"apiVersion": "2018-06-01",
			"properties": {
				"linkedServiceName": {
					"referenceName": "AzureSynapseAnalytics1",
					"type": "LinkedServiceReference"
				},
				"annotations": [],
				"type": "AzureSqlDWTable",
				"schema": [
					{
						"name": "ETL_DATE_KEY",
						"type": "decimal",
						"precision": 8,
						"scale": 0
					},
					{
						"name": "CLUB_NUMBER_I",
						"type": "decimal",
						"precision": 5,
						"scale": 0
					},
					{
						"name": "MEMBERSHIP_TYPE",
						"type": "nvarchar"
					},
					{
						"name": "TOTAL_COUNT",
						"type": "decimal",
						"precision": 7,
						"scale": 0
					},
					{
						"name": "TOTAL_BILLING_COUNT",
						"type": "decimal",
						"precision": 7,
						"scale": 0
					},
					{
						"name": "ACTIONS_DATE_KEY",
						"type": "nvarchar"
					},
					{
						"name": "CLUB_JOINS_COUNT",
						"type": "decimal",
						"precision": 7,
						"scale": 0
					},
					{
						"name": "MOBILEINCLUB_COUNT",
						"type": "decimal",
						"precision": 7,
						"scale": 0
					},
					{
						"name": "MOBILEASSISTED_COUNT",
						"type": "decimal",
						"precision": 7,
						"scale": 0
					},
					{
						"name": "WEB_JOINS_COUNT",
						"type": "decimal",
						"precision": 7,
						"scale": 0
					},
					{
						"name": "MOBILE_JOINS_COUNT",
						"type": "decimal",
						"precision": 7,
						"scale": 0
					},
					{
						"name": "NEW_JOINS_COUNT",
						"type": "decimal",
						"precision": 7,
						"scale": 0
					},
					{
						"name": "CONVERT_TO_BILLING_COUNT",
						"type": "decimal",
						"precision": 7,
						"scale": 0
					},
					{
						"name": "TOTAL_NEW_BILLING_COUNT",
						"type": "decimal",
						"precision": 7,
						"scale": 0
					},
					{
						"name": "TOTAL_NEW_BILLING_AMOUNT",
						"type": "decimal",
						"precision": 15,
						"scale": 2
					},
					{
						"name": "UPGRADE_COUNT",
						"type": "decimal",
						"precision": 7,
						"scale": 0
					},
					{
						"name": "DOWNGRADE_COUNT",
						"type": "decimal",
						"precision": 7,
						"scale": 0
					},
					{
						"name": "NO_IMPACT_COUNT",
						"type": "decimal",
						"precision": 7,
						"scale": 0
					},
					{
						"name": "NET_IMPACT_AMOUNT",
						"type": "decimal",
						"precision": 15,
						"scale": 2
					},
					{
						"name": "ACH_COUNT",
						"type": "decimal",
						"precision": 7,
						"scale": 0
					},
					{
						"name": "CC_COUNT",
						"type": "decimal",
						"precision": 7,
						"scale": 0
					},
					{
						"name": "CANCEL_COUNT",
						"type": "decimal",
						"precision": 7,
						"scale": 0
					},
					{
						"name": "CANCEL_AMOUNT",
						"type": "decimal",
						"precision": 15,
						"scale": 2
					},
					{
						"name": "RFC_COUNT",
						"type": "decimal",
						"precision": 7,
						"scale": 0
					},
					{
						"name": "RFC_AMOUNT",
						"type": "decimal",
						"precision": 15,
						"scale": 2
					},
					{
						"name": "EXPIRE_COUNT",
						"type": "decimal",
						"precision": 7,
						"scale": 0
					},
					{
						"name": "EXPIRE_AMOUNT",
						"type": "decimal",
						"precision": 15,
						"scale": 2
					},
					{
						"name": "TRANSFER_IN_COUNT",
						"type": "decimal",
						"precision": 7,
						"scale": 0
					},
					{
						"name": "TRANSFER_IN_AMOUNT",
						"type": "decimal",
						"precision": 15,
						"scale": 2
					},
					{
						"name": "TRANSFER_OUT_COUNT",
						"type": "decimal",
						"precision": 7,
						"scale": 0
					},
					{
						"name": "TRANSFER_OUT_AMOUNT",
						"type": "decimal",
						"precision": 15,
						"scale": 2
					},
					{
						"name": "VOLUNTARY_CANCEL_COUNT",
						"type": "decimal",
						"precision": 7,
						"scale": 0
					},
					{
						"name": "VOLUNTARY_CANCEL_AMOUNT",
						"type": "decimal",
						"precision": 15,
						"scale": 2
					},
					{
						"name": "INVOLUNTARY_CANCEL_COUNT",
						"type": "decimal",
						"precision": 7,
						"scale": 0
					},
					{
						"name": "INVOLUNTARY_CANCEL_AMOUNT",
						"type": "decimal",
						"precision": 15,
						"scale": 2
					},
					{
						"name": "HASHKEY",
						"type": "varbinary"
					}
				],
				"typeProperties": {
					"schema": "DW",
					"table": "PF_MEMBERSHIP_TYPE_SMRY_INCR"
				}
			},
			"dependsOn": []
		},
		{
			"name": "[concat(parameters('factoryName'), '/SNK_SYN_PF_ROYALTIES_ADDED_VW_INCR')]",
			"type": "Microsoft.DataFactory/factories/datasets",
			"apiVersion": "2018-06-01",
			"properties": {
				"linkedServiceName": {
					"referenceName": "AzureSynapseAnalytics1",
					"type": "LinkedServiceReference"
				},
				"annotations": [],
				"type": "AzureSqlDWTable",
				"schema": [
					{
						"name": "STATE",
						"type": "nvarchar"
					},
					{
						"name": "ADDEDTAX",
						"type": "decimal",
						"precision": 7,
						"scale": 5
					},
					{
						"name": "ADDITIONALCOLUMN",
						"type": "nvarchar"
					},
					{
						"name": "HASHKEY",
						"type": "varbinary"
					}
				],
				"typeProperties": {
					"schema": "PF",
					"table": "PF_ROYALTIES_ADDED_INCR"
				}
			},
			"dependsOn": []
		},
		{
			"name": "[concat(parameters('factoryName'), '/SNK_SYN_PF_ROYALTIES_FROZEN_prd_INCR')]",
			"type": "Microsoft.DataFactory/factories/datasets",
			"apiVersion": "2018-06-01",
			"properties": {
				"linkedServiceName": {
					"referenceName": "AzureSynapseAnalytics1",
					"type": "LinkedServiceReference"
				},
				"annotations": [],
				"type": "AzureSqlDWTable",
				"schema": [
					{
						"name": "YEARMONTH",
						"type": "nvarchar"
					},
					{
						"name": "ETL_DATE_KEY",
						"type": "decimal",
						"precision": 8,
						"scale": 0
					},
					{
						"name": "CLUB_NUMBER_I",
						"type": "nvarchar"
					},
					{
						"name": "TRANSACTION_COUNT",
						"type": "float",
						"precision": 15
					},
					{
						"name": "INVOICE_PRE_TAX_AMOUNT",
						"type": "float",
						"precision": 15
					},
					{
						"name": "INVOICE_TAX_AMOUNT",
						"type": "float",
						"precision": 15
					},
					{
						"name": "NAF_ANNUAL_PRE_TAX_AMOUNT",
						"type": "float",
						"precision": 15
					},
					{
						"name": "NAF_ANNUAL_TAX_AMOUNT",
						"type": "float",
						"precision": 15
					},
					{
						"name": "REPORT_TYPE",
						"type": "nvarchar"
					},
					{
						"name": "HASHKEY",
						"type": "varbinary"
					}
				],
				"typeProperties": {
					"schema": "PF",
					"table": "ROYALTIES_FROZEN_prd_INCR"
				}
			},
			"dependsOn": []
		},
		{
			"name": "[concat(parameters('factoryName'), '/SNK_SYN_PF_Royalties_tier_prd_INCR')]",
			"type": "Microsoft.DataFactory/factories/datasets",
			"apiVersion": "2018-06-01",
			"properties": {
				"linkedServiceName": {
					"referenceName": "AzureSynapseAnalytics1",
					"type": "LinkedServiceReference"
				},
				"annotations": [],
				"type": "AzureSqlDWTable",
				"schema": [
					{
						"name": "TIER",
						"type": "nvarchar"
					},
					{
						"name": "EFT_ONLY",
						"type": "nvarchar"
					},
					{
						"name": "NONE",
						"type": "decimal",
						"precision": 10,
						"scale": 4
					},
					{
						"name": "X50000",
						"type": "decimal",
						"precision": 10,
						"scale": 4
					},
					{
						"name": "X75000",
						"type": "decimal",
						"precision": 10,
						"scale": 4
					},
					{
						"name": "X100000",
						"type": "decimal",
						"precision": 10,
						"scale": 4
					},
					{
						"name": "X125000",
						"type": "decimal",
						"precision": 10,
						"scale": 4
					},
					{
						"name": "X150000",
						"type": "decimal",
						"precision": 10,
						"scale": 4
					},
					{
						"name": "X175000",
						"type": "decimal",
						"precision": 10,
						"scale": 4
					},
					{
						"name": "X200000",
						"type": "decimal",
						"precision": 11,
						"scale": 4
					},
					{
						"name": "X250000",
						"type": "decimal",
						"precision": 11,
						"scale": 4
					},
					{
						"name": "HASHKEY",
						"type": "varbinary"
					}
				],
				"typeProperties": {
					"schema": "PF",
					"table": "Royalties_tier_prd_INCR"
				}
			},
			"dependsOn": []
		},
		{
			"name": "[concat(parameters('factoryName'), '/SNK_SYN_PF_Royalties_tier_rates_prd_INCR')]",
			"type": "Microsoft.DataFactory/factories/datasets",
			"apiVersion": "2018-06-01",
			"properties": {
				"linkedServiceName": {
					"referenceName": "AzureSynapseAnalytics1",
					"type": "LinkedServiceReference"
				},
				"annotations": [],
				"type": "AzureSqlDWTable",
				"schema": [
					{
						"name": "DATE_KEY",
						"type": "decimal",
						"precision": 8,
						"scale": 0
					},
					{
						"name": "ABC_CLUB_NUMBER",
						"type": "nvarchar"
					},
					{
						"name": "PF_CLUB_NUMBER",
						"type": "nvarchar"
					},
					{
						"name": "CLUB_NAME",
						"type": "nvarchar"
					},
					{
						"name": "CLUB_STATUS",
						"type": "nvarchar"
					},
					{
						"name": "TIER",
						"type": "nvarchar"
					},
					{
						"name": "NAF",
						"type": "nvarchar"
					},
					{
						"name": "PASS_THRU_NAF",
						"type": "nvarchar"
					},
					{
						"name": "WEB_JOINS",
						"type": "decimal",
						"precision": 26,
						"scale": 0
					},
					{
						"name": "PASS_THRU_WEB_JOINS",
						"type": "decimal",
						"precision": 26,
						"scale": 0
					},
					{
						"name": "ROYALTY_TAX_WITHHELD",
						"type": "decimal",
						"precision": 26,
						"scale": 0
					},
					{
						"name": "ADDITIONAL_CHARGE",
						"type": "decimal",
						"precision": 26,
						"scale": 0
					},
					{
						"name": "GRACE_PERIOD_FEES",
						"type": "decimal",
						"precision": 6,
						"scale": 0
					},
					{
						"name": "CHARITABLE_DONATION",
						"type": "decimal",
						"precision": 26,
						"scale": 0
					},
					{
						"name": "WITHHOLDINGS",
						"type": "decimal",
						"precision": 26,
						"scale": 0
					},
					{
						"name": "OPTUM_REIMBURSEMENT_AMOUNT",
						"type": "decimal",
						"precision": 7,
						"scale": 2
					},
					{
						"name": "OPTUM_REIMBURSEMENT_COUNT",
						"type": "decimal",
						"precision": 9,
						"scale": 0
					},
					{
						"name": "HASHKEY",
						"type": "varbinary"
					}
				],
				"typeProperties": {
					"schema": "PF",
					"table": "Royalties_tier_rates_prd_INCR"
				}
			},
			"dependsOn": []
		},
		{
			"name": "[concat(parameters('factoryName'), '/SNK_SYN_PF_SOFT_DECLINES')]",
			"type": "Microsoft.DataFactory/factories/datasets",
			"apiVersion": "2018-06-01",
			"properties": {
				"linkedServiceName": {
					"referenceName": "AzureSynapseAnalytics1",
					"type": "LinkedServiceReference"
				},
				"annotations": [],
				"type": "AzureSqlDWTable",
				"schema": [
					{
						"name": "VPD_ID",
						"type": "float",
						"precision": 15
					},
					{
						"name": "CLUB_NUMBER_I",
						"type": "float",
						"precision": 15
					},
					{
						"name": "SPL_ABC_ID",
						"type": "varchar"
					},
					{
						"name": "A_AGREEMENT_NUMBER",
						"type": "varchar"
					},
					{
						"name": "APM_NAME",
						"type": "varchar"
					},
					{
						"name": "A_OLDEST_NEXT_DUE_DATE",
						"type": "datetime",
						"precision": 23,
						"scale": 3
					},
					{
						"name": "DATE_DUE_START",
						"type": "datetime",
						"precision": 23,
						"scale": 3
					},
					{
						"name": "DATE_DUE_END",
						"type": "datetime",
						"precision": 23,
						"scale": 3
					},
					{
						"name": "NUMBER_OF_MONTHS",
						"type": "float",
						"precision": 15
					},
					{
						"name": "AMOUNT",
						"type": "float",
						"precision": 15
					},
					{
						"name": "M_NAME_LAST",
						"type": "varchar"
					},
					{
						"name": "M_NAME_FIRST",
						"type": "varchar"
					},
					{
						"name": "M_PHONE_HOME",
						"type": "varchar"
					},
					{
						"name": "M_PHONE_CELL",
						"type": "varchar"
					},
					{
						"name": "M_EMAIL",
						"type": "varchar"
					},
					{
						"name": "A_DATE_JOINED",
						"type": "datetime",
						"precision": 23,
						"scale": 3
					},
					{
						"name": "A_EFFECTIVITY_DATE",
						"type": "datetime",
						"precision": 23,
						"scale": 3
					},
					{
						"name": "ATL_ABC_ID",
						"type": "varchar"
					},
					{
						"name": "PROFIT_CENTER",
						"type": "varchar"
					},
					{
						"name": "NEXT_DUE_DATE_INT",
						"type": "float",
						"precision": 15
					},
					{
						"name": "REVERSAL_REASON",
						"type": "varchar"
					},
					{
						"name": "INSERT_TIMESTAMP",
						"type": "datetime",
						"precision": 23,
						"scale": 3
					},
					{
						"name": "AS_OF",
						"type": "date"
					}
				],
				"typeProperties": {
					"schema": "PF",
					"table": "SOFT_DECLINES"
				}
			},
			"dependsOn": []
		},
		{
			"name": "[concat(parameters('factoryName'), '/SNK_SYN_RCM_ABCBILLING_ABCBILLING_CLIENT_PERCENTAGE_INCR')]",
			"type": "Microsoft.DataFactory/factories/datasets",
			"apiVersion": "2018-06-01",
			"properties": {
				"linkedServiceName": {
					"referenceName": "AzureSynapseAnalytics1",
					"type": "LinkedServiceReference"
				},
				"annotations": [],
				"type": "AzureSqlDWTable",
				"schema": [
					{
						"name": "ctl_id",
						"type": "nvarchar"
					},
					{
						"name": "ctl_created",
						"type": "datetime2",
						"scale": 0
					},
					{
						"name": "ctl_modified",
						"type": "datetime2",
						"scale": 0
					},
					{
						"name": "ctl_abbreviation",
						"type": "nvarchar"
					},
					{
						"name": "ctl_code",
						"type": "int",
						"precision": 10
					}
				],
				"typeProperties": {
					"schema": "StgRCM",
					"table": "ABCBILLING_CLIENT_PERCENTAGE_INCR"
				}
			},
			"dependsOn": []
		},
		{
			"name": "[concat(parameters('factoryName'), '/SNK_SYN_RCM_ABCBILLING_ABCBILLING_CLIENT_TRANSACTION_FEE_CONFIG_INCR')]",
			"type": "Microsoft.DataFactory/factories/datasets",
			"apiVersion": "2018-06-01",
			"properties": {
				"linkedServiceName": {
					"referenceName": "AzureSynapseAnalytics1",
					"type": "LinkedServiceReference"
				},
				"annotations": [],
				"type": "AzureSqlDWTable",
				"schema": [
					{
						"name": "ctl_id",
						"type": "nvarchar"
					},
					{
						"name": "ctl_created",
						"type": "datetime2",
						"scale": 0
					},
					{
						"name": "ctl_modified",
						"type": "datetime2",
						"scale": 0
					},
					{
						"name": "ctl_abbreviation",
						"type": "nvarchar"
					},
					{
						"name": "ctl_code",
						"type": "int",
						"precision": 10
					}
				],
				"typeProperties": {
					"schema": "StgRCM",
					"table": "ABCBILLING_CLIENT_TRANSACTION_FEE_CONFIG_INCR"
				}
			},
			"dependsOn": []
		},
		{
			"name": "[concat(parameters('factoryName'), '/SNK_SYN_RCM_ABCBILLING_ABCBILLING_SALES_TAX_RATE_INCR')]",
			"type": "Microsoft.DataFactory/factories/datasets",
			"apiVersion": "2018-06-01",
			"properties": {
				"linkedServiceName": {
					"referenceName": "AzureSynapseAnalytics1",
					"type": "LinkedServiceReference"
				},
				"annotations": [],
				"type": "AzureSqlDWTable",
				"schema": [
					{
						"name": "ctl_id",
						"type": "nvarchar"
					},
					{
						"name": "ctl_created",
						"type": "datetime2",
						"scale": 0
					},
					{
						"name": "ctl_modified",
						"type": "datetime2",
						"scale": 0
					},
					{
						"name": "ctl_abbreviation",
						"type": "nvarchar"
					},
					{
						"name": "ctl_code",
						"type": "int",
						"precision": 10
					}
				],
				"typeProperties": {
					"schema": "StgRCM",
					"table": "ABCBILLING_SALES_TAX_RATE_INCR"
				}
			},
			"dependsOn": []
		},
		{
			"name": "[concat(parameters('factoryName'), '/SNK_SYN_RCM_ABCBILLING_ACH_RETURN_Event_INCR')]",
			"type": "Microsoft.DataFactory/factories/datasets",
			"apiVersion": "2018-06-01",
			"properties": {
				"linkedServiceName": {
					"referenceName": "AzureSynapseAnalytics1",
					"type": "LinkedServiceReference"
				},
				"annotations": [],
				"type": "AzureSqlDWTable",
				"schema": [
					{
						"name": "ctl_id",
						"type": "nvarchar"
					},
					{
						"name": "ctl_created",
						"type": "datetime2",
						"scale": 0
					},
					{
						"name": "ctl_modified",
						"type": "datetime2",
						"scale": 0
					},
					{
						"name": "ctl_abbreviation",
						"type": "nvarchar"
					},
					{
						"name": "ctl_code",
						"type": "int",
						"precision": 10
					}
				],
				"typeProperties": {
					"schema": "StgRCM",
					"table": "ABCBILLING_ACH_RETURN_EVENT_INCR"
				}
			},
			"dependsOn": []
		},
		{
			"name": "[concat(parameters('factoryName'), '/SNK_SYN_RCM_ABCBILLING_ACH_RETURN_INCR')]",
			"type": "Microsoft.DataFactory/factories/datasets",
			"apiVersion": "2018-06-01",
			"properties": {
				"linkedServiceName": {
					"referenceName": "AzureSynapseAnalytics1",
					"type": "LinkedServiceReference"
				},
				"annotations": [],
				"type": "AzureSqlDWTable",
				"schema": [
					{
						"name": "ctl_id",
						"type": "nvarchar"
					},
					{
						"name": "ctl_created",
						"type": "datetime2",
						"scale": 0
					},
					{
						"name": "ctl_modified",
						"type": "datetime2",
						"scale": 0
					},
					{
						"name": "ctl_abbreviation",
						"type": "nvarchar"
					},
					{
						"name": "ctl_code",
						"type": "int",
						"precision": 10
					}
				],
				"typeProperties": {
					"schema": "StgRCM",
					"table": "ABCBILLING_ACH_RETURN_INCR"
				}
			},
			"dependsOn": []
		}
	]
}