{
	"$schema": "http://schema.management.azure.com/schemas/2015-01-01/deploymentTemplate.json#",
	"contentVersion": "1.0.0.0",
	"parameters": {
		"factoryName": {
			"type": "string",
			"metadata": "Data Factory name",
			"defaultValue": "PlanetFitnessDF"
		}
	},
	"variables": {
		"factoryId": "[concat('Microsoft.DataFactory/factories/', parameters('factoryName'))]"
	},
	"resources": [
		{
			"name": "[concat(parameters('factoryName'), '/SNK_RPT_NZ_AMENITY_DIM')]",
			"type": "Microsoft.DataFactory/factories/datasets",
			"apiVersion": "2018-06-01",
			"properties": {
				"linkedServiceName": {
					"referenceName": "AzureSynapsePool",
					"type": "LinkedServiceReference"
				},
				"annotations": [],
				"type": "AzureSqlDWTable",
				"schema": [
					{
						"name": "AMENITY_DESC",
						"type": "varchar"
					},
					{
						"name": "AMENITY_STATUS",
						"type": "varchar"
					},
					{
						"name": "AMENITY_CATEGORY",
						"type": "varchar"
					},
					{
						"name": "TOTALAMENITYCOUNT",
						"type": "bigint",
						"precision": 19
					},
					{
						"name": "INSERTDATE",
						"type": "datetime",
						"precision": 23,
						"scale": 3
					}
				],
				"typeProperties": {
					"schema": "DAILYCOUNTS",
					"table": "RPT_NZ_AMENITY_DIM"
				}
			},
			"dependsOn": []
		},
		{
			"name": "[concat(parameters('factoryName'), '/SNK_RPT_NZ_CATALOGUE_ITEM_DIM')]",
			"type": "Microsoft.DataFactory/factories/datasets",
			"apiVersion": "2018-06-01",
			"properties": {
				"linkedServiceName": {
					"referenceName": "AzureSynapsePool",
					"type": "LinkedServiceReference"
				},
				"annotations": [],
				"type": "AzureSqlDWTable",
				"schema": [
					{
						"name": "CATALOGUE_ITEM_SNK",
						"type": "varchar"
					},
					{
						"name": "ITEM_NAME",
						"type": "varchar"
					},
					{
						"name": "ACTIVE_FLAG",
						"type": "int",
						"precision": 10
					},
					{
						"name": "PROFIT_CENTER_GROUP",
						"type": "varchar"
					},
					{
						"name": "TOTALCOUNT",
						"type": "bigint",
						"precision": 19
					}
				],
				"typeProperties": {
					"schema": "DAILYCOUNTS",
					"table": "RPT_NZ_CATALOGUE_ITEM_DIM"
				}
			},
			"dependsOn": []
		},
		{
			"name": "[concat(parameters('factoryName'), '/SNK_RPT_NZ_CATALOGUE_ITEM_SALES_FACT')]",
			"type": "Microsoft.DataFactory/factories/datasets",
			"apiVersion": "2018-06-01",
			"properties": {
				"linkedServiceName": {
					"referenceName": "AzureSynapsePool",
					"type": "LinkedServiceReference"
				},
				"annotations": [],
				"type": "AzureSqlDWTable",
				"schema": [
					{
						"name": "MEMBER_SNK",
						"type": "bigint",
						"precision": 19
					},
					{
						"name": "CLUB_SNK",
						"type": "bigint",
						"precision": 19
					},
					{
						"name": "CATALOGUE_ITEM_SNK",
						"type": "bigint",
						"precision": 19
					},
					{
						"name": "TRANSACTION_DATE",
						"type": "datetime",
						"precision": 23,
						"scale": 3
					},
					{
						"name": "INCOME_TOTAL",
						"type": "decimal",
						"precision": 38,
						"scale": 2
					},
					{
						"name": "TOTALFACTCATALOGUEITEMSALESCOUNT",
						"type": "bigint",
						"precision": 19
					}
				],
				"typeProperties": {
					"schema": "DAILYCOUNTS",
					"table": "RPT_NZ_CATALOGUE_ITEM_SALES_FACT"
				}
			},
			"dependsOn": []
		},
		{
			"name": "[concat(parameters('factoryName'), '/SNK_RPT_NZ_CHECKIN_ALERT_DIM')]",
			"type": "Microsoft.DataFactory/factories/datasets",
			"apiVersion": "2018-06-01",
			"properties": {
				"linkedServiceName": {
					"referenceName": "AzureSynapsePool",
					"type": "LinkedServiceReference"
				},
				"annotations": [],
				"type": "AzureSqlDWTable",
				"schema": [
					{
						"name": "CHECK_IN_ALERT",
						"type": "varchar"
					},
					{
						"name": "CHECK_IN_ALERT_DESCRIPTION",
						"type": "varchar"
					},
					{
						"name": "TOTALCOUNT",
						"type": "bigint",
						"precision": 19
					}
				],
				"typeProperties": {
					"schema": "DAILYCOUNTS",
					"table": "RPT_NZ_CHECKIN_ALERT_DIM"
				}
			},
			"dependsOn": []
		},
		{
			"name": "[concat(parameters('factoryName'), '/SNK_RPT_NZ_CHECKIN_ENTRY_CODE_LKUP')]",
			"type": "Microsoft.DataFactory/factories/datasets",
			"apiVersion": "2018-06-01",
			"properties": {
				"linkedServiceName": {
					"referenceName": "AzureSynapsePool",
					"type": "LinkedServiceReference"
				},
				"annotations": [],
				"type": "AzureSqlDWTable",
				"schema": [
					{
						"name": "CHECKIN_ENTRY_STATUS_CODE",
						"type": "varchar"
					},
					{
						"name": "CHECKIN_ENTRY_STATUS_CODE_DESCRIPTION",
						"type": "varchar"
					},
					{
						"name": "TOTALCOUNT",
						"type": "bigint",
						"precision": 19
					},
					{
						"name": "INSERTDATE",
						"type": "datetime",
						"precision": 23,
						"scale": 3
					}
				],
				"typeProperties": {
					"schema": "DAILYCOUNTS",
					"table": "RPT_NZ_CHECKIN_ENTRY_CODE_LKUP"
				}
			},
			"dependsOn": []
		},
		{
			"name": "[concat(parameters('factoryName'), '/SNK_RPT_NZ_CORPORATE_MEMBERSHIP_PROMO_CODES_LKUP')]",
			"type": "Microsoft.DataFactory/factories/datasets",
			"apiVersion": "2018-06-01",
			"properties": {
				"linkedServiceName": {
					"referenceName": "AzureSynapsePool",
					"type": "LinkedServiceReference"
				},
				"annotations": [],
				"type": "AzureSqlDWTable",
				"schema": [
					{
						"name": "COMPANY_NAME",
						"type": "varchar"
					},
					{
						"name": "PROMO_CODE",
						"type": "varchar"
					},
					{
						"name": "PAY_TYPE",
						"type": "varchar"
					},
					{
						"name": "TOTALCOUNT",
						"type": "bigint",
						"precision": 19
					}
				],
				"typeProperties": {
					"schema": "DAILYCOUNTS",
					"table": "RPT_NZ_CORPORATE_MEMBERSHIP_PROMO_CODES_LKUP"
				}
			},
			"dependsOn": []
		},
		{
			"name": "[concat(parameters('factoryName'), '/SNK_RPT_NZ_INVOICE_TYPE_LKUP')]",
			"type": "Microsoft.DataFactory/factories/datasets",
			"apiVersion": "2018-06-01",
			"properties": {
				"linkedServiceName": {
					"referenceName": "AzureSynapsePool",
					"type": "LinkedServiceReference"
				},
				"annotations": [],
				"type": "AzureSqlDWTable",
				"schema": [
					{
						"name": "INVOICE_TYPE",
						"type": "varchar"
					},
					{
						"name": "INVOICE_TYPE_DESCRIPTION",
						"type": "varchar"
					},
					{
						"name": "TOTALINVOICECOUNT",
						"type": "bigint",
						"precision": 19
					},
					{
						"name": "INSERTDATE",
						"type": "datetime",
						"precision": 23,
						"scale": 3
					}
				],
				"typeProperties": {
					"schema": "DAILYCOUNTS",
					"table": "RPT_NZ_INVOICE_TYPE_LKUP"
				}
			},
			"dependsOn": []
		},
		{
			"name": "[concat(parameters('factoryName'), '/SNK_RPT_NZ_MEMBER_ACTIONS_FACT')]",
			"type": "Microsoft.DataFactory/factories/datasets",
			"apiVersion": "2018-06-01",
			"properties": {
				"linkedServiceName": {
					"referenceName": "AzureSynapsePool",
					"type": "LinkedServiceReference"
				},
				"annotations": [],
				"type": "AzureSqlDWTable",
				"schema": [
					{
						"name": "MEMBER_ACTIONS_FACT_UID",
						"type": "varchar"
					},
					{
						"name": "MEMBER_ACTIONS_SID",
						"type": "bigint",
						"precision": 19
					},
					{
						"name": "MEMBER_ACTIONS_FACT_SID",
						"type": "bigint",
						"precision": 19
					},
					{
						"name": "SRC_MEMBER_ACTIONS_SID",
						"type": "bigint",
						"precision": 19
					},
					{
						"name": "MEMBER_SID",
						"type": "bigint",
						"precision": 19
					},
					{
						"name": "CLUB_SID",
						"type": "bigint",
						"precision": 19
					},
					{
						"name": "ACTION_DATE_SID",
						"type": "bigint",
						"precision": 19
					},
					{
						"name": "ACTION_TIME_SID",
						"type": "bigint",
						"precision": 19
					},
					{
						"name": "STATUS_CODE_SID",
						"type": "bigint",
						"precision": 19
					},
					{
						"name": "OLD_CLUB_SID",
						"type": "bigint",
						"precision": 19
					},
					{
						"name": "OLD_MEMBER_SID",
						"type": "bigint",
						"precision": 19
					},
					{
						"name": "MEMBER_TYPE_SID",
						"type": "bigint",
						"precision": 19
					},
					{
						"name": "CONVERT_TO_MEMBER_TYPE_SID",
						"type": "bigint",
						"precision": 19
					},
					{
						"name": "ADD_TYPE_SID",
						"type": "bigint",
						"precision": 19
					},
					{
						"name": "OFFER_SID",
						"type": "bigint",
						"precision": 19
					},
					{
						"name": "OFFER_SNK",
						"type": "bigint",
						"precision": 19
					},
					{
						"name": "MEMBER_SNK",
						"type": "bigint",
						"precision": 19
					},
					{
						"name": "CLUB_SNK",
						"type": "bigint",
						"precision": 19
					},
					{
						"name": "OLD_MEMBER_SNK",
						"type": "bigint",
						"precision": 19
					},
					{
						"name": "OLD_CLUB_SNK",
						"type": "bigint",
						"precision": 19
					},
					{
						"name": "REASON_FOR_ACTION",
						"type": "varchar"
					},
					{
						"name": "GROWTH_EFT",
						"type": "real",
						"precision": 7
					},
					{
						"name": "GROWTH_EFT_TAX",
						"type": "real",
						"precision": 7
					},
					{
						"name": "ACTION_COUNT",
						"type": "int",
						"precision": 10
					},
					{
						"name": "SRC_SYS_ID",
						"type": "int",
						"precision": 10
					},
					{
						"name": "MEMBER_PAYMENT_FREQUENCY_CODE",
						"type": "varchar"
					},
					{
						"name": "PREVIOUS_MEMBER_PAYMENT_FREQUENCY_CODE",
						"type": "varchar"
					},
					{
						"name": "MEMBER_NUMBER_UNIQUE",
						"type": "varchar"
					},
					{
						"name": "CLUB_NUMBER",
						"type": "varchar"
					},
					{
						"name": "SERVICE_DATE_TIME",
						"type": "datetime2",
						"scale": 0
					},
					{
						"name": "TYPE_OF_ACTION",
						"type": "varchar"
					},
					{
						"name": "ETL_LOAD_DATE",
						"type": "datetime2",
						"scale": 0
					},
					{
						"name": "ETL_UPDATE_DATE",
						"type": "datetime2",
						"scale": 0
					},
					{
						"name": "ETL_USER_ID",
						"type": "varchar"
					},
					{
						"name": "MEMBER_SID_OLD",
						"type": "bigint",
						"precision": 19
					},
					{
						"name": "OLD_MEMBER_SID_OLD",
						"type": "bigint",
						"precision": 19
					},
					{
						"name": "GROWTH_EFT_USD",
						"type": "real",
						"precision": 7
					},
					{
						"name": "GROWTH_EFT_TAX_USD",
						"type": "real",
						"precision": 7
					},
					{
						"name": "IS_CONSOLE_UPGRADE",
						"type": "int",
						"precision": 10
					},
					{
						"name": "IS_ONLINE_CANCEL",
						"type": "int",
						"precision": 10
					},
					{
						"name": "DEACTIVATION_DATE",
						"type": "date"
					},
					{
						"name": "FREEZE_START_DATE",
						"type": "date"
					},
					{
						"name": "FREEZE_END_DATE",
						"type": "date"
					},
					{
						"name": "LOAD_TYPE",
						"type": "varchar"
					},
					{
						"name": "INGESTION_TIMESTAMP",
						"type": "datetime2",
						"scale": 0
					},
					{
						"name": "DW_ROW_HASH",
						"type": "decimal",
						"precision": 19,
						"scale": 0
					},
					{
						"name": "DW_DML_FLAG",
						"type": "varchar"
					},
					{
						"name": "DW_CREATED_DATE",
						"type": "datetime2",
						"scale": 0
					},
					{
						"name": "DW_UPDATED_DATE",
						"type": "datetime2",
						"scale": 0
					},
					{
						"name": "DW_START_EFFECTIVE_DATE",
						"type": "datetime2",
						"scale": 0
					},
					{
						"name": "DW_END_EFFECTIVE_DATE",
						"type": "datetime2",
						"scale": 0
					},
					{
						"name": "DW_IS_CURRENT",
						"type": "bit"
					},
					{
						"name": "DW_IS_ACTIVE",
						"type": "bit"
					},
					{
						"name": "DW_IS_SOFT_DELETE",
						"type": "bit"
					},
					{
						"name": "DW_IS_TEST_DATA",
						"type": "bit"
					},
					{
						"name": "DW_SRC_VERSION_ID",
						"type": "varchar"
					},
					{
						"name": "DW_LINEAGE_ID",
						"type": "varchar"
					},
					{
						"name": "DW_MODIFIED_BY_USER",
						"type": "varchar"
					},
					{
						"name": "DW_MODIFIED_BY_SCM_TASK_ID",
						"type": "varchar"
					},
					{
						"name": "DW_MODIFIED_BY_SCM_CASE",
						"type": "varchar"
					},
					{
						"name": "INSERTDATE",
						"type": "datetime",
						"precision": 23,
						"scale": 3
					}
				],
				"typeProperties": {
					"schema": "DAILYCOUNTS",
					"table": "RPT_NZ_MEMBER_ACTIONS_FACT"
				}
			},
			"dependsOn": []
		},
		{
			"name": "[concat(parameters('factoryName'), '/SNK_RPT_NZ_MEMBER_ACTIONS_FACT_TYPE')]",
			"type": "Microsoft.DataFactory/factories/datasets",
			"apiVersion": "2018-06-01",
			"properties": {
				"linkedServiceName": {
					"referenceName": "AzureSynapsePool",
					"type": "LinkedServiceReference"
				},
				"annotations": [],
				"type": "AzureSqlDWTable",
				"schema": [
					{
						"name": "CLUB_NUMBER",
						"type": "varchar"
					},
					{
						"name": "ACTION_DATE_SID",
						"type": "int",
						"precision": 10
					},
					{
						"name": "TYPE_OF_ACTION",
						"type": "varchar"
					},
					{
						"name": "ACTIONTYPECOUNT",
						"type": "bigint",
						"precision": 19
					},
					{
						"name": "INSERTDATE",
						"type": "datetime",
						"precision": 23,
						"scale": 3
					}
				],
				"typeProperties": {
					"schema": "DAILYCOUNTS",
					"table": "RPT_NZ_MEMBER_ACTIONS_FACT_TYPE"
				}
			},
			"dependsOn": []
		},
		{
			"name": "[concat(parameters('factoryName'), '/SNK_RPT_NZ_MEMBER_DIM_ADD_TYPE')]",
			"type": "Microsoft.DataFactory/factories/datasets",
			"apiVersion": "2018-06-01",
			"properties": {
				"linkedServiceName": {
					"referenceName": "AzureSynapsePool",
					"type": "LinkedServiceReference"
				},
				"annotations": [],
				"type": "AzureSqlDWTable",
				"schema": [
					{
						"name": "ADD_TYPE",
						"type": "varchar"
					},
					{
						"name": "MEMADDCOUNT",
						"type": "bigint",
						"precision": 19
					},
					{
						"name": "INSERTDATE",
						"type": "datetime",
						"precision": 23,
						"scale": 3
					}
				],
				"typeProperties": {
					"schema": "DAILYCOUNTS",
					"table": "RPT_NZ_MEMBER_DIM_ADD_TYPE"
				}
			},
			"dependsOn": []
		},
		{
			"name": "[concat(parameters('factoryName'), '/SNK_RPT_NZ_MEMBER_DIM_BIG_MEMBER')]",
			"type": "Microsoft.DataFactory/factories/datasets",
			"apiVersion": "2018-06-01",
			"properties": {
				"linkedServiceName": {
					"referenceName": "AzureSynapsePool",
					"type": "LinkedServiceReference"
				},
				"annotations": [],
				"type": "AzureSqlDWTable",
				"schema": [
					{
						"name": "MEMBER_TYPE",
						"type": "varchar"
					},
					{
						"name": "ADD_TYPE",
						"type": "varchar"
					},
					{
						"name": "CLUB_NUMBER",
						"type": "varchar"
					},
					{
						"name": "PAYMENT_MODE",
						"type": "varchar"
					},
					{
						"name": "STATUS_CODE",
						"type": "varchar"
					},
					{
						"name": "MEMCLUBCOUNT",
						"type": "bigint",
						"precision": 19
					},
					{
						"name": "INSERTDATE",
						"type": "datetime",
						"precision": 23,
						"scale": 3
					}
				],
				"typeProperties": {
					"schema": "DAILYCOUNTS",
					"table": "RPT_NZ_MEMBER_DIM_BIG_MEMBER"
				}
			},
			"dependsOn": []
		},
		{
			"name": "[concat(parameters('factoryName'), '/SNK_RPT_NZ_MEMBER_DIM_COUNT')]",
			"type": "Microsoft.DataFactory/factories/datasets",
			"apiVersion": "2018-06-01",
			"properties": {
				"linkedServiceName": {
					"referenceName": "AzureSynapsePool",
					"type": "LinkedServiceReference"
				},
				"annotations": [],
				"type": "AzureSqlDWTable",
				"schema": [
					{
						"name": "MEMBER_NUMBER_UNIQUE",
						"type": "varchar"
					},
					{
						"name": "ADD_TYPE",
						"type": "varchar"
					},
					{
						"name": "STATUS_CODE",
						"type": "varchar"
					},
					{
						"name": "IS_ACTIVE",
						"type": "smallint",
						"precision": 5
					},
					{
						"name": "TOTALCOUNT",
						"type": "bigint",
						"precision": 19
					},
					{
						"name": "INSERTDATE",
						"type": "datetime",
						"precision": 23,
						"scale": 3
					}
				],
				"typeProperties": {
					"schema": "DAILYCOUNTS",
					"table": "RPT_NZ_MEMBER_DIM_COUNT"
				}
			},
			"dependsOn": []
		},
		{
			"name": "[concat(parameters('factoryName'), '/SNK_RPT_NZ_MEMBER_DIM_MEMBER_TYPE')]",
			"type": "Microsoft.DataFactory/factories/datasets",
			"apiVersion": "2018-06-01",
			"properties": {
				"linkedServiceName": {
					"referenceName": "AzureSynapsePool",
					"type": "LinkedServiceReference"
				},
				"annotations": [],
				"type": "AzureSqlDWTable",
				"schema": [
					{
						"name": "MEMBER_TYPE",
						"type": "varchar"
					},
					{
						"name": "MEMTYPECOUNT",
						"type": "bigint",
						"precision": 19
					},
					{
						"name": "INSERTDATE",
						"type": "datetime",
						"precision": 23,
						"scale": 3
					}
				],
				"typeProperties": {
					"schema": "DAILYCOUNTS",
					"table": "RPT_NZ_MEMBER_DIM_MEMBER_TYPE"
				}
			},
			"dependsOn": []
		},
		{
			"name": "[concat(parameters('factoryName'), '/SNK_RPT_NZ_MEMBER_DIM_MONTHLY_DUES')]",
			"type": "Microsoft.DataFactory/factories/datasets",
			"apiVersion": "2018-06-01",
			"properties": {
				"linkedServiceName": {
					"referenceName": "AzureSynapsePool",
					"type": "LinkedServiceReference"
				},
				"annotations": [],
				"type": "AzureSqlDWTable",
				"schema": [
					{
						"name": "MONTHDUESUM",
						"type": "real",
						"precision": 7
					},
					{
						"name": "INSERTDATE",
						"type": "datetime",
						"precision": 23,
						"scale": 3
					}
				],
				"typeProperties": {
					"schema": "DAILYCOUNTS",
					"table": "RPT_NZ_MEMBER_DIM_MONTHLY_DUES"
				}
			},
			"dependsOn": []
		},
		{
			"name": "[concat(parameters('factoryName'), '/SNK_RPT_NZ_MEMBER_DIM_PAYMENT_TYPE')]",
			"type": "Microsoft.DataFactory/factories/datasets",
			"apiVersion": "2018-06-01",
			"properties": {
				"linkedServiceName": {
					"referenceName": "AzureSynapsePool",
					"type": "LinkedServiceReference"
				},
				"annotations": [],
				"type": "AzureSqlDWTable",
				"schema": [
					{
						"name": "PAYMENT_MODE",
						"type": "varchar"
					},
					{
						"name": "MEMPAYMENTCOUNT",
						"type": "bigint",
						"precision": 19
					},
					{
						"name": "INSERTDATE",
						"type": "datetime",
						"precision": 23,
						"scale": 3
					}
				],
				"typeProperties": {
					"schema": "DAILYCOUNTS",
					"table": "RPT_NZ_MEMBER_DIM_PAYMENT_TYPE"
				}
			},
			"dependsOn": []
		},
		{
			"name": "[concat(parameters('factoryName'), '/SNK_RPT_NZ_MEMBER_INVOICES_FACT')]",
			"type": "Microsoft.DataFactory/factories/datasets",
			"apiVersion": "2018-06-01",
			"properties": {
				"linkedServiceName": {
					"referenceName": "AzureSynapsePool",
					"type": "LinkedServiceReference"
				},
				"annotations": [],
				"type": "AzureSqlDWTable",
				"schema": [
					{
						"name": "MEMBER_NUMBER_UNIQUE",
						"type": "varchar"
					},
					{
						"name": "INVOICE_TYPE",
						"type": "varchar"
					},
					{
						"name": "INVOICE_AMOUNT",
						"type": "decimal",
						"precision": 38,
						"scale": 2
					},
					{
						"name": "TOTALFACTMEMBERINVOICESCOUNT",
						"type": "bigint",
						"precision": 19
					},
					{
						"name": "INSERTDATE",
						"type": "datetime",
						"precision": 23,
						"scale": 3
					}
				],
				"typeProperties": {
					"schema": "DAILYCOUNTS",
					"table": "RPT_NZ_MEMBER_INVOICES_FACT"
				}
			},
			"dependsOn": []
		},
		{
			"name": "[concat(parameters('factoryName'), '/SNK_RPT_NZ_MEMBER_USAGE_FACT')]",
			"type": "Microsoft.DataFactory/factories/datasets",
			"apiVersion": "2018-06-01",
			"properties": {
				"linkedServiceName": {
					"referenceName": "AzureSynapsePool",
					"type": "LinkedServiceReference"
				},
				"annotations": [],
				"type": "AzureSqlDWTable",
				"schema": [
					{
						"name": "MEMBER_NUMBER_UNIQUE",
						"type": "varchar"
					},
					{
						"name": "HOME_CLUB_SNK",
						"type": "bigint",
						"precision": 19
					},
					{
						"name": "VISIT_DATE_TIME",
						"type": "datetime",
						"precision": 23,
						"scale": 3
					},
					{
						"name": "TYPE_OF_CHECKIN_OR_AMENITY",
						"type": "varchar"
					},
					{
						"name": "TOTALMEMBERUSAGECOUNT",
						"type": "bigint",
						"precision": 19
					},
					{
						"name": "INSERTDATE",
						"type": "datetime",
						"precision": 23,
						"scale": 3
					}
				],
				"typeProperties": {
					"schema": "DAILYCOUNTS",
					"table": "RPT_NZ_MEMBER_USAGE_FACT"
				}
			},
			"dependsOn": []
		},
		{
			"name": "[concat(parameters('factoryName'), '/SNK_RPT_NZ_OFFER_DIM')]",
			"type": "Microsoft.DataFactory/factories/datasets",
			"apiVersion": "2018-06-01",
			"properties": {
				"linkedServiceName": {
					"referenceName": "AzureSynapsePool",
					"type": "LinkedServiceReference"
				},
				"annotations": [],
				"type": "AzureSqlDWTable",
				"schema": [
					{
						"name": "OFFER_SNK",
						"type": "varchar"
					},
					{
						"name": "MEMBER_TYPE_SID",
						"type": "varchar"
					},
					{
						"name": "SPECIAL_OFFER_ID",
						"type": "varchar"
					},
					{
						"name": "TOTAOFFERLCOUNT",
						"type": "bigint",
						"precision": 19
					},
					{
						"name": "INSERTDATE",
						"type": "datetime",
						"precision": 23,
						"scale": 3
					}
				],
				"typeProperties": {
					"schema": "DAILYCOUNTS",
					"table": "RPT_NZ_OFFER_DIM"
				}
			},
			"dependsOn": []
		},
		{
			"name": "[concat(parameters('factoryName'), '/SNK_RPT_NZ_PAYMENT_CODE_DIM')]",
			"type": "Microsoft.DataFactory/factories/datasets",
			"apiVersion": "2018-06-01",
			"properties": {
				"linkedServiceName": {
					"referenceName": "AzureSynapsePool",
					"type": "LinkedServiceReference"
				},
				"annotations": [],
				"type": "AzureSqlDWTable",
				"schema": [
					{
						"name": "PAYMENT_CODE",
						"type": "varchar"
					},
					{
						"name": "PAYMENT_CODE_DESC",
						"type": "varchar"
					},
					{
						"name": "PAYMENT_CODE_TYPE",
						"type": "varchar"
					},
					{
						"name": "TOTALPAYMENTCOUNT",
						"type": "bigint",
						"precision": 19
					},
					{
						"name": "INSERTDATE",
						"type": "datetime",
						"precision": 23,
						"scale": 3
					}
				],
				"typeProperties": {
					"schema": "DAILYCOUNTS",
					"table": "RPT_NZ_PAYMENT_CODE_DIM"
				}
			},
			"dependsOn": []
		},
		{
			"name": "[concat(parameters('factoryName'), '/SNK_RPT_NZ_PROFIT_CENTER_DIM')]",
			"type": "Microsoft.DataFactory/factories/datasets",
			"apiVersion": "2018-06-01",
			"properties": {
				"linkedServiceName": {
					"referenceName": "AzureSynapsePool",
					"type": "LinkedServiceReference"
				},
				"annotations": [],
				"type": "AzureSqlDWTable",
				"schema": [
					{
						"name": "PROFIT_CENTER_CODE",
						"type": "varchar"
					},
					{
						"name": "PROFIT_CENTER_CODE_DESC",
						"type": "varchar"
					},
					{
						"name": "PROFIT_CENTER_GROUP",
						"type": "varchar"
					},
					{
						"name": "TOTALPROFITCENTERCOUNT",
						"type": "bigint",
						"precision": 19
					},
					{
						"name": "INSERTDATE",
						"type": "datetime",
						"precision": 23,
						"scale": 3
					}
				],
				"typeProperties": {
					"schema": "DAILYCOUNTS",
					"table": "RPT_NZ_PROFIT_CENTER_DIM"
				}
			},
			"dependsOn": []
		}
	]
}